TAP_service,table_name,objects,description
VizieR,V/164/stellar5,700623,"A, F, G and K type stars catalog ( Luo A.-L., Zhao Y.-H., Zhao G., et al.)"
VizieR,J/A+A/683/A112/lqac6,574033,"6th release of LQAC ( Souchay J., Secrest N., Sexton R., Barache C.)"
VizieR,II/377/master,533508,Main catalog (source indices and coordinates from various individual catalogs) ( Vaccari M.)
VizieR,J/ApJS/223/20/spec,351545,"Morphological catalog of SDSS objects with spectra ( Kuminski E., Shamir L.)"
VizieR,V/164/dr5,201216,"LAMOST DR5 catalog (04/07/2019 version) ( Luo A.-L., Zhao Y.-H., Zhao G., et al.)"
VizieR,J/MNRAS/474/4151/wigglez,198867,"The WiggleZ catalogue ( Drinkwater M.J., Byrne Z.J., Blake C., et al.)"
VizieR,III/272/ravedr4,179217,"RAVE catalog, DR4 ( Kordopatis G., Gilmore G., Steinmetz M., et al.)"
VizieR,III/283/ravedr6,151907,"RAVE DR6 master file and classification and observation diagnostic data (ravedr6.dr6_sparv, ravedr6.dr6_classification and ravedr6.dr6_obsdata) ( Steinmetz M., Matijevic G., Enke H., et al.)"
VizieR,V/146/dr1,137765,"LAMOST DR1 catalog (31/03/2016 version) ( Luo A.-L., Zhao Y.-H., Zhao G., et al.)"
VizieR,J/MNRAS/480/1022/table2,132003,"Source catalogue ( Yang G., Brandt W.N., Darvish B., Chen C.-T.J., Vito F., Alexander D.M., Bauer F.E., Trump J.R.)"
VizieR,J/MNRAS/513/439/gamadr4,98444,"SpecAll table of GAMA-DR4 spectrum catalog ( Driver S.P., Bellstedt S., Robotham A.S.G., et al.)"
VizieR,V/149/dr2,65112,"LAMOST DR2 catalog (30/06/2016 version) ( Luo A.-L., Zhao Y.-H., Zhao G., et al.)"
VizieR,J/MNRAS/348/866/2dfsgpga,63709,"Galaxies used for group-finding in the SGP ( Eke V.R., Baugh C.M., Cole S., et al.)"
VizieR,J/A+A/683/A203/vipers,62318,"Spectroscopic measurements ( Pistis F., Pollo A., Figueira M., Vergani D., Hamed M., Malek K., Durkalec A., Donevski D., Salim S., Iovino A., Pearson W.J., Romano M., Scodeggio M.)"
VizieR,J/MNRAS/348/866/2dfngpga,42768,"Galaxies used for group-finding in the NGP ( Eke V.R., Baugh C.M., Cole S., et al.)"
VizieR,J/ApJ/943/177/sources,37686,"*Source observation table (from hetdex_sc1_v3.2.ecsv) ( Mentuch Cooper E., Gebhardt K., Davis D., et al.)"
VizieR,J/ApJS/244/27/lamostMRS,32332,"The LAMOST medium-resolution radial velocities catalog (LAMOST MRS RV) ( Wang R., Luo A.-L., Chen J.-J., et al.)"
VizieR,J/AJ/141/97/catalog,28460,"The catalog of spectroscopic M dwarfs ( West A.A., Morgan D.P., Bochanski J.J., et al.)"
VizieR,J/ApJS/253/56/clusters,27721,"Galaxy clusters catalog (see Table 2) ( Zou H., Gao J., Xu X., Zhou X., Ma J., Zhou Z., Zhang T., Nie J., Wang J., Xue S.)"
VizieR,J/MNRAS/462/3146/hdr1cat,24438,"HATLAS DR1 Catalogue ( Valiante E., Smith M.W.L., Eales S., Maddox S.J., Ibar E., Hopwood R., Dunne L., Cigan P.J., Dye S., Pascale E., Rigby E.E., Bourne N., Furlanetto C., Ivison R.J.)"
VizieR,V/137D/XHIP,21788,"XHIP catalog: astrometry, spectrography, space motions, exoplanets, photometry, and references ( Anderson E., Francis C.)"
VizieR,J/ApJ/801/97/uds,21587,"UDS field stellar masses and  other physical parameters ( Santini P., Ferguson H.C., Fontana A., et al.)"
VizieR,J/A+A/530/A31/table1,21464,"Parameters from the RAVE pipeline for all fields ( Lane R.R., Kiss L.L., Lewis G.F., Ibata R.A., Siebert A., Bedding T.R., Szekely P., Szabo G.M.)"
VizieR,J/ApJS/231/7/vics82,20655,"*Full VICS82 catalogue limited to Ks<22 AB mag ( Geach J.E., Lin Y.-T., Makler M., Kneib J.-P., Ross N.P., Wang W.-H., Hsieh B.-C., Leauthaud A., Bundy K., McCracken H.J., Comparat J., Caminha G.B., Hudelot P., Lin L., Van Waerbeke L., Pereira M.E.S., Mast D.)"
VizieR,J/ApJ/801/97/goodss,20376,"GOODS-S field stellar masses and  other physical parameters ( Santini P., Ferguson H.C., Fontana A., et al.)"
VizieR,J/A+A/602/A100/table2,18858,"Catalog of galaxy groups ( Tempel E., Tuvikene T., Kipper R., Libeskind N.I.)"
VizieR,VII/259/spectra,17478,"Table of spectral observations ( Jones D.H., Read M.A., Saunders W., et al.)"
HEASARC,lcrscat,14208,Las Campanas Redshift Survey Catalog
VizieR,V/153/astars4,12525,"A type stars catalog ( Luo A.-L., Zhao Y.-H., Zhao G., et al.)"
VizieR,V/153/dr4,12096,"LAMOST DR4 catalog (09/08/2018 version) ( Luo A.-L., Zhao Y.-H., Zhao G., et al.)"
VizieR,J/A+A/559/A14/f22wide,9439,"Search in F22_WIDE field AND MagI between -100 and 100 AND Spectroscopic Redshift > 0 ( Le Fevre O., Cassata P., Cucciati O., et al.)"
VizieR,J/ApJ/725/L186/table2,9110,"Observed and derived properties of our SEGUE stars ( Dierickx M., Klement R., Rix H.-W., Liu C.)"
HEASARC,iraspscz,8960,IRAS Point Source Catalog Redshift (PSCz) Catalog
VizieR,J/A+A/542/A48/ambredr1,8681,"Atmospheric Parameters and Chemical Abundances from Stellar Spectra, Version 1 ( Worley C.C., de Laverny P., Recio-Blanco A., Hill V., Bijaoui A., Ordenovic C.)"
HEASARC,arxa,8266,Atlas of Radio/X-Ray Associations (ARXA)
VizieR,J/A+A/638/A27/database,8128,"*Individual measurements of radial velocities of the 10702 galaxies (table2) ( Quintana H., Proust D., Dunner R., Carrasco E.R., Reisenegger A.)"
VizieR,J/MNRAS/444/147/tablea1,7723,The CAMIRA SDSS DR8 cluster catalogue ( Oguri M.)
VizieR,J/MNRAS/500/1003/table1,7645,"The 21661 clusters of galaxies identified from the HSC-SSP x unWISE data ( Wen Z.L., Han J.L.)"
VizieR,J/A+A/588/A14/table4,7562,"Catalog of combined dataset groups ( Tempel E., Kipper R., Tamm A., Gramann M., Einasto M., Sepp T., Tuvikene T.)"
VizieR,J/MNRAS/468/3322/table5,7556,"Catalogue of WL calibrated masses of the redMaPPer clusters (redmapper_dr8_public_v6.3_MWLc.dat) ( Sereno M., Ettori S.)"
VizieR,J/MNRAS/398/109/iifsczv4,6698,"IIFSCz Catalogue (MRR+LW 18/04/09) ( Wang L., Rowan-Robinson M.)"
VizieR,J/A+A/679/A142/table3,6426,"Merger probabilities for ~130000 HSC Galaxies ( Omori K.C., Bottrell C., Walmsley M., Yesuf H.M., Goulding A.D., Ding X., Popping G., Silverman J.D., Takeuchi T.T., Toba Y.)"
VizieR,J/A+A/611/A53/table,6063,"Catalog of VVDS data and new zReliability labels ( Jamal S., Le Brun V., Le Fevre O., Vibert D., Schmitt A., Surace C., Copin Y., Garilli B., Moresco M., Pozzetti L.)"
VizieR,I/361/verv,5812,Epoch radial velocity data points for a subset of variable stars (vari\_epoch\_radial_velocity) ( Gala collaboration)
VizieR,VII/235/table1,5662,"Quasars (brighter than absolute magnitude -23) ( Veron-Cetty M.P., Veron P.)"
VizieR,J/A+A/599/A12/table1,5579,"Coordinates, VVV magnitudes, radial velocities and metallicities of the program stars ( Zoccali, M., Vasquez, S., Gonzalez, O. A., Valenti, E., Rojas-Arriagada, A., Minniti, J., Rejkuba, M., Minniti, D., McWilliam, A., Babusiaux, C., Hill, V., Renzini, A.)"
VizieR,III/257/ravedr2,5566,"RAVE catalog with position, radial velocities, atmospheric parameters and photometry ( Zwitter T., Siebert A., Munari U., et al.)"
VizieR,J/MNRAS/455/2440/catalog,5465,"General catalog data (band-independent data) (UPenn_PhotDec_CAST) ( Meert A., Vikram V., Bernardi M.)"
VizieR,J/A+A/540/A106/dr8gr,5340,"Group/cluster parameters ( Tempel E., Tago E., Liivamagi L.J.)"
HEASARC,veroncat,5245,"Veron Catalog of Quasars & AGN, 13th Edition"
VizieR,J/MNRAS/416/2840/catalog,5161,"*The 2M++ catalogue ( Lavaux G., Hudson M.J.)"
HEASARC,qorgcat,4548,All-Sky Optical Catalog of Radio/X-Ray Sources
VizieR,J/A+A/546/A61/tablea1,4424,"Final-results ( de Bruijne J.H.J., Eilers A.-C.)"
HEASARC,allwiseagn,4249,AllWISE Catalog of Mid-IR AGNs
VizieR,J/A+A/683/A125/table4,4136,"Individual radial velocity measurements and auxiliary data for all targets ( Perdelwitz V., Trifonov T., Teklu J.T., Sreenivas K.R., Tal-Or L.)"
VizieR,J/A+A/600/A90/catalog,4117,"Full redshift catalog, combining the MUSE and VIMOS measurements ( Caminha G.B., Grillo C., Rosati P., Balestra I., Mercurio A., Vanzella E., Biviano A., Caputi K.I., Delgado-Correal C., Karman W., Lombardi M., Meneghetti M., Sartoris B., Tozz P.)"
VizieR,III/254/crvad2,4098,"The catalogue of radial velocities of galactic stars with high precision astrometric data, the 2nd version (CRVAD-2) ( Kharchenko N.V., Scholz R.-D., Piskunov A.E., Roeser S., Schilbach E.)"
VizieR,J/MNRAS/442/1663/table4,4062,"Details of the 4172 red giants identified in our spectroscopic follow-up of sources towards the SMC ( Dobbie P.D., Cole A.A., Subramaniam A., Keller S.)"
VizieR,J/MNRAS/413/3059/clusters,3981,"Stripe 82 cluster catalogue, top level ( Geach J.E., Murphy D.N.A., Bower R.G.)"
HEASARC,rass2rxs,3978,Second ROSAT All-Sky Survey Point Source Catalog (2RXS)
VizieR,V/149/astars2,3859,"A type stars catalog ( Luo A.-L., Zhao Y.-H., Zhao G., et al.)"
VizieR,J/MNRAS/395/255/groups,3671,"Combined table from original tables ( McConnachie A.W., Patton D.R., Ellison S.L., Simard L.)"
VizieR,J/MNRAS/474/3875/gamadr3,3631,"GAMA-DR3 spectrum catalog ( Baldry I.K., Liske J., Brown M.J.I., et al.)"
VizieR,J/MNRAS/348/866/2dfsgpgr,3572,"Group properties in the SGP ( Eke V.R., Baugh C.M., Cole S., et al.)"
VizieR,IX/49/xxlaaoz,3535,"XXL AAOmega redshift catalogue ( Pierre M., Pacaud F., Adami C., et al.)"
VizieR,J/A+A/683/A130/table2,3528,"Properties of member clusters of the eRASS1 superclusters ( Liu A., Bulbul E., Kluge M., et al.)"
VizieR,J/ApJ/892/31/table6,3524,"Test results for 14828 sources ( Birky J., Hogg D.W., Mann A.W., Burgasser A.)"
VizieR,J/A+A/559/A14/f10wide,3511,"Search in F10_WIDE field AND MagI between -100 and 100 AND Spectroscopic Redshift > 0 ( Le Fevre O., Cassata P., Cucciati O., et al.)"
VizieR,J/ApJS/267/37/table5,3461,"Source and host information ( Gordon Y.A., Rudnick L., Andernach H., Morabito L.K., O'Dea C.P., Achong K.-M., Baum S.A., Bayona-Figueroa C., Hooper E.J., Mingo B., Morris M.E., Vantyghem A.N.)"
VizieR,J/ApJ/691/1387/table2,3343,"Radial velocities and equivalent widths ( Rangwala N., Williams T.B., Stanek K.Z.)"
HEASARC,morx,3258,"Millions of Optical Radio/X-Ray (MORX) Associations Catalog, Ver"
VizieR,J/MNRAS/493/3341/tablec1,3175,"The full table of LAEs in our SC4K ( Calhau J., Sobral D., Santos S., Matthee J., Paulino-Afonso A., Stroe A., Simmons B., Barlow-Hall C., Adams B.)"
VizieR,J/A+A/614/A140/lqac4,3128,"4th release of the Large Quasar Astrometric Catalogue ( Gattano C., Andrei A.H., Coelho B., Souchay J., Barache C., Taris F.)"
VizieR,IX/52/3xlsopts,3074,"The 3XLSSOPTS XXL-S multiwave catalogue (Paper XXVII Chiappetti et al. 2018A&A...620A..12C) ( Chiappetti L., Pierre M., Adami C., et al.)"
VizieR,J/ApJS/219/29/table6,2938,"Spectroscopic catalog ( Momcheva I.G., Williams K.A., Cool R.J., Keeton C.R., Zabludoff A.I.)"
VizieR,VII/241/2qz,2924,"2QZ catalogue: includes North and South galactic poles, and 6QZ with another 1657 lines. ( Croom S.M., Smith R.J., Boyle B.J., Shanks T., Miller L., Outram P.J., Loaring N.S.)"
VizieR,J/A+A/566/A1/groups,2894,"Flux limited groups ( Tempel E., Tamm A., Gramann M., Tuvikene T., Liivamagi L. J., Suhhonenko I., Kipper R., Einasto M., Saar E.)"
VizieR,J/MNRAS/494/1784/table1,2787,"LASr-GPS ( Asmus D., Greenwell C.L., Gandhi P., Boorman P.G., Aird J., Alexander D.M., Assef R.J., Baldi R.D., Davies R.I., Honig S.F., Ricci C., Rosario D.J., Salvato M., Shankar F., Stern D.)"
VizieR,J/ApJ/974/156/table2,2764,"S82-XL catalog ( Peca A., Cappelluti N., LaMassa S., Urry C.M., Moscetti M., Marchesi S., Sanders D., Auge C., Ghosh A., Ananna T.T., Torres-Alba N., Treister E.)"
VizieR,J/A+A/530/A31/table3,2753,"Parameters from the KISS pipeline for fields centered on 47 Tuc, M4, M12, M55, NGC 288, NGC 6752 ( Lane R.R., Kiss L.L., Lewis G.F., Ibata R.A., Siebert A., Bedding T.R., Szekely P., Szabo G.M.)"
VizieR,J/ApJS/172/70/zcosmos3,2752,"zCOSMOS Spectroscopic Redshift Survey, DR3 ( Lilly S.J., Fevre O.L., Renzini A., et al.)"
VizieR,J/MNRAS/488/739/mard-y3,2740,"MARD-Y3 catalog ( Klein M., Grandis S., Mohr J.J., et al.)"
VizieR,J/ApJS/268/17/cgc,2626,"The Chandra X-ray Galaxy Catalog (CGC) ( Kim D.-W., Cassity A., Bhatt B., Fabbiano G., Martinez Galarza J.R., O'Sullivan E., Rots A.)"
VizieR,J/MNRAS/472/273/ozdesdr1,2456,"Positions, redshifts, redshifts quality flags ( Childress M.J., Lidman C., Davis T.M., et al.)"
VizieR,V/149/stellar2,2407,"A, F, G and K type stars catalog ( Luo A.-L., Zhao Y.-H., Zhao G., et al.)"
VizieR,J/MNRAS/462/3146/hdr1all,2391,"HATLAS DR1 Catalogue all IDs ( Valiante E., Smith M.W.L., Eales S., Maddox S.J., Ibar E., Hopwood R., Dunne L., Cigan P.J., Dye S., Pascale E., Rigby E.E., Bourne N., Furlanetto C., Ivison R.J.)"
VizieR,J/A+A/638/A114/catalog,2387,"CODEX cluster catalog (table 1) ( Finoguenov A., Rykoff E., Clerc N., et al.)"
VizieR,J/ApJ/788/45/table1,2318,"List of the 224168 selected galaxies ( Toba Y., Oyabu S., Matsuhara H., Malkan M.A., Gandhi P., Nakagawa T., Isobe N., Shirahata M., Oi N., Ohyama Y., Takita S., Yamauchi C., Yano K.)"
VizieR,J/ApJ/943/177/detinfo,2166,"*Detection info table (from hetdex_sc1_detinfo_v3.2.fits) ( Mentuch Cooper E., Gebhardt K., Davis D., et al.)"
VizieR,J/ApJS/246/12/table4,2060,"*Catalog of the possible compact groups (""pCGs""); updated version from the author ( Zheng Y.-L., Shen S.-Y.)"
HEASARC,actszclust,2055,Atacama Cosmology Telescope DR5 Sunyaev-Zeldovich Cluster Catalo
VizieR,J/MNRAS/386/826/rv,2040,"Stellar radial velocities from the SMC 2dF survey ( Evans C.J., Howarth I.D.)"
HEASARC,wgacat,2032,ROSAT Catalog PSPC WGA Sources
VizieR,J/MNRAS/499/89/groups,2022,"The group catalogue ( Wang K., Mo H.J., Li C., Meng J., Chen Y.)"
HEASARC,vlacosxoid,2009,VLA-COSMOS 3-GHz Large Project Multiwavelength Counterparts Cata
VizieR,J/A+A/588/A103/cat2rxs,1998,"Catalogue of 135118 2RXS ROSAT sources ( Boller T., Freyberg M.J., Truemper J., Haberl F., Voges W., Nandra K.)"
VizieR,J/ApJ/699/L43/catalog,1949,FIRST-NVSS-SDSS radio AGN sample catalog ( Smolcic V.)
VizieR,IX/52/xxlaaoz,1918,"XXL_AAOmega_16 redshift table (Paper XXVII Chiappetti et al. 2018A&A...620A..12C) ( Chiappetti L., Pierre M., Adami C., et al.)"
VizieR,I/345/rvstdcat,1900,Mean radial velocities on absolute scale ( Gaia collaboration)
VizieR,J/ApJ/756/74/table2,1869,"Sagittarius stellar velocity data ( Frinchaboy P.M., Majewski S.R., Munoz R.R., Law D.R., Lokas E.L., Kunkel W.E., Patterson R.J., Johnston K.V.)"
VizieR,VII/249/spectra,1811,"Table of spectral observations (subset of parameters) ( Jones D.H., Saunders W., Read M., Colless M.)"
VizieR,J/ApJ/858/77/table3,1801,"List of spectral identifications ( Hasinger G., Capak P., Salvato M., Barger A.J., Cowie L.L., Faisst A., Hemmati S., Kakazu Y., Kartaltepe J., Masters D., Mobasher B., Nayyeri H., Sanders D., Scoville N.Z., Suh H., Steinhardt C., Yang F.)"
VizieR,VII/240/mgczcat,1666,"*Millennium Galaxy Catalogue ( Liske J., Lemon D.J., Driver S.P., Cross N.J.G., Couch W.J.)"
VizieR,J/MNRAS/498/4095/allspecz,1662,"Catalogue of the 1912 reliable redshifts acquired in this study ( Noordeh E., Canning R.E.A., King A., Allen S.W., Mantz A., Morris R.G., Ehlert S., von der Linden A., Brandt W.N., Luo B., Xue Y.Q., Kelly P.)"
VizieR,J/ApJ/877/81/table6,1631,"Redshift results ( Masters D.C., Stern D.K., Cohen J.G., Capak P.L., Stanford S.A., Hernitschek N., Galametz A., Davidzon I., Rhodes J.D., Sanders D., Mobasher B., Castander F., Pruett K., Fotopoulou S.)"
VizieR,J/AJ/167/125/table2,1604,"*LAMOST PMS candidates ( Saad S., Lane K., Kounkel M., Stassun K.G., Lopez-Valdivia R., Kim J.S., Pena Ramirez K., Stringfellow G.S., Roman-Zuniga C.G., Hernandez J., Wolk S.J., Hillenbrand L.A.)"
VizieR,J/A+A/633/A154/klabels,1582,"KiDSVW catalogue with object classifications ( Logan C.H.A., Fotopoulou S.)"
VizieR,J/ApJS/246/12/table3,1578,"*Catalog of the compact group of galaxies (""cCGs"") ( Zheng Y.-L., Shen S.-Y.)"
VizieR,J/MNRAS/470/95/a209,1574,"Abell 209 photometric redshift catalogue ( Molino A., Benitez N., Ascaso B., et al.)"
VizieR,J/A+A/588/A14/table3,1560,"Catalog of 2mrs groups ( Tempel E., Kipper R., Tamm A., Gramann M., Einasto M., Sepp T., Tuvikene T.)"
VizieR,J/ApJ/850/66/table13,1540,"Catalog (final version, 21/08/2019) ( Ananna T.T., Salvato M., Lamassa S., et al.)"
VizieR,J/ApJ/784/170/table4,1520,"List of 6036 K giants selected from SDSS DR9 ( Xue X.-X., Ma Z., Rix H.-W., Morrison H.L., Harding P., Beers T.C., Ivans I.I., Jacobson H.R., Johnson J., Lee Y.S., Lucatello S., Rockosi C.M., Sobeck J.S., Yanny B., Zhao G., Allende Prieto C.)"
VizieR,J/MNRAS/474/5363/table1,1516,"AKARI-SDSS-6dFGS-2MRS sample ( Kilerci Eser E., Goto T.)"
VizieR,J/MNRAS/470/95/a383,1515,"Abell 383 photometric redshift catalogue ( Molino A., Benitez N., Ascaso B., et al.)"
VizieR,J/ApJS/256/4/catalog,1484,"Catalogue of galaxies observed with Hectospec ( Cheng C., Huang J.-S., Willmer C.N.A., Zhang H.-X., Ashby M.L.N., Xu H., Sawicki M., Arnouts S., Gwyn S., Desprez G., Coupon J., Golob A., Liang P., Cao T., Shi Y., Jin G., He C., Wu S., Li Z., Dai Y.S., Xu C.K., Shao X., Musin M.)"
VizieR,VII/277/catalog,1448,"The Milliquas catalogue, V4.8 (22 June 2016) ( Flesch E.W.)"
VizieR,J/ApJS/264/9/skewt,1433,"The DES DR2 skewt-QSO catalog ( Yang Q., Shen Y.)"
VizieR,J/MNRAS/537/2662/emacs,1431,"EMACS clusters (ID and position) ( Ebeling H., Richard J., Beauchesne B., Basto Q., Edge A.C., Smail I.)"
VizieR,J/A+A/692/A175/table1,1401,"Redshifts of 1712 galaxies ( Girardi M., Boschin W., Mercurio A., Nocerino N., Nonino M., Rosati P., Biviano A., Demarco R., Grillo C., Sartoris B., Tozzi P., Vanzella E.)"
VizieR,J/ApJ/821/8/table2,1336,"Sources that show no variation in radial velocity between multiple observations (1927 unique sources) ( Kounkel M., Hartmann L., Tobin J.J., Mateo M., Bailey III J.I., Spencer M.)"
VizieR,J/ApJS/200/9/acs-gc,1330,"The ACS-GC catalog (V1.0) ( Griffith R.L., Cooper M.C., Newman J.A., et al.)"
VizieR,J/MNRAS/500/358/zcat,1315,"Redshift catalogue (Table 4) ( Balogh M.L., van der Burg R.F.J., Muzzin A., et al.)"
HEASARC,spidersros,1302,SDSS-IV/SPIDERS ROSAT-Based X-Ray Point Source Spectroscopic Cat
VizieR,J/MNRAS/470/95/macs1931,1298,"MACS J1931-26 photometric redshift catalogue ( Molino A., Benitez N., Ascaso B., et al.)"
VizieR,J/MNRAS/470/95/macs1311,1290,"MACS J1311-03 photometric redshift catalogue ( Molino A., Benitez N., Ascaso B., et al.)"
VizieR,J/MNRAS/470/95/macs0429,1290,"MACS J0429-02 photometric redshift catalogue ( Molino A., Benitez N., Ascaso B., et al.)"
VizieR,J/ApJ/904/156/table3,1289,"Parameters listed for fit results of the Salt 2.4 model to SDSS SNe. ( Perrefort D., Zhang Y., Galbany L., Wood-Vasey W.M., Gonzalez-Gaitan S.)"
HEASARC,cfa2s,1267,CfA Redshift Survey: South Galactic Cap Data
VizieR,J/A+A/445/503/table4,1265,"Radial velocities of stars in Omega Centauri ( Reijns R.A., Seitzer P., Arnold R., Freeman K.C., Ingerson T., van den Bosch R.C.E., van de Ven G., de Zeeuw P.T.)"
VizieR,J/MNRAS/473/1879/table1,1230,"Catalogue containing redshift data for all sources taken by AAOmega and Hectospec ( Rhee J., Lah P., Briggs F.H., Chengalur J.N., Colless M., Willner S.P., Ashby M.L.N., Le Fevre O.)"
VizieR,J/ApJ/943/23/table13,1216,"Final from the RPE sample ( Shank D., Beers T.C., Placco V.M., Gudin D., Catapano T., Holmbeck E.M., Ezzeddine R., Roederer I.U., Sakari C.M., Frebel A., Hansen T.T.)"
VizieR,J/AJ/119/2866/stars,1205,"star: positions, abundances,  radial velocities, photometry, distance estimates and measured  proper motions ( Beers T.C., Chiba M., Yoshii Y., Platais I., Hanson R.B., Fuchs B., Rossi S.)"
VizieR,J/MNRAS/348/866/2dfngpgr,1189,"Group properties in the NGP ( Eke V.R., Baugh C.M., Cole S., et al.)"
HEASARC,uzc,1169,Updated Zwicky Catalog
VizieR,J/MNRAS/485/2167/catalog,1161,"Supplemental catalogue of 11410 recognized M-type stars ( Guo Y.-X., Luo A.-L., Zhang S., Du B., Wang Y.-F., Chen J.-J., Zuo F., Kong X., Hou Y.-H.)"
VizieR,J/MNRAS/470/95/rxj2248,1137,"RX J2248-4431 photometric redshift catalogue ( Molino A., Benitez N., Ascaso B., et al.)"
VizieR,J/MNRAS/470/95/rxj2129,1131,"RX J2129+0005 photometric redshift catalogue ( Molino A., Benitez N., Ascaso B., et al.)"
VizieR,J/A+A/686/A43/catalog,1124,"LOFAR-eFEDS value-added catalogue ( Igo Z., Merloni A., Hoang D., Buchner J., Liu T., Salvato M., Arcodia R., Bellstedt S., Bruggen M., Croston J.H., de Gasperin F., Georgakakis A., Hardcastle M.J., Nandra K., Ni Q., Pasini T., Shimwell T., Wolf J.)"
VizieR,J/MNRAS/372/425/catalog,1109,"The 2SLAQ redshift catalogue ( Cannon R., Drinkwater M., Edge A., et al.)"
VizieR,J/MNRAS/470/95/macs1115,1091,"MACS J1115+0129 photometric redshift catalogue ( Molino A., Benitez N., Ascaso B., et al.)"
VizieR,J/MNRAS/510/2261/hatlasgp,1077,"H-ATLAS DR3 catalogue for the SGP field keeping the best VIKING ID counterparts ( Ward B.A., Eales S.A., Pons E., Smith M.W.L., Mcmahon R.G., Dunne L., Ivison R.J., Maddox S.J., Negrello M.)"
VizieR,J/A+A/588/A14/table2,1072,"Catalog of combined dataset galaxies ( Tempel E., Kipper R., Tamm A., Gramann M., Einasto M., Sepp T., Tuvikene T.)"
VizieR,VII/235/table3,1052,"Active galaxies (fainter than -23) ( Veron-Cetty M.P., Veron P.)"
VizieR,J/ApJ/943/162/catalog,1050,"Final master cleaned catalog ( Peca A., Cappelluti N., Urry C.M., LaMassa S., Marchesi S., Ananna T.T., B_alokovic M., Sanders D., Auge C., Treister E., Powell M., Turner T.J., Kirkpatrick A., Tian C.)"
VizieR,J/MNRAS/470/95/macs1206,1038,"MACS J1206-08 photometric redshift catalogue ( Molino A., Benitez N., Ascaso B., et al.)"
VizieR,V/148/morx,1014,The catalogue ( Flesch E.W.)
VizieR,J/ApJ/813/89/table2,1002,"Hectospec F stars ( King III C., Brown W.R., Geller M.J., Kenyon S.J.)"
VizieR,J/A+A/512/A12/catalogM,1001,"Combined table from original tables ( Balestra I., Mainieri V., Popesso P., Dickinson M., Nonino M., Rosati P., Teimoorinia H., Vanzella E., Cristiani S., Cesarsky C., Fosbury R.A.E., Kuntschner H., Rettura A.)"
VizieR,J/A+A/530/A31/table2,996,"Parameters from the KISS pipeline for fields centered on M22, M30, M53, M68 ( Lane R.R., Kiss L.L., Lewis G.F., Ibata R.A., Siebert A., Bedding T.R., Szekely P., Szabo G.M.)"
VizieR,J/A+A/569/A17/table2,996,"Positions, BV photometry, radial velocities and membership probabilities ( Cantat-Gaudin T., Vallenari A., Zaggia S., et al.)"
VizieR,J/MNRAS/491/398/table2,973,"The sky coordinates, z, (g-r) colour, ALFALFA ID and HI mass of spiral galaxies used in this work ( Mahajan S., Gupta K.K., Rana R., Brown M.J.I., Phillipps S., Bland-Hawthorn J., Bremer M.N., Brough S., Holwerda B.W., Hopkins A.M., Loveday J., Pimbblet K., Wang L.)"
VizieR,J/ApJS/253/56/table3,959,"Galaxy clusters with the total mass measurements from X-ray and SZ-effect observations (see Section 3.3) ( Zou H., Gao J., Xu X., Zhou X., Ma J., Zhou Z., Zhang T., Nie J., Wang J., Xue S.)"
VizieR,J/MNRAS/382/412/catalog,954,"Catalog of SDSS-DR5 spectroscopic quasars with 2MASS counterpart ( Ofek E.O., Oguri M., Jackson N., Inada N., Kayo I.)"
VizieR,J/A+A/561/A94/table3,952,"Radial velocity table of GES targets ( Donati P., Gaudin Cantat , Bragaglia A., et al.)"
VizieR,J/ApJ/883/175/table4,944,"The GOODVISITS table ( Yan R., Chen Y., Lazarz D., et al.)"
VizieR,J/MNRAS/470/95/macs0416,925,"MACS J0416-24 photometric redshift catalogue ( Molino A., Benitez N., Ascaso B., et al.)"
VizieR,J/A+A/559/A14/f14wide,892,"Search in F14_WIDE field AND MagI between -100 and 100 AND Spectroscopic Redshift > 0 ( Le Fevre O., Cassata P., Cucciati O., et al.)"
VizieR,J/ApJS/253/3/clusters,888,"Cluster catalog ( Hilton M., Sifon C., Naess S., et al.)"
VizieR,J/A+A/645/A74/xfcz,876,"The XMM-Newton spectral-fit Z catalogue ( Ruiz A., Georgantopoulos I., Corral A.)"
VizieR,J/ApJS/258/9/table1,868,"Catalogue of the stellar population parameters for ~43000 galaxies in LAMOST DR7. ( Wang L.-L., Shen S.-Y., Luo A.-L., Yang G.-J., Gai N., Tang Y.-K., Wang M.-X., Qin Li, Han J.-S., Rong L.-X.)"
VizieR,J/AJ/146/87/table3,850,"The catalog of results ( Dong X.Y., De Robertis M.M.)"
VizieR,J/A+A/654/A93/tablea1,842,"Properties derived for each of the 1212 sources with good XCIGALE fits ( Buat V., Mountrichas G., Yang G., Boquien M., Roehlly Y., Burgarella D., Stalevski M., Ciesla L., Theule P.)"
VizieR,J/A+A/531/A8/table4,838,"Stellar basic physical parameters, chromospheric indices, rotational velocities, radial velocities and kinematic UVW space velocities ( Jenkins J.S., Murgas F., Rojo P., Jones H.R.A., Day-Jones A.C., Jones M.I., Clarke J.R.A., Ruiz M.T., Pinfield D.J.)"
HEASARC,sdsss82xmm,836,Sloan Digital Sky Survey Stripe 82 XMM-Newton Source Match Catal
VizieR,J/MNRAS/413/3059/qsos,826,"Supplementary QSO sightline catalogue ( Geach J.E., Murphy D.N.A., Bower R.G.)"
VizieR,J/ApJ/834/210/table3,820,"The VLT/Magellan spectroscopic redshifts of the cluster members ( Carrasco M., Barrientos L.F., Anguita T., Garcia-Vergara C., Bayliss M., Gladders M., Gilbank D., Yee H.K.C., West M.)"
VizieR,J/ApJ/676/1109/stars,814,"Spectroscopic results } ( Furesz G., Hartmann L.W., Megeath S.T., Szentgyorgyi A.H., Hamden E.T.)"
VizieR,II/333/master,803,"SN candidates (Version April, 20 2018) ( Sako M., Bassett B., Becker A.C., et al.)"
VizieR,J/A+A/618/A137/tabled,801,"Atlas of CSGs from the MCs and interlopers ( Dorda R., Negueruela I., Gonzalez-Fernandez C., Marco A.)"
VizieR,VII/248/vv06,790,"Quasars (M_v_<-23), BL Lac and AGNs(M_v_>-23) ( Veron-Cetty M.P., Veron P.)"
VizieR,J/ApJ/889/63/table,778,"Properties of Sgr Stars ( Hayes C.R., Majewski S.R., Hasselquist S., et al.)"
VizieR,J/ApJ/684/1143/table1,773,"List of 10224 BHB candidates selected by color cut ( Xue X.X., Rix H.W., Zhao G., Re Fiorentin P., Naab T., Steinmetz M., van den Bosch F.C., Beers T.C., Lee Y.S., Bell E.F., Rockosi C., Yanny B., Newberg H., Wilhelm R., Kang X., Smith M.C., Schneider D.P.)"
VizieR,J/A+A/683/A238/ancdata,758,"Galaxy properties from literature ( Jones G.C., Bunker A.J., Saxena A., et al.)"
VizieR,J/AJ/153/95/table3,736,"Catalog of Suspected Nearby Young Stars ( Riedel A.R., Blunt S.C., Lambrides E.L., Rice E.L., Cruz K.L., Faherty J.K.)"
VizieR,J/A+A/678/A25/4udsdi,735,"VANDELS DR4 UDS field, direct integration ( Talia M., Schreiber C., Garilli B., et al.)"
VizieR,VII/224/table3,725,"Active galaxies (fainter than -23) ( Veron-Cetty M.P., Veron P.)"
VizieR,J/A+A/494/799/lqac,720,"Quasars LQAC ( Souchay J., Andrei A.H., Barache C., Bouquillon S., Gontier A-M., Lambert S.B., Le Poncin-Lafitte C., Taris F., Arias E.F., Suchet D., Baudin M.)"
VizieR,J/MNRAS/480/707/s82cat,711,"S82 cross-matched catalogue ( Prescott M., Whittam I. H., Jarvis M. J., McAlpine K., Richter L. L., Fine S., Mauch T., Heywood I., Vaccari M.)"
VizieR,J/A+A/539/A80/lrg44,708,"Luminous Red Galaxy (LRG) sample D=4.4 mdens threshold catalog ( Liivamagi L.J., Tempel E., Saar E.)"
VizieR,J/MNRAS/468/3322/table6,705,"Catalogue of WL calibrated masses of the MCXC clusters, Cat. J/A+A/534/A109 (mcxc_MWLc.dat) ( Sereno M., Ettori S.)"
VizieR,J/A+A/532/A74/efigi,703,"EFIGI morphometric catalogue (V1.6.2) ( Baillard A., Bertin W., de Lapparent V., Fouque P., Arnouts S., Mellier Y., Pello R., Leborgne J.-F., Prugniel P., Makarov D., Marakova L., McCraken H.J., Bijaoui A., Tasca L.)"
VizieR,J/PAZh/43/559/catalog,703,The cluster catalogue ( Burenin R.A.)
VizieR,J/MNRAS/439/611/catalog,691,"SDSS-RASS catalog ( Wang L., Yang X., Shen S., Mo H.J., Van Den Bosch F.C., Luo W., Wang Y., Lau E.T., Wang Q.D., Kang X., Li R.)"
VizieR,J/AJ/151/52/table2,689,"*HI and derived parameters ( Staveley-Smith L., Kraan-Korteweg R.C., Schroder A.C., Henning P.A., Koribalski B.S., Stewart I.M., Heald G.)"
VizieR,III/265/ravedr3,668,"RAVE catalog A+B (also includes DR1 and DR2) ( Siebert A., Williams M., Siviero A., et al.)"
VizieR,J/MNRAS/483/5554/catalog,667,"Extragalactic X-ray source catalogue ( Earnshaw H.P., Roberts T.P., Middleton M.J., Walton D.J., Mateos S.)"
VizieR,V/153/mstars4,664,"M type stars catalog ( Luo A.-L., Zhao Y.-H., Zhao G., et al.)"
VizieR,J/ApJ/900/55/table4,660,"*The SPT-SZ multiband catalog ( Everett W.B., Zhang L., Crawford T.M., et al.)"
VizieR,J/ApJS/193/28/objects,653,"Objects detected in the fields ( Prochaska J.X., Weiner B., Chen H.-W., Cooksey K.L., Mulchaey J.S.)"
VizieR,VII/273/hmq,652,The Half Million Quasars catalogue ( Flesch E.W.)
VizieR,J/MNRAS/445/2440/table3,645,"Catalogue of supernova stars with the associated Planck CMB map pixel temperatures at the supernova locations ( Yershov V.N., Orlov V.V., Raikov A.A.)"
VizieR,J/A+A/460/695/stars,645,"Astrometric, spectroscopic and photometric data of the stars observed (tables 3 and 4 of the paper) ( Torres C.A.O., Quast G.R., da Silva L., de la Reza R., Melo C.H.F., Sterzik M.)"
VizieR,J/A+A/623/A159/tablea1,644,"Literature data and Gaia-ESO survey parameters of cluster members ( Prisinzano L., Damiani F., Kalari V., et al.)"
VizieR,J/AJ/155/71/table3,642,"FLAMES Star Identifiers, Coordinates, Photometry, and Velocities ( Johnson C.I., Rich R.M., Caldwell N., Mateo M., Bailey J.I., Olszewski E.W., Walker M.G.)"
VizieR,J/A+A/593/A55/table1,641,"The MEXSAS sample ( Vagnetti F., Middei R., Antonucci M., Paolillo M., Serafinelli R.)"
VizieR,J/AJ/135/836/table1,626,"LMC RGB stars observed ( Carrera R., Gallart C., Hardy E., Aparicio A., Zinn R.)"
VizieR,J/A+A/588/A14/table1,620,"Catalog of 2mrs galaxies ( Tempel E., Kipper R., Tamm A., Gramann M., Einasto M., Sepp T., Tuvikene T.)"
VizieR,J/ApJ/840/78/table1,613,"Spectroscopic redshifts for the full sample ( Danielson A.L.R., Swinbank A.M., Smail I., et al.)"
VizieR,J/ApJ/864/56/catalog,603,"COSMOS ""Super-deblended"" photometry catalog ( Jin S., Daddi E., Liu D., Smolcic V., Schinnerer E., Calabro A., Gu Q., Delhaize J., Delvecchio I., Gao Y., Salvato M., Puglisi A., Dickinson M., Bertoldi F., Sargent M., Novak M., Magdis G., Aretxaga I., Wilson G.W., Capak P.)"
VizieR,J/A+A/632/A36/table2,602,"Full redshift catalogue ( Caminha G.B., Rosati P., Grillo C., et al.)"
VizieR,J/ApJ/661/L155/table1,599,"Radial Velocity Measurements ( Pancino E., Galfo A., Ferraro F.R., Bellazzini M.)"
VizieR,J/MNRAS/443/2679/table1,597,"Catalogue of spectroscopic redshifts ( Balogh M.L., Mcgee S.L., Mok A., Wilman D.J., Finoguenov A., Bower R.G., Mulchaey J.S., Parker L.C., Tanaka M.)"
VizieR,J/A+A/559/A14/cdfsdeep,595,"Search in CDFS_DEEP field AND MagI between -100 and 100 AND Spectroscopic Redshift > 0 ( Le Fevre O., Cassata P., Cucciati O., et al.)"
VizieR,J/A+A/692/A154/golden,594,"Golden sample ( Wu Q., Scialpi M., Liao S., Mannucci F., Qi Z.)"
VizieR,J/A+A/678/A25/4cdfsdi,592,"VANDELS DR4 CDFS field, direct integration ( Talia M., Schreiber C., Garilli B., et al.)"
VizieR,J/ApJ/866/22/table1,591,"Velocity and metallicity measurements of the observed stars ( Li T.S., Simon J.D., Kuehn K., et al.)"
HEASARC,wblgalaxy,584,WBL Individual Galaxies Data Catalog (White et al. 1999)
VizieR,J/MNRAS/439/1015/table2,580,"Catalogue of velocities for 862 individual stars in 7 dwarf galaxies ( Kirby E.N., Bullock J.S., Boylan-Kolchin M., Kaplinghat, M., Cohen J.G.)"
VizieR,J/A+A/637/A31/table3,572,"Main properties of the systems identified in the volume of the supercluster MSCC310 ( Santiago-Bautista I., Caretta C.A., Bravo-Alfaro H., Pointecouteau E., Andernach H.)"
VizieR,J/A+A/599/A81/table4,570,"Redshifts for 17985 galaxies ( Moretti A., Gullieuszik M., Poggianti B., Paccagnella A., Couch W.J., Vulcani B., Bettoni D., Fritz J., Cava A., Fasaano G., D'Onofrio M., Omizzolo A.)"
VizieR,J/MNRAS/417/2651/catalog,565,"AT20G-optical catalogue ( Mahony E.K., Sadler E.M., Croom S.M., Ekers R.D., Bannister K.W., Chhetri R., Hancock P.J., Johnston H.M., Massardi M., Murphy T.)"
HEASARC,swbat157m,562,Swift-BAT 157-Month All-Sky Hard X-Ray Survey
VizieR,J/MNRAS/425/355/catalog,560,"Catalogue of hot emission-line stars in the LMC UKST H{alpha} survey (tables A2 and A1) ( Reid W.A., Parker Q.A.)"
VizieR,J/ApJ/817/34/catalog,551,"Chandra COSMOS Legacy optical-NIR counterparts ( Marchesi S., Civano F., Elvis M., et al.)"
VizieR,J/MNRAS/468/2645/table2,551,"Full data table for heliocentric radial velocities in a 2-degree region around Abell 3266 ( Dehghan S., Johnston-Hollitt M., Colless M., Miller R.)"
VizieR,J/MNRAS/437/2017/spectro2,548,"Spectroscopic catalogue of objects in the J1005, J1022 and J2218 fields ( Tejos N., Morris S.L., Finn C.W., Crighton N.H.M., Bechtold J., Jannuzi B.T., Schaye J., Theuns T., Altay G., Le Fevre O., Ryan-Weber E., Dave R.)"
VizieR,J/MNRAS/513/3946/tablea3,535,"Multiple optical clusters in the line of sight towards 155 SPT clusters and 236 ACT clusters ( Wen Z.L., Han J.L.)"
VizieR,J/MNRAS/405/2302/table4,529,"Quasar redshift catalogue ( Hewett P.C., Wild V.)"
HEASARC,rbs,522,ROSAT Bright Survey (Schwope et al. 2000)
VizieR,J/MNRAS/446/3943/catalog,518,"General Catalog Data (band-independent data used in fitting and analysis) ( Meert A., Vikram V., Bernardi M.)"
VizieR,J/A+A/652/A12/table3,508,"The new X-CLASS catalogue (table 3) ( Koulouridis E., Clerc N., Sadibekova T., et al.)"
VizieR,J/A+A/646/A83/a370,507,"Spectroscopic catalog for Abell 370 ( Richard J., Claeyssens A., Lagattuta D., et al.)"
VizieR,J/A+A/481/593/table1,507,"Velocity measurements for 512 objects in the central 30'x30' field of the galaxy cluster Abell 2163 ( Maurogordato S., Cappi A., Ferrari C., Benoist C., Mars G., Soucail G., Arnaud M., Pratt G.W., Bourdin H., Sauvageot J-L.)"
VizieR,J/A+A/573/A129/hevic250,503,"Catalog of point sources selected at 250um ( Pappalardo C., Bendo G.J., Bianchi S., et al.)"
VizieR,J/A+A/633/A159/tablea1,503,"Full MUSE redshift catalogue ( Rosani G., Caminha G.B., Caputi K.I., Deshmukh S.)"
VizieR,J/ApJS/235/4/table3,501,"Catalog of sources in the 105-month Swift-BAT survey ( Oh K., Koss M., Markwardt C.B., Schawinski K., Baumgartner W.H., Barthelmy S.D., Cenko S.B., Gehrels N., Mushotzky R., Petulante A., Ricci C., Lien A., Trakhtenbrot B.)"
VizieR,J/ApJ/619/193/table6,492,"Catalog of cluster galaxy photometry ( McIntosh D.H., Zabludoff A.I., Rix H.-W., Caldwell N.)"
VizieR,J/A+A/646/A83/rxj1347,490,"Spectroscopic catalog for RXJ1347.5-1145 ( Richard J., Claeyssens A., Lagattuta D., et al.)"
VizieR,J/A+A/658/A59/table3,473,"Galaxy clusters in the RXGCC catalog ( Xu W., Ramos-Ceja M.E., Pacaud F., Reiprich T.H., Erben T.)"
VizieR,J/A+A/575/A40/catalog,471,"Spectroscopic redshifts acquired using the ESO VLT/FORS2 facility ( Comparat J., Richard J., Kneib J.-P., et al.)"
VizieR,J/ApJS/167/1/table4,469,"Member Galaxies of Groups and Clusters for Samples Mr20, Mr19, and Mr18 ( Berlind A.A., Frieman J., Weinberg D.H., et al.)"
VizieR,J/ApJ/905/93/table3,465,"Classification results ( Hosseinzadeh G., Dauphin F., Villar V.A., et al.)"
VizieR,J/MNRAS/415/2336/hatlas,464,"Spire catalogue ( Rigby E.E., Maddox S.J., Dunne L., et al.)"
VizieR,J/A+A/538/A120/usc,462,"List of SNe from the unified SN catalogue ( Lennarz D., Altmann D., Wiebusch C.)"
VizieR,J/ApJS/249/17/dr14qpsp,459,"Main catalog based on the spectral information ( Rakshit S., Stalin C.S., Kotilainen J.)"
HEASARC,sdsswhlgc,458,Sloan Digital Sky Survey DR6 Galaxy Clusters Catalog
VizieR,J/ApJS/263/27/table1,458,"The COSMOS Ly{alpha} Mapping And Tomography Observations (CLAMATO) Data Release 2 redshift catalog ( Horowitz B., Lee K.-G., Ata M., Muller T., Krolewski A., Prochaska J.X., Hennawi J.F., White M., Schlegel D., Rich R.M., Nugent P.E., Suzuki N., Kashino D., Koekemoer A.M., Lemaux B.C.)"
VizieR,J/A+A/646/A83/a2744,453,"Spectroscopic catalog for Abell 2744 ( Richard J., Claeyssens A., Lagattuta D., et al.)"
HEASARC,plnebulae,445,Galactic Planetary Nebulae Catalog
VizieR,J/A+A/555/A12/stars,444,"Atmospheric parameters, positions,  radial velocities, magnitudes and distances of the selected faint  foreground galactic stars ( Kordopatis G., Hill V., Irwin M., Gilmore G., Wyse R.F.G., Tolstoy E., de Laverny P., Recio-Blanco A., Battaglia G., Starkenburg E.)"
VizieR,J/ApJ/921/32/table4,439,"Antlia 2 data ( Ji A.P., Koposov S.E., Li T.S., Erkal D., Pace A.B., Simon J.D., Belokurov V., Cullinane L.R., Da Costa G.S., Kuehn K., Lewis G.F., Mackey D., Shipp N., Simpson J.D., Zucker D.B., Hansen T.T., Bland-Hawthorn J., The S5 Collaboration.)"
VizieR,J/ApJS/262/18/table1,438,"Blazars and the SEDs fitting results for 2709 blazars ( Yang J.H., Fan J.H., Liu Y., Tuo M.X., Pei Z.Y., Yang W.X., Yuan Y.H., He S.L., Wang S.H., Wang X.C., Chen X.J., Qu X.H., Cao Q., Tao Q.Y., Zhang Y.L., Liu C.Q., Nie J.J., Liu L.F., Jiang D.K., Jiang A.N., Liu B., Yang R.S.)"
VizieR,J/ApJ/912/49/table1,430,"The clump catalog ( Mehta V., Scarlata C., Fortson L., Dickinson H., Adams D., Chevallard J., Charlot S., Beck M., Kruk S., Simmons B.)"
VizieR,J/A+A/626/A7/comprass,426,"ComPRASS catalogue (table A1) ( Tarrio P., Melin J.B., Arnaud M.)"
VizieR,J/MNRAS/470/4838/table1,423,"Spectroscopic redshift catalogue ( Sluse D., Sonnenfeld A., Rumbaugh N., Rusu C.E., Fassnacht C.D., Treu T., Suyu S.H., Wong K.C., Auger M.W., Bonvin V., Collett T., Courbin F., Hilbert S., Koopmans L.V.E., Marshall P.J., Meylan G., Spiniello C., Tewes M.)"
VizieR,J/AJ/127/646/table5,421,"All Galaxies with Secure Redshifts ( Francis P.J., Nelson B.O., Cutri R.M.)"
VizieR,J/MNRAS/434/1765/table2,419,"The photometric and spectroscopic catalog of galaxies around PKS 0405-123 ( Johnson S.D., Chen H.-W., Mulchaey J.S.)"
VizieR,J/AJ/159/254/table1,415,"Sky coordinates, photometry, model atmosphere parameters, iron abundances, errors, and radial Velocities ( Johnson C.I., Dupree A.K., Mateo M., Bailey J.I., Olszewski E.W., Walker M.G.)"
VizieR,J/AJ/166/63/table4,414,"Results ( Jao W.-C., Henry T.J., White R.J., Nisak A.H., Hubbard-James H.-S., Paredes L.A., Lewis V.B.J.)"
VizieR,J/ApJ/454/788/table3,410,"Radial velocities and photometry ( Cote P., Welch D.L., Fischer P., Gebhardt K.)"
VizieR,J/MNRAS/386/1443/spectro,406,"Spectroscopic results of the study of  globular clusters in NGC 5128 ( Beasley M.A., Bridges T., Peng E., Harris W.E., Harris G.L.H., Forbes D.A., Mackie G.)"
VizieR,J/MNRAS/469/492/uds,402,"JCMT/SCUBA2 objects in the UDS field (tables A2, A4, A6, A8) ( Michalowski M.J., Dunlop J.S., Koprowski M.P., et al.)"
VizieR,J/MNRAS/373/521/table7,402,"Velocities and accurate positions for all newly discovered PNe within the central 25deg^2^ region of the LMC. ( Reid W.A., Parker Q.A.)"
VizieR,J/A+A/557/A62/table5,401,"Galaxies of Abell 3921 observations ( Pranger F., Boehm A., Ferrari C., Diaferio A., Hunstead R., Maurogordato S., Benoist C., Brinchmann J., Schindler S.)"
VizieR,J/MNRAS/387/1323/tablea1,400,"The AAOmega LRG Pilot Catalogue ( Ross N.P., Shanks T., Cannon R.D., Wake D.A., Sharp R.G., Croom S.M., Peacock J.A.)"
VizieR,J/ApJ/878/55/table5,398,"Galaxy cluster candidates with {xi}>4.5 in the 2500 square-degree South Pole Telescope Sunyaev Zel'dovich (SPT-SZ) survey ( Bocquet S., Dietrich J.P., Schrabback T., et al.)"
VizieR,J/AJ/152/25/table4,396,"UVQS DR1 Active Galactic Nuclei (AGNs) ( Monroe T.R., Xavier Prochaska J., Tejos N., Worseck G., Hennawi J.F., Schmidt T., Tumlinson J., Shen Y.)"
VizieR,J/MNRAS/401/1151/catalog,393,"6dFGS-RASS AGN catalog ( Mahony E.K., Croom S.M., Boyle B.J., Edge A.C., Mauch T., Sadler E.M.)"
VizieR,J/ApJ/852/49/table1,386,"Properties, parameters, and population identification of APOGEE DR13 metal-poor stars ( Hayes C.R., Majewski S.R., Shetrone M., et al.)"
VizieR,J/ApJ/738/79/table1,385,"*List of 4985 blue horizontal-branch (BHB) stars selected from SDSS DR8 ( Xue X.-X., Rix H.-W., Yanny B., Beers T.C., Bell E.F., Zhao G., Bullock J.S., Johnston K.V., Morrison H., Rockosi C., Koposov S.E., Kang X., Liu C., Luo A., Lee Y.S., Weaver B.A.)"
VizieR,J/A+A/570/A106/void,383,"List of maximal spheres detected in VIPERS samples ( Micheletti D., Hawken A., Iovino A.J., et al.)"
VizieR,J/ApJ/903/151/table1,382,"*MMT Hectospec spectroscopic redshift catalog of the A521 field ( Yoon M., Lee W., Jee M.J., Finner K., Smith R., Kim J.-W.)"
VizieR,J/ApJS/207/19/table3,377,"Catalog of sources in the 70 month Swift-BAT survey ( Baumgartner W.H., Tueller J., Markwardt C.B., Skinner G.K., Barthelmy S., Mushotzky R.F., Evans P.A., Gehrels N.)"
VizieR,J/A+A/504/751/catalog,376,"Multiwavelength catalog (photometry, spectroscopy and magnitude limits) ( Santini P., Fontana A., Grazian A., Salimbeni S., Fiore F., Fontanot F., Boutsia K., Castelllano M., Cristiani S.,De Santis C., Gallozzi S., Giallongo E., Nonino M., Menci N., Paris D., Pentericci L., Vanzella E.)"
VizieR,J/A+A/646/A83/mc1206,376,"Spectroscopic catalog for MACS J1206.2-0847 ( Richard J., Claeyssens A., Lagattuta D., et al.)"
VizieR,J/A+A/573/A129/hevic350,376,"Catalog of point sources selected at 350um ( Pappalardo C., Bendo G.J., Bianchi S., et al.)"
VizieR,J/AJ/129/1465/stars,373,"Read giants in the bar field (tables 2 and 3 of paper) ( Cole A.A., Tolstoy E., Gallagher J.S.III, Smecker-Hane T.A.)"
VizieR,J/A+A/609/A53/table6,373,"MMFS + VLT/FLAMES spectroscopic data ( Cicuendez L., Battaglia G., Irwin M., Bermejo-Climent J.R., McMonigal B., Bate N.F., Lewis G.F., Conn A.R., de Boer T.J.L., Gallart C., Guglielmo M., Ibata R., McConnachie A., Tolstoy E., Fernando N.)"
VizieR,J/AJ/135/564/BHB,373,"Photometric, spectroscopic and stellar parameters of BHB candidates (tables 2 and 3 of the paper) ( Brown W.R., Beers T.C., Wilhelm R., Prieto C.A., Geller M.J., Kenyon S.J., Kurtz M.J.)"
HEASARC,abellzcat,373,Abell Clusters Measured Redshifts Catalog
VizieR,J/A+A/525/A148/veloc,372,"Radial velocities observed in the 2 globulars ( Scarpa R., Marconi G., Carraro G., Falomo R., Villanova S.)"
VizieR,J/A+A/524/A64/m54,371,"Palermo BAT survey catalogue ( Cusumano G., La Parola V., Segreto A., Ferrigno C., Maselli A., Sbarufatti B., Romano P., Chincarini G., Giommi P., Masetti N., Moretti A., Parisi P., Tagliaferri G.)"
VizieR,J/A+A/604/A41/table2,363,"Properties of the target stars ( Koch A., Hansen C.J., Kunder A.M.)"
VizieR,VII/223/2qz10k,363,"List of object properties including position, identification and redshift ( Croom S.M., Smith R.J., Boyle B.J., Shanks T., Loaring N.S., Miller L., Lewis I.J.)"
VizieR,J/A+A/495/691/bzcat1,361,"Multi-frequency catalogue of blazars (Roma-BZCAT) Version 1.0 (2009-November) ( Massaro E., Giommi P., Leto C., Marchegiani P., Maselli A., Perri M., Piranomonte S., Sclavi S.)"
VizieR,J/A+A/527/A126/catalog,361,"2XMMi versus SDSSDR7 cross-match catalog ( Pineau F.-X., Motch C., Carrera F., Della Ceca R., Derriere S., Michel L., Schwope A., Watson M.G.)"
VizieR,J/AJ/119/2598/table3,361,"*Compiled data ( Sowards-Emmerd D., Smith J.A., McKay T.A., Sheldon E., Tucker D.L., Castander F.J.)"
VizieR,J/AJ/162/197/table1,359,"Rotation periods and lithium equivalent widths for 3298 candidate NGC2516 members ( Bouma L.G., Curtis J.L., Hartman J.D., Winn J.N., Bakos G.A.)"
VizieR,J/A+A/642/A192/table5,357,"Spectroscopic redshifts and physical parameters of the spectroscopically confirmed galaxies ( Euclid Collaboration, Guglielmo V., Saglia R., et al.)"
VizieR,J/MNRAS/510/2261/hsgpall,357,"H-ATLAS DR3 catalogue for the SGP field with all included VIKING couterparts IDs ( Ward B.A., Eales S.A., Pons E., Smith M.W.L., Mcmahon R.G., Dunne L., Ivison R.J., Maddox S.J., Negrello M.)"
VizieR,J/ApJ/697/1842/table3,355,"Group catalog ( Knobel C., Lilly S.J., Iovino A., et al.)"
VizieR,J/AJ/147/138/stars,355,Properties  and velocities   of the observed red giant candidates ( Carlberg J.K.)
VizieR,J/ApJS/148/243/catalog,354,"*BH SDSS cluster catalog ( Bahcall N.A., McKay T.A., Annis J., Kim R.S.J., Dong F., Hansen S., Goto T., Gunn J.E., Miller C., Nichol R.C., Postman M., Schneider D., Schroeder J., Voges W., Brinkmann J., Fukugita M.)"
VizieR,J/MNRAS/368/651/catalog,351,"The final redshift catalogue for all objects observed in the direction of Abell 3653 with a quality flag of 3 or 4. ( Pimbblet K.A., Roseboom I.G., Doyle M.T.)"
VizieR,J/MNRAS/490/613/table2,349,"Spectroscopic redshift catalogue ( Sluse D., Rusu C.E., Fassnacht C.D., et al.)"
VizieR,J/ApJ/835/161/table1,346,"Void catalog from the Baryon Oscillation Spectroscopic Survey (BOSS) sample ( Mao Q., Berlind A.A., Scherrer R.J., Neyrinck M.C., Scoccimarro R., Tinker J.L., McBride C.K., Schneider D.P., Pan K., Bizyaev D., Malanushenko E., Malanushenko V.)"
VizieR,J/AJ/135/2424/tables,346,"Galaxies observed and their global indices ( Ogando R.L.C., Maia M.A.G., Pellegrini P.S., Da Costa L.N.)"
VizieR,J/ApJ/886/124/table5,341,"The KMOS^3D^ galaxy catalog ( Wisnioski E., Schreiber N.M.F., Fossati M., et al.)"
VizieR,J/MNRAS/442/1663/table5,340,"*Details of the 352 carbon rich giants that were included in our spectroscopic survey of the SMC ( Dobbie P.D., Cole A.A., Subramaniam A., Keller S.)"
VizieR,J/A+A/524/A44/table2,338,"CH and CN bands index measurements ( Pancino E., Rejkuba M., Zoccali M., Carrera R.)"
VizieR,J/A+A/544/A115/n4636,336,"Velocities measured toward NGC 4636 ( Schuberth Y., Richtler T., Hilker M., Salinas R., Dirsch B., Larsen S.S.)"
VizieR,J/ApJ/807/178/table4,331,"Newly identified rich clusters at high redshifts ( Wen Z.L., Han J.L.)"
VizieR,J/A+A/445/503/tablea1,330,"Additional radial velocities ( Reijns R.A., Seitzer P., Arnold R., Freeman K.C., Ingerson T., van den Bosch R.C.E., van de Ven G., de Zeeuw P.T.)"
VizieR,J/ApJ/862/172/table1,328,"HeCS-red redshifts from MMT/Hectospec ( Rines K.J., Geller M.J., Diaferio A., Hwang Ho S., Sohn J.)"
VizieR,J/A+A/462/683/stars,322,"Apparent fundamental parameters for stars  in the Small Magellanic Cloud ( Martayan C., Fremat Y., Hubert A.-M., Floquet M., Zorec J., Neiner C.)"
VizieR,J/MNRAS/400/317/table1,320,"The spectroscopic measurements of 452 photometric candidates in IC 4665 ( Jeffries R.D., Jackson R.J., James D.J., Cargile P.A.)"
VizieR,J/MNRAS/425/2116/table2,318,"ACES redshift catalogue ( Cooper M.C., Yan R., Dickinson M., Juneau S., Lotz J.M., Newman J.A., Papovich C., Salim S., Walth G., Weiner B.J., Willmer C.N.A.)"
VizieR,J/ApJS/237/11/table6,318,"Galaxy redshift measurements ( Keeney B.A., Stocke J.T., Pratt C.T., Davis J.D., Syphers D., Danforth C.W., Shull J.M., Froning C.S., Green J.C., Penton S.V., Savage B.D.)"
VizieR,J/AJ/152/21/stars,315,"Coordinates, photometry, and velocities in NGC 6342 (table1), and in NGC 6366 (table2) ( Johnson C.I., Caldwell N., Rich R.M., Pilachowski C.A., Hsyu T.)"
VizieR,J/ApJ/861/60/table2,313,"*Voids in CLAMATO 2017 map ( Krolewski A., Lee K.-G., White M., Hennawi J.F., Schlegel D.J., Nugent P.E., Lukic Z., Stark C.W., Koekemoer A.M., Le Fevre O., Lemaux B.C., Maier C., Rich R.M., Salvato M., Tasca L.)"
VizieR,J/MNRAS/514/1231/tableb2,311,"Galaxy members of CGs identified in SDSS DR16 ( Zandivarez A., Diaz-Gimenez E., Taverna A.)"
VizieR,J/ApJ/818/39/table2,306,"Hectochelle/MMT spectroscopy ( Hargis J.R., Kimmig B., Willman B., Caldwell N., Walker M.G., Strader J., Sand D.J., Grillmair C.J., Yoon J.H.)"
VizieR,J/ApJ/892/137/table3,299,"Magellan/Baade IMACS velocity and metallicity measurements for Gru II, Tuc IV, and Tuc V ( Simon J.D., Li T.S., Erkal D., et al.)"
VizieR,J/A+A/603/A81/sample,296,"Carina member identifications (table 1) and properties (table 2) ( Damiani F., Klutsch A., Jeffries R.D., et al.)"
VizieR,J/A+A/418/885/table1,295,"Data of FDF objects with spectroscopic redshift ( Noll S., Mehlert D., Appenzeller I., Bender R., Boehm A., Gabasch A., Heidt J., Hopp U., Jaeger K., Seitz S., Stahl O., Tapken C., Ziegler B.L.)"
VizieR,J/A+A/500/947/catalog,294,"Spectroscopic catalogue in the regions  of A2744 and A2537 ( Braglia F.G., Pierini D., Biviano A., Boehringer H.)"
VizieR,J/ApJS/243/15/table3,289,"Subaru Hyper Suprime-Cam (HSC)-FIRST radio galaxy (RG) catalog ( Toba Y., Yamashita T., Nagao T., Wang W.-H., Ueda Y., Ichikawa K., Kawaguchi T., Akiyama M., Hsieh B.-C., Kajisawa M., Lee C.-H., Matsuoka Y., Noboriguchi A., Onoue M., Schramm M., Tanaka M., Komiyama Y.)"
VizieR,J/AJ/155/138/table1,285,"Velocity and membership information for spectroscopic in NGC 2506 ( Anthony-Twarog B.J., Lee-Brown D.B., Deliyannis C.P., Twarog B.A.)"
VizieR,J/ApJ/857/145/table4,283,"Velocity and metallicity measurements ( Li T.S., Simon J.D., Pace A.B., et al.)"
VizieR,J/ApJS/225/23/table1,281,"Catalog of SDSS DR12 magnitude-limited redshift candidate compact groups (MLCGs) ( Sohn J., Geller M.J., Hwang H.S., Zahid H.J., Lee M.G.)"
VizieR,J/A+A/652/A2/tableh1,280,"Final catalog of {rho} Oph (known and new sources) ( Grasser N., Ratzenboeck S., Alves J., Grossschedl J., Meingast S., Zucker C., Hacar A., Lada C., Goodman A., Lombardi M., Forbes J.C., Bomze I.M., Moeller T.)"
VizieR,J/ApJS/193/28/table4,280,"Summary of galaxies at z<z_em_+0.01 ( Prochaska J.X., Weiner B., Chen H.-W., Cooksey K.L., Mulchaey J.S.)"
VizieR,J/AZh/78/675/catalog,279,Catalog of quasar-galaxy associations ( Bukhmastova Yu.L.)
VizieR,J/A+A/682/A162/catalog,277,"Physical properties of stellar clumps ( Werle A., Giunchi E., Poggianti B., Gullieuszik M., Moretti A., Zanella A., Tonnesen S., Fritz J., Vulcani B., Bacchini C., Akerman N., Kulier A., Tomicic N., Smith R., Wolter A.)"
VizieR,III/97A/catalog,272,The catalogue data ( Mermilliod J.C.)
VizieR,B/ocl/clusters,270,"The Catalogue Data File (V3.5) ( Dias W.S., Alessi B.S., Moitinho A., Lepine J.R.D.)"
VizieR,J/ApJ/902/17/table2,270,"Spectroscopic members ( Sohn J., Fabricant D.G., Geller M.J., Hwang Ho S., Diaferio A.)"
VizieR,J/A+A/522/A54/catalog,268,"Catalog of distance moduli calculated with three sets of isochrones and for two sets of stellar parameters and their assumed errors for 15386 stars ( Zwitter T., Matijevic G., Breddels M.A., et al.)"
VizieR,J/ApJ/741/98/table4,265,"WIYN Long-term Variability (WLTV) DEIMOS catalog ( Crawford S.M., Wirth G.D., Bershady M.A., Hon K.)"
VizieR,J/A+A/526/A28/appendix,264,"Information about the observations, spectroscopic  typing and redshift determination and spectral quality  of 238 individual objects ( Oestman L., Nordin J., Goobar A., et al.)"
VizieR,J/ApJ/751/50/table3,263,"The DEEP2 Voronoi-Delaunay method (VDM) group catalog ( Gerke B.F., Newman J.A., Davis M., Coil A.L., Cooper M.C., Dutton A.A., Faber S.M., Guhathakurta P., Konidaris N., Koo D.C., Lin L., Noeske K., Phillips A.C., Rosario D.J., Weiner B.J., Willmer C.N.A., Yan R.)"
VizieR,J/ApJ/922/179/table2c,263,"The WISE AGN galaxy catalog; from erratum published in 2023, ApJ, 952, 171 ( Barrows R.S., Comerford J.M., Stern D., Assef R.J.)"
VizieR,J/A+A/693/A62/catalog,262,"eRO-ExTra catalog ( Grotova I., Rau A., Salvato M., et al.)"
VizieR,J/AJ/165/208/table6,262,"Representative redshift catalog ( Mawatari K., Inoue A.K., Yamada T., Hayashino T., Prochaska J.X., Lee K.-G., Tejos N., Kashikawa N., Otsuka T., Yamanaka S., Schlegel D.J., Matsuda Y., Hennawi J.F., Iwata I., Umehata H., Mukae S., Ouchi M., Sugahara Y., Tamura Y.)"
VizieR,J/A+A/510/A48/catalog,261,"Palermo BAT survey catalogue (table2 in the paper) ( Cusumano G., La Parola V., Segreto A., Mangano V., Ferrigno C., Maselli A., Romano P., Mineo T., Sbarufatti B., Campana S., Chincarini G., Giommi P., Masetti N., Moretti A., Tagliaferri G.)"
VizieR,J/MNRAS/475/4148/table2,260,"VIMOS spectroscopic redshifts in the UKIDSS UDS field ( Galametz A., Pentericci L., Castellano M., Mendel T., Hartley W.G., Fossati M., Finoguenov A., Almaini O., Beifiori A., Fontana A., Grazian A., Scodeggio M., Kocevski D.D.)"
VizieR,J/MNRAS/488/5340/tablea1,259,"DEIMOS stellar radial velocities for stars in the field of NGC 6624 ( Baumgardt H., He C., Sweet S.M., Drinkwater M., Sollima A., Hurley J., Usher C., Kamann S., Dalgleish H., Dreizler S., Husser T.-O.)"
VizieR,J/MNRAS/478/4238/table2,254,"Derived properties for IR-bright AGNs ( Dai Y.S., Wilkes B.J., Bergeron J., Kuraszkiewicz J., Omont A., Atanas A., Teplitz H.I.)"
VizieR,J/ApJ/848/37/table7,252,"Galaxy properties; updated version from erratum published in 2020, ApJ, 892, 72 ( Connor T., Donahue M., Kelson D.D., Moustakas J., Coe D., Postman M., Bradley L.D., Koekemoer A.M., Melchior P., Umetsu K., Voit G.M.)"
VizieR,J/A+A/646/A83/mc416ne,250,"Spectroscopic catalog for MACS J0416.1-2403 (North-East pointing) ( Richard J., Claeyssens A., Lagattuta D., et al.)"
VizieR,J/MNRAS/396/2183/table,248,"Derived radial velocities of the outer sample stars ( Sollima A., Bellazzini M., Smart R.L., Correnti M., Pancino E., Ferraro F.R., Romano D.)"
VizieR,J/ApJ/888/78/catalog,248,"Data fields in the ACS-AGN catalog ( Stemo A., Comerford J.M., Barrows R.S., Stern D., Assef R.J., Griffith R.L.)"
VizieR,J/A+A/652/A70/tablec1,245,"Compilation of all parameters derived for the stars ( Bodensteiner J., Sana H., Wang C., Langer N., Mahy L., Banyard G., de Koter A., de Mink S.E., Evans C.J., Goetberg Y., Patrick L.R., Schneider F.R.N., Tramper F.)"
VizieR,J/A+A/544/A81/snsdss,245,"Physical parameters of SNe and their host galaxies ( Hakobyan A.A., Adibekyan V.Zh., Aramyan L.S., Petrosian A.R., Gomes J.M., Mamon G.A., Kunth D., Turatto M.)"
VizieR,J/MNRAS/458/3083/table1,240,"Details of the objects observed with the AAOmega ( Shakouri S., Johnston-Hollitt M., Dehghan S.)"
VizieR,J/ApJ/796/60/table9,240,"X-ray source list in ECDFS region ( Hsu L.-T., Salvato M., Nandra K., et al.)"
VizieR,J/MNRAS/475/343/table3,240,"779 new X-ray cluster candidates and 711 known X-ray clusters from cross-matching with ROSAT and XMM-Newton sources ( Wen Z.L., Han J.L., Yang F.)"
VizieR,J/AJ/132/1630/table3,238,"Positions and measured values for all cluster members ( Grocholski A.J., Cole A.A., Sarajedini A., Geisler D., Smith V.V.)"
VizieR,J/ApJ/609/935/table2,238,"Redshifts and luminosities estimated by E_p_-L relation ( Yonetoku D., Murakami T., Nakamura T., Yamazaki R., Inoue A.K., Ioka K.)"
VizieR,J/ApJ/902/14/table2,235,"Updated Pantheon (Scolnic+ 2018, J/ApJ/859/101) catalog ( Steinhardt C.L., Sneppen A., Sen B.)"
VizieR,J/MNRAS/462/3376/table1,232,"Individual results for objects meeting the criteria (hght>=0.2, -200km/s<=HV<=+200km/s) ( Thompson G.P., Ryan S.G., Sibbons L.F.)"
VizieR,J/MNRAS/440/1248/dim2t1c,230,"Type1 clusters from dim2 in comoving coordinates ( Nadathur S., Hotchkiss S.)"
VizieR,J/MNRAS/446/2985/tablea1,226,"Catalog of 59192 double-lobed radio sources from FIRST, including redshift information for matches to SDSS quasars ( van Velzen S., Falcke H., Kording E.)"
VizieR,J/ApJ/751/55/table2,224,"*Late B-type halo stars in the HVS survey ( Brown W.R., Geller M.J., Kenyon S.J.)"
VizieR,J/A+A/618/A144/qcc,222,"Quasar candidates ( Guo S., Qi Z., Liao S., Cao Z., Lattanzi M.G., Bucciarelli B., Tang Z., Yan Q.-Z.)"
VizieR,J/A+A/613/A67/catalog,222,"*Candidate clusters detected using the AMASCFI algorithm in the 4 Wide fields of CFHTLS T0007 ( Sarron F., Martinet N., Durret F., Adami C.)"
VizieR,J/A+A/559/A9/table3,217,"GRB search parameters ( Adrian-Martinez S., Albert A., Al Samarai I., et al.)"
VizieR,J/A+A/495/53/catalog,216,"Emission-line measurements, spectral indices, and derived physical properties of galaxies observed in the VIMOS/VLT Deep Survey (VVDS) ( Lamareille F., Brinchmann J., Contini T., et al.)"
VizieR,J/A+A/454/423/table2,216,"Spectroscopic redshift catalog ( Vanzella E., Cristiani S., Dickinson M., et al.)"
VizieR,J/ApJS/232/18/3fhl,216,"LAT point source catalog ( Ajello M., Atwood W.B., Baldini L., et al.)"
HEASARC,swbatagn60,214,Swift BAT 60-Month Survey of Active Galactic Nuclei Catalog
VizieR,J/ApJ/859/38/table3,214,"Spectroscopic catalog content ( Noirot G., Stern D., Mei S., Wylezalek D., Cooke E.A., De Breuck C., Galametz A., Hatch N.A., Vernet J., Brodwin M., Eisenhardt P., Gonzalez A.H., Jarvis M., Rettura A., Seymour N., Stanford S.A.)"
VizieR,J/A+A/427/387/master,213,"The Master catalogue, with comprehensive listings of detections from 7 surveys. Also lists 2 radio lobes if applicable. ( Flesch E., Hardcastle M.J.)"
VizieR,J/ApJ/929/147/table2,212,"List of all observed luminous globular clusters (GCs) candidates ( Dumont A., Seth A.C., Strader J., Voggel K., Sand D.J., Hughes A.K., Caldwell N., Crnojevic D., Mateo M., Bailey J.I., Forbes D.A.)"
VizieR,J/MNRAS/466/2006/phxcat,210,"The catalogue ( Kacharov N., Battaglia G., Rejkuba M., Cole A.A., Carrera R., Fraternali F., Wilkinson M.I., Gallart C.G., Irwin M., Tolstoy E.)"
VizieR,J/A+A/562/A23/spectro,210,"VIPERS spectroscopic catalog in the CFHTLS W1 and W4 fields ( Garilli B., Guzzo L., Scodeggio M., et al.)"
VizieR,J/A+A/671/A124/table2,206,"Main information of the observed targets ( Mucciarelli A., Minelli A., Bellazzini M., Lardo C., Romano D., Origlia L., Ferraro F.R.)"
VizieR,J/AJ/153/114/table5,206,"Globular Cluster Radial Velocities (from Erratum, 2017, AJ, 154, 80) ( Forbes D.A., Alabi A., Brodie J.P., Romanowsky A.J., Strader J., Foster C., Usher C., Spitler L., Bellstedt S., Pastorello N., Villaume A., Wasserman A., Pota V.)"
VizieR,J/A+A/647/A106/catalog,204,"PSZSPT catalog ( Melin J.-B., Bartlett J.G., Tarrio P., Pratt G.W.)"
VizieR,J/A+A/633/A154/cpz,204,"CPz catalogue with object classifications ( Logan C.H.A., Fotopoulou S.)"
VizieR,J/A+A/559/A14/f02udeep,204,"Search in F02_UDEEP field AND MagI between -100 and 100 AND Spectroscopic Redshift > 0 ( Le Fevre O., Cassata P., Cucciati O., et al.)"
VizieR,J/MNRAS/474/1873/catalog,204,"Galaxy catalogue with classification and related information for our Main sample ( Wang L.-L., Luo A.-L., Shen S.-Y., Hou W., Kong X., Song Y.-H., Zhang J.-N., Wu H., Cao Z.-H., Hou Y.-H., Wang Y.-F., Zhang Y., Zhao Y.-H.)"
VizieR,J/ApJ/641/169/table3,203,"Lens field galaxy properties ( Momcheva I., Williams K., Keeton C., Zabludoff A.)"
VizieR,J/A+A/646/A83/mc257,202,"Spectroscopic catalog for MACS J0257.6-2209 ( Richard J., Claeyssens A., Lagattuta D., et al.)"
VizieR,J/ApJ/893/77/table1,201,"Basic information, prompt emission, afterglow, and host galaxy data for the 6289 collected GRBs ( Wang F., Zou Y.-C., Liu F., Liao B., Liu Yu, Chai Y., Xia L.)"
HEASARC,rbscnvss,201,ROSAT All-Sky Survey/NVSS Bright X-Ray Source Sample
VizieR,J/ApJ/751/6/stars,199,Velocities measured ( Da Costa G.S.)
VizieR,J/A+A/513/A52/tableb1,199,"Globular Cluster velocities ( Schuberth Y., Richtler T., Hilker M., Dirsch B., Bassino L.P., Romanowsky A.J., Infante L.)"
VizieR,J/ApJ/890/132/table2,198,"Main properties of our 1132 quasars (after discounting 3 outliers being at 9{sigma} level) ( Malik S., Chand H., Seshadri T.R.)"
VizieR,II/326/zcatrev,198,"Revised SWIRE photometric redshift catalogues ( Rowan-Robinson M., Gonzalez-Solares E., Vaccari M., Marchetti L.)"
VizieR,VIII/94/catalog,197,Catalogue of extended radio sources from FIRST survey ( Amirkhanyan V.R.)
HEASARC,plancksz2,197,Planck 2nd Sunyaev-Zeldovich Source Catalog
VizieR,J/A+A/525/A79/catalog,196,"Radial velocity catalog in Abell 2933, 2440  and 2384 ( Maurogordato S., Sauvageot J.L., Bourdin H., Cappi A., Benoist C., Ferrari C., Mars G., Houairi K.)"
VizieR,J/ApJ/892/137/table2,195,"*Anglo-Australian Telescope (AAT) velocity measurements for Gru II and Tuc IV ( Simon J.D., Li T.S., Erkal D., et al.)"
VizieR,J/A+A/619/A13/table3,195,"Program cluster data ( Vasquez S., Saviane I., Held E.V., Da Costa G.S., Dias B., Gullieuszik M., Barbuy B., Ortolani S., Zoccali M.)"
VizieR,J/A+A/646/A83/mc940,195,"Spectroscopic catalog for MACS J0940.9+0744 ( Richard J., Claeyssens A., Lagattuta D., et al.)"
HEASARC,exgalemobj,195,Hewitt & Burbidge (1991) Catalog of Extragalactic Emission-Line
HEASARC,pkscat90,194,"Parkes Southern Radio Source Catalog, Version 1.01"
VizieR,J/A+A/513/A52/tableb2,194,"Foreground star velocities ( Schuberth Y., Richtler T., Hilker M., Dirsch B., Bassino L.P., Romanowsky A.J., Infante L.)"
VizieR,J/A+A/646/A83/mc416s,190,"Spectroscopic catalog for MACS J0416.1-2403 (South pointing) ( Richard J., Claeyssens A., Lagattuta D., et al.)"
HEASARC,zcat,189,CfA Redshift Catalog (June 1995 Version)
VizieR,J/ApJS/255/29/sample,189,"PTF core-collapse supernova (CCSN) (Table 3) and results from the host galaxy SED modelling with Prospector (Table 4) ( Schulze S., Yaron O., Sollerman J., et al.)"
VizieR,J/A+A/539/A80/main50,187,"Main sample D=5.0 mdens threshold catalog ( Liivamagi L.J., Tempel E., Saar E.)"
VizieR,J/AN/328/889/crvoca,187,"The catalogue of radial velocities of Galactic Open Clusters and Associations (CRVOCA) ( Kharchenko N.V., Scholz R.-D., Piskunov A.E., Roeser S., Schilbach E.)"
VizieR,J/MNRAS/499/6053/sample,184,"The reference sample ( Laurenti M., Vagnetti F., Middei R., Paolillo M.)"
VizieR,J/MNRAS/481/2458/tablea2,184,"Galaxy properties of small galaxy systems members ( Duplancic F., Coldwell G.V., Alonso S., Lambas D.G.)"
VizieR,J/A+A/551/A8/speclong,184,"Object identifications and redshifts (table 5) ( de Hoon A.B.J., Lamer G., Schwope A., Muhlegger M., Fassbender R., Boehringer H., Lerchster M., Nastasi A., Suhada R., Brimioulle F., Dietrich J.P., Rosati P., Pierini D., Verdugo M., Santos J.S., Quintana H., Rabitz A., Takey A.)"
HEASARC,emss,183,Einstein Catalog IPC EMSS Survey
VizieR,J/MNRAS/365/1392/table2,182,"Catalogue of our spectroscopic objects ( Tanaka M., Kodama T., Arimoto N., Tanaka I.)"
VizieR,VII/241/rep,181,"Additional spectra when more than 2 spectra were taken ( Croom S.M., Smith R.J., Boyle B.J., Shanks T., Miller L., Outram P.J., Loaring N.S.)"
HEASARC,spidersxmm,181,SDSS-IV/SPIDERS XMM-Based X-Ray Point Source Spectroscopic Catal
VizieR,J/MNRAS/513/3013/tablea1,179,"*Dynamical parameters for 1844 clusters of galaxies derived from the Chandra and XMM-Newton images ( Yuan Z.S., Han J.L., Wen Z.L.)"
VizieR,J/ApJS/240/6/catalog,179,"Quasars identified in LAMOST DR4 and DR5 ( Yao S., Wu X.-B., Ai Y.L., Yang J., Yang Q., Dong X., Joshi R., Wang F., Feng X., Fu Y., Hou W., Luo A.-L., Kong X., Liu Y., Zhao Y.-H., Zhang Y.-X., Yuan H.-L., Shen S.)"
VizieR,J/A+A/566/A1/galaxies,179,"Table of galaxies (m_r_<=17.77, z<=0.2) ( Tempel E., Tamm A., Gramann M., Tuvikene T., Liivamagi L. J., Suhhonenko I., Kipper R., Einasto M., Saar E.)"
VizieR,J/ApJ/883/11/table2,178,"Spectroscopic measurements for Crater II and Hercules targets -- from erratum published in 2021, ApJ, 923, 281 ( Fu S.W., Simon J.D., Jara A.G.A.)"
VizieR,J/ApJ/921/32/table5,178,"Crater 2 data ( Ji A.P., Koposov S.E., Li T.S., Erkal D., Pace A.B., Simon J.D., Belokurov V., Cullinane L.R., Da Costa G.S., Kuehn K., Lewis G.F., Mackey D., Shipp N., Simpson J.D., Zucker D.B., Hansen T.T., Bland-Hawthorn J., The S5 Collaboration.)"
VizieR,J/ApJS/225/23/table5,178,"Catalog of V1CGs (volume-limited 1 with 0.01<=z<=0.0754 and rMag>=-19mag) ( Sohn J., Geller M.J., Hwang H.S., Zahid H.J., Lee M.G.)"
VizieR,J/ApJ/857/51/table3,177,"PS1 host galaxies ( Jones D.O., Scolnic D.M., Riess A.G., et al.)"
VizieR,J/A+A/544/A104/table1,175,"Main catalog ( Vulcani B., Aragon-Salamanca A., Poggianti B.M., Milvang-Jensen B., von der Linden A., Fritz J., Jablonka P., Johnson O., Zaritsky D.)"
HEASARC,eingalclus,175,Einstein Observatory Clusters of Galaxies Catalog
VizieR,J/ApJ/761/140/table1,175,"Spectroscopically identified 0<z<2 SPIRE-selected galaxies ( Casey C.M., Berta S., Bethermin M., et al.)"
VizieR,J/MNRAS/407/2109/clusters,174,"Observed data, present positions and velocities,  and main orbital parameters for clusters ( Vande Putte D.V., Garnier T.P., Ferreras I., Mignani R.P., Cropper M.)"
VizieR,J/A+A/646/A83/mc2214,174,"Spectroscopic catalog for MACS J2214.9-1359 ( Richard J., Claeyssens A., Lagattuta D., et al.)"
VizieR,J/AJ/127/2455/table4,172,"Master data table ( Abraham R.G., Glazebrook K., Mccarthy P.J., Crampton D., Murowinski R., Jorgensen I., Roth K., Hook I.M., Savaglio S., Chen H.-W., Marzke R.O., Carlberg R.G.)"
VizieR,J/AJ/131/2114/table1,172,"Heliocentric radial velocity results for Fornax target stars ( Walker M.G., Mateo M., Olszewski E.W., Bernstein R., Wang X., Woodroofe M.)"
VizieR,J/A+A/646/A83/smc2131,171,"Spectroscopic catalog for SMACS J2131.1-4019 ( Richard J., Claeyssens A., Lagattuta D., et al.)"
VizieR,J/ApJ/770/107/galaxies,168,"SNfactory SN Ia host galaxies: properties (table1), spectroscopic observations (table4), spectroscopic results (table5), and stellar populations (table6) ( Childress M., Aldering G., Antilogus P., et al.)"
VizieR,J/ApJS/247/25/cand,168,"Galaxy cluster candidates in the SPTpol Extended Cluster Survey (Tables 8 and 9) ( Bleem L.E., Bocquet S., Stalder B., et al.)"
VizieR,J/MNRAS/373/521/table6,167,"Newly determined velocities and accurate positions for all previously known PNe within the central 25-deg^2^ region of the LMC. ( Reid W.A., Parker Q.A.)"
VizieR,J/ApJ/923/156/elgp,167,"Emission line galaxy pair (Table 1) and galaxy properties (Table 2) ( Dai Y.S., Malkan M.M., Teplitz H.I., et al.)"
VizieR,J/ApJ/753/121/table5,167,"Spec-z and photo-z group galaxies ( Knobel C., Lilly S.J., Iovino A., et al.)"
VizieR,J/MNRAS/440/1248/bri1t1c,166,"Type1 clusters from bright1 in comoving coordinates ( Nadathur S., Hotchkiss S.)"
VizieR,J/AJ/168/103/table1,166,"Hydra sample ( Anthony-Twarog B.J., Deliyannis C.P., Steinhauer A., Sun Q., Twarog B.A.)"
VizieR,J/A+A/505/139/stars,165,"ID, positions, magnitudes, RVs, atmospheric  parameters and abundances for stars in 17 GCs ( Carretta E., Bragaglia A., Gratton R.G., Lucatello S.)"
HEASARC,ecdfsnew,165,Extended Chandra Deep Field South 250-ks Improved Point Source C
VizieR,J/ApJ/707/1779/table3,164,"Spectroscopic redshifts for the other targets ( Eales S., Chapin E.L., Devlin M.J., Dye S., Halpern M., Hughes D.H., Marsden G., Mauskopf P., Moncelsi L., Netterfield C.B., Pascale E., Patanchon G., Raymond G., Rex M., Scott D., Semisch C., Siana B., Truch M.D.P., Viero M.P.)"
VizieR,J/ApJ/818/39/table3,164,"SDSS/SEGUE spectroscopy ( Hargis J.R., Kimmig B., Willman B., Caldwell N., Walker M.G., Strader J., Sand D.J., Grillmair C.J., Yoon J.H.)"
HEASARC,rosatrqq,163,ROSAT Radio-Quiet Quasars Catalog
VizieR,J/AJ/127/2674/table3,163,"Candidate Sculptor group star clusters ( Olsen K.A.G., Miller B.W., Suntzeff N.B., Schommer R.A., Bright J.)"
VizieR,J/MNRAS/469/492/cosmos,162,"JCMT/SCUBA2 objects in the COSMOS field (tables A1, A3, A5, A7) ( Michalowski M.J., Dunlop J.S., Koprowski M.P., et al.)"
VizieR,VII/207/table1,162,"Quasars (brighter than absolute magnitude -23) ( Veron-Cetty M.P., Veron P.)"
VizieR,J/MNRAS/429/3272/tableb1,162,"List of the REFLEX II superclusters constructed with mean cluster density f=10 ( Chon G., Bohringer H., Nowak N.)"
VizieR,J/ApJ/920/92/table6,161,"Measurements of all observed stars in Bootes I, Leo IV and Leo V ( Jenkins S.A., Li T.S., Pace A.B., Ji A.P., Koposov S.E., Mutlu-Pakdil B.)"
VizieR,J/MNRAS/452/3304/table2,160,"Positions, photometric data and velocities for galaxies of AC114 ( Proust D., Yegorova I., Saviane I., Ivanov V.D., Bresolin F., Salzer J.J., Capelato H.V.)"
VizieR,J/AJ/126/2740/table1,160,"X-ray Properties of Nearby Abell Cluster Sample ( Ledlow M.J., Voges W., Owen F.N., Burns J.O.)"
VizieR,J/MNRAS/436/3759/table1,160,"Classification of radio sources ( Bonzini M., Padovani P., Mainieri V., Kellermann K.I., Miller N., Rosati P., Tozzi P., Vattakunnel S.)"
VizieR,J/A+A/606/A122/redshift,159,"Position and redshift of 17293 galaxies in ten galaxy clusters (table D1) ( Foex G., Bohringer H., Chon G.)"
HEASARC,markarian,159,First Byurakan Survey (Markarian) Catalog of UV-Excess Galaxies
VizieR,J/ApJS/249/30/stars,158,"Observation log and HRVs (Table 1) and model atmospheric parameters (Table 3) ( Holmbeck E.M., Hansen T.T., Beers T.C., et al.)"
HEASARC,sdsss82cxo,158,Sloan Digital Sky Survey Stripe 82 Chandra Source Match Catalog
VizieR,J/A+A/549/A63/tablea1,158,"Properties of objects observed in the GMASS masks ( Kurk J., Cimatti A., Daddi E., Mignoli M., Pozzetti L., Dickinson M., Bolzonella M., Zamorani G., Cassata P., Rodighiero G., Franceschini A., Renzini A., Rosati P., Halliday C., Berta S.)"
VizieR,J/A+A/539/A80/lrgadap,156,"Luminous Red Galaxy (LRG) sample adaptive threshold catalog ( Liivamagi L.J., Tempel E., Saar E.)"
VizieR,J/ApJ/905/170/table6,153,"Structural properties for 5557 galaxies on CANDELS fields ( Mosleh M., Hosseinnejad S., Hosseini-ShahiSavandi S.Z., Tacchella S.)"
VizieR,J/AJ/165/85/table5,153,"Members of MELANGE-4 ( Wood M.L., Mann A.W., Barber M.G., et al.)"
VizieR,J/MNRAS/461/248/tableb1,152,"Full spectroscopic catalogue ( Sifon C., Battaglia N., Hasselfield M., et al.)"
VizieR,J/A+A/496/441/table1,151,"Sample stars ( Randich S., Pace G., Pastori L., Bragaglia A.)"
VizieR,J/A+A/691/A185/catalog,150,"Newly discovered GRG and existing GRG ( Mostert R.I.J., Oei M.S.S.L., Barkus B., Alegre L., Hardcastle M.J., Duncan K.J., Rottgering H.J.A., van Weeren R.J., Horton M.)"
VizieR,J/AJ/143/7/table5,150,"WISE-DEIMOS redshift catalog ( Lake S.E., Wright E.L., Petty S., Assef R.J., Jarrett T.H., Stanford S.A., Stern D., Tsai C.-W.)"
VizieR,J/MNRAS/481/1055/table5,150,"Galaxy redshifts ( Haines C.P., Busarello G., Merluzzi P., Pimbblet K.A., Vogt F.P.A., Dopita M.A., Mercurio A., Grado A., Limatola L.)"
VizieR,J/MNRAS/367/1261/tab3-18,149,"CFHT MOS Sample Galaxy Properties in the 15 quasar fields ( Morris S.L., Jannuzi B.T.)"
VizieR,J/A+A/437/883/catalog,149,"K20 redshift survey results: CDFS and QSO 0055-2659 fields ( Mignoli M., Cimatti A., Zamorani G., Pozzetti L., Daddi E., Renzini A., Broadhurst T., Cristiani S., D'Odorico S., Fontana A., Giallongo E., Gilmozzi R., Menci N., Saracco P.)"
VizieR,J/MNRAS/498/3241/tablea1,148,"Properties of all 199 galaxies in spectroscopic survey of the field of DES J0408-5354 and 54 galaxies in the spectroscopic survey of the field of WGD 2038-4008 ( Buckley-Geer E.J., Lin H., Rusu C.E., et al.)"
VizieR,J/ApJ/742/125/xgroups,147,"COSMOS X-ray group membership catalog ( George M.R., Leauthaud A., Bundy K., et al.)"
VizieR,J/A+A/623/A80/tablea1,147,"Information on APOGEE DR14 individual stars in common with candidate members in Gaia DR2 ( Carrera R., Bragaglia A., Cantat-Gaudin T., Vallenari A., Balaguer-Nunez L., Bossini D., Casamiquela L., Jordi C., Sordo R., Soubiran C.)"
VizieR,J/ApJ/923/258/table2,147,"Candidate electromagnetic counterparts to GW190814 ( Kilpatrick C.D., Coulter D.A., Arcavi I., et al.)"
VizieR,J/ApJ/754/91/samples,146,"Coordinates, magnitudes, atmospherical parameters,masses, radial and rotational velocities, Fe, Mg, and O abundances of the BS (blue straggler star), HB (horizontal branch) or TO (main-sequence turnoff) samples (tables 2, 3 and 4) ( Lovisi L., Mucciarelli A., Lanzoni B., Ferraro F.R., Gratton R., Dalessandro E., Contreras Ramos R.)"
VizieR,J/MNRAS/499/5022/tables2,146,"Properties of the galaxies studied in this work ( Dutta R., Fumagalli M., Fossati M., Lofthouse E.K., Prochaska J.X., Arrigoni Battaia F., Bielby R.M., Cantalupo S., Cooke R.J., Murphy M.T., O'Meara J.M.)"
VizieR,J/ApJ/824/70/table1,146,"The SED fitting results ( Dong X.Y., Wu X.-B.)"
VizieR,J/A+A/618/A157/tabled2,145,"Table of galaxies in compact groups ( Diaz-Gimenez E., Zandivarez A., Taverna A.)"
VizieR,J/A+A/520/A42/table4,145,"Location and properties of groups within 0.2<=z<=1 ( Cucciati O., Marinoni C., Iovino A., et al.)"
VizieR,J/A+A/646/A83/smc2031,145,"Spectroscopic catalog for SMACS J2031.8-4036 ( Richard J., Claeyssens A., Lagattuta D., et al.)"
VizieR,J/A+A/578/A116/abundances,143,"All stars studied: positions, magnitudes, velocities, atmospheric parameters, and abundances ( Carretta E. Bragaglia A., Gratton R., D'Orazi V., Lucatello S., Sollima A., Momany Y., Catanzaro G., Leone F.)"
VizieR,J/ApJS/258/18/dr16dla,142,"The DR16 damped Ly{alpha} (DLA) catalog ( Chabanier S., Etourneau T., Le Goff J.-M., Rich J., Stermer J., Abolfathi B., Font-Ribera A., Gonzalez-Morales A.X., de la Macorra A., Perez-Rafols I., Petitjean P., Pieri M.M., Ravoux C., Rossi G., Schneider D.P.)"
VizieR,J/MNRAS/483/3545/table2,141,"The revised catalogue of X-ray galaxy groups in 2deg^2^ of the COSMOS field, which was previously presented by Finoguenov et al. (2007ApJS..172..182F) and George et al. (2011ApJ...742..125G) ( Gozaliasl G., Finoguenov A., Tanaka M., et al.)"
VizieR,J/A+A/460/459/table9,140,"The whole sample of the LMC RR Lyrae stars taken with FORS1, FORS2 and GMOS ( Borissova J., Minniti D., Rejkuba M., Alves D.)"
VizieR,J/ApJ/902/137/table2,140,"The Ly{alpha} emitter (LAE) sample ( Guo Y., Jiang L., Egami E., Ning Y., Zheng Z.-Y., Ho L.C.)"
VizieR,J/ApJ/718/587/table4,139,"The Fermi-AT20G catalog ( Mahony E.K., Sadler E.M., Murphy T., Ekers R.D., Edwards P.G., Massardi M.)"
VizieR,J/ApJ/776/71/table4,139,"The ZENS catalog of structural, photometric and environmental properties for the sample galaxies ( Carollo C.M., Cibinel A., Lilly S.J., Miniati F., Norberg P., Silverman J.D., van Gorkom J., Cameron E., Finoguenov A., Peng Y., Pipino A., Rudick C.S.)"
VizieR,IX/49/xxl1000a,139,"The XXL_1000_AGN catalogue ( Pierre M., Pacaud F., Adami C., et al.)"
VizieR,J/ApJ/834/9/table2,139,"Radial velocities and membership ( Kirby E.N., Rizzi L., Held E.V., Cohen J.G., Cole A.A., Manning E.M., Skillman E.D., Weisz D.R.)"
VizieR,J/MNRAS/479/5343/table2,139,"Spectroscopic measurements for individual stars with either S/N>3 or RV error less than 10km/s in the Hydrus 1 field ( Koposov S.E., Walker M.G., Belokurov V., Casey A.R., Geringer-Sameth A., Mackey D., Da Costa G., Erkal D., Jethwa P., Mateo M., Olszewski E.W., Bailey J.I.)"
VizieR,J/ApJS/186/378/table5,139,"Catalog of sources in the 22-month Swift-BAT survey (2004-December to 2006-October) ( Tueller J., Baumgartner W.H., Markwardt C.B., et al.)"
VizieR,J/A+A/575/A75/tablea1,139,"Basic data and redshifts on sources with spectra in the HDF-S ( Bacon R., Brinchmann J., Richard J., et al.)"
VizieR,J/AJ/157/78/table2,138,"Double and multiple star systems from Gaia-DR2 ( Jimenez-Esteban F.M., Solano E., Rodrigo C.)"
VizieR,J/MNRAS/484/1021/table4,138,"The large radio sources ( Orenstein B.J., Collier J.D., Norris R.P.)"
VizieR,J/ApJ/739/L44/table2,138,"Complete list of objects used to construct the size evolution diagram ( Damjanov I., Abraham R.G., Glazebrook K., McCarthy P.J., Caris E., Carlberg R.G., Chen H.-W., Crampton D., Green A.W., Jorgensen I., Juneau S., Le Borgne D., Marzke R.O., Mentuch E., Murowinski R., Roth K., Savaglio S., Yan H.)"
VizieR,J/ApJ/872/192/table1,137,"Physical properties of the spectroscopic members of A2029 ( Sohn J., Geller M.J., Zahid H.J., Fabricant D.G.)"
VizieR,J/MNRAS/440/1248/bri1bt,136,"BasicType voids from bright1 in comoving coordinates ( Nadathur S., Hotchkiss S.)"
HEASARC,maxigschgl,136,37-Month MAXI/GSC High Galactic-Latitude Source Catalog
VizieR,J/ApJ/874/150/table12,135,"Light curve fit parameters for the 329 SNe Ia for G10 (Guy+ 2010A&A...523A...7G) & C11 (Chotard+ 2011A&A...529L...4C) intrinsic scatter models ( Brout D., Scolnic D., Kessler R., et al.)"
VizieR,J/ApJS/188/280/table3,135,"Spectroscopic Results ( Stern D., Jimenez R., Verde L., Stanford S.A., Kamionkowski M.)"
VizieR,J/MNRAS/493/2339/table1,134,"Kinematic data for stars in OB-associations ( Melnik A.M., Dambis A.K.)"
HEASARC,ascaegclus,134,ASCA Elliptical Galaxies and Galaxy Clusters Catalog
VizieR,J/ApJ/852/1/table2,134,"*Fermi/GBM sGRB sample ( Zhang G.Q., Wang F.Y.)"
VizieR,J/ApJS/235/14/clugal,134,"Abell 2744, MACS J0416.1-2403, MACS J0717.5+3745, MACS J1149.5+2223, Abell S1063 and Abell 370 clusters catalog ( Shipley H.V., Lange-Vagle D., Marchesini D., Brammer G.B., Ferrarese L., Stefanon M., Kado-Fong E., Whitaker K.E., Oesch P.A., Feinstein A.D., Labbe I., Lundgren B., Martis N., Muzzin A., Nedkova K., Skelton R., Van Der Wel A.)"
VizieR,J/ApJ/783/52/table1,133,"Redshifts in the field of A383 ( Geller M.J., Hwang H.S., Diaferio A., Kurtz M.J., Coe D., Rines K.J.)"
VizieR,J/MNRAS/440/1248/dim2bt,133,"BasicType voids from dim2 in comoving coordinates ( Nadathur S., Hotchkiss S.)"
VizieR,J/A+A/645/A74/xfczabs,131,"Atlas of X-ray absorbed AGN ( Ruiz A., Georgantopoulos I., Corral A.)"
VizieR,IX/52/atcaclas,131,"ATCA XXL-S source classification data (Paper XXXVI, Butler et al. 2019A&A...625A.111B) ( Chiappetti L., Pierre M., Adami C., et al.)"
VizieR,J/A+A/646/A83/mc329,131,"Spectroscopic catalog for MACS J0329.6-0211 ( Richard J., Claeyssens A., Lagattuta D., et al.)"
VizieR,J/AJ/130/1065/table7,131,"Sculptor members ( Coleman M.G., Da Costa G.S., Bland-hawthorn J.)"
VizieR,J/ApJ/661/750/table1,130,"MS 1054-03 Members ( Tran K.-V.H., Franx M., Illingworth G.D., Van Dokkum P., Kelson D.D., Blakeslee J.P., Postman M.)"
VizieR,J/AJ/153/114/table2,130,"Contaminants ( Forbes D.A., Alabi A., Brodie J.P., Romanowsky A.J., Strader J., Foster C., Usher C., Spitler L., Bellstedt S., Pastorello N., Villaume A., Wasserman A., Pota V.)"
VizieR,J/A+A/693/A212/catalog,130,"The eFEDS hard-band selected sample ( Nandra K., Waddell S.G.H., Liu T., et al.)"
VizieR,J/ApJ/836/7/table2,129,"Observed properties of supergroup members ( Monroe J.T., Tran K.-V.H., Gonzalez A.H.)"
VizieR,J/MNRAS/502/4170/streams,127,"Stream catalogue ( Reino S., Rossi E.M., Sanderson R.E., Sellentin E., Helmi A., Koppelman H.H., Sharma S.)"
VizieR,J/A+A/669/A115/table2,127,"Measured values for member stars ( Geisler D., Parisi M.C., Dias B., Villanova S., Mauro F., Saviane I., Cohen R.E., Moni Bidin C., Minniti D.)"
VizieR,J/MNRAS/383/183/table4,127,"Sample of the relevant data for the stars observed with VLT/FLAMES at both low- and high-resolution and in the Sculptor and Fornax dSphs, and used in the analysis of the CaT-[Fe/H] calibration. ( Battaglia G., Irwin M., Tolstoy E., Hill V., Helmi A., Letarte B., Jablonka P.)"
VizieR,J/A+A/537/A99/lqac2,127,"Quasars LQAC-2 ( Souchay J., Andrei A.H., Barache C., Bouquillon S., Suchet D., Taris F., Peralta R.)"
VizieR,J/A+A/573/A129/hevic500,125,"Catalog of point sources selected at 500um ( Pappalardo C., Bendo G.J., Bianchi S., et al.)"
VizieR,J/A+A/601/A145/tablea1,125,"Position and redshift of 4104 galaxies in three galaxy clusters ( Foex G., Chon G., Bohringer H.)"
HEASARC,hcggalaxy,125,Hickson Compact Groups of Galaxies (HCG) Individual Galaxies Dat
VizieR,J/A+A/664/A168/table2,124,"Measured parameters for the observed RGB stars ( De Bortoli B.J., Parisi M.C., Bassino L.P., Geisler D., Dias B., Gimeno G., Angelo M.S., Mauro F.)"
VizieR,J/A+A/614/A134/tablea3,123,"Catalog of redshifts and identifications of the non-SN Ia objects measured in MOS mode at the VLT during the SNLS survey ( Balland C., Cellier-Holzem F., Lidman C., et al.)"
HEASARC,globclust,123,Milky Way Globular Clusters Catalog (December 2010 Version)
VizieR,J/ApJ/682/985/catalog,123,"FIREWORKS photometric and redshift catalog ( Wuyts S., Labbe I., Forster Schreiber N.M., Franx M., Rudnick G., Brammer G.B., Van Dokkum P.G.)"
VizieR,J/ApJ/909/27/cand,122,"Gravitational lens candidates ( Huang X., Storfer C., Gu A., Ravi V., Pilon A., Sheu W., Venguswamy R., Banka S., Dey A., Landriau M., Lang D., Meisner A., Moustakas J., Myers A.D., Sajith R., Schlafly E.F., Schlegel D.J.)"
VizieR,J/ApJS/237/32/catalog,122,"Fermi catalog of high-latitude (|b|>5{deg}) extended sources (FHES) with best-fit parameters and likelihood ratios ( Ackermann M., Ajello M., Baldini L., et al.)"
VizieR,J/MNRAS/490/135/table2,122,"Target UDS galaxies for our magellan spectroscopic observation ( Lee S.-K., Im M., Hyun M., Park B., Kim J.-W., Kim D., Kim Y.)"
VizieR,J/ApJ/837/88/table1,121,"Catalog data for individual galaxies ( Bayliss M.B., Zengo K., Ruel J., Benson B.A., Bleem L.E., Bocquet S., Bulbul E., Brodwin M., Capasso R., Chiu I.-N., McDonald M., Rapetti D., Saro A., Stalder B., Stark A.A., Strazzullo V., Stubbs C.W., Zenteno A.)"
VizieR,J/ApJ/694/L144/table1,121,"Hectochelle Spectroscopy of Leo V ( Walker M.G., Belokurov V., Evans N.W., Irwin M.J., Mateo M., Olszewski E.W., Gilmore G.)"
VizieR,J/MNRAS/430/425/vlrslbg,120,"Catalogue of LBGs ( Bielby R., Hill M.D., Shanks T., Crighton N.H.M., Infante L., Bornancini C.G., Francke H., Heraudeau P., Lambas D.G., Metcalfe N., Minniti D., Padilla N., Theuns T., Tummuangpak P., Weilbacher P.)"
VizieR,J/ApJ/831/165/table1,119,"Heliocentric radial velocity for the RR Lyrae stars from individual SDSS DR12 spectra ( Vivas A.K., Zinn R., Farmer J., Duffau S., Ping Y.)"
VizieR,J/ApJ/876/50/catalog,119,"Stripe 82X eBOSS Value-added Catalog ( LaMassa S.M., Georgakakis A., Vivek M., Salvato M., Ananna T.T., Urry C.M., MacLeod C., Ross N.)"
VizieR,J/A+A/451/457/table1,119,"Best fit parameters for the whole sample of sources in the CDFS with a measured spectroscopic or photometric redshift ( Tozzi P., Gilli R., Mainieri V., Norman C., Risaliti G., Rosati P., Bergeron J., Borgani S., Giacconi R., Hasinger G., Nonino M., Streblyanska A., Szokoly G., Wang J.X., Zheng W.)"
VizieR,J/AJ/139/1051/CEMPstars,119,"Stellar data, atmospheric parameters and carbon abundance estimates for the observed carbon-enhanced metal-poor (CEMP) candidates ( Placco V.M., Kennedy C.R., Rossi S., Beers T.C., Lee Y.S., Christlieb N., Sivarani T., Reimers D., Wisotzki L.)"
VizieR,J/A+A/670/A58/photocat,118,"Photometric catalog, mass, morphology ( Mei S., Hatch N.A., Amodeo S., Afanasiev A.V., De Breuck C., Stern D., Cooke E.A., Gonzalez A.H., Noirot G., Rettura A., Seymour N., Stanford S.A., Vernet J., Wylezalek D.)"
VizieR,J/MNRAS/488/2743/table2,118,"Results from the spectroscopic modelling ( Torrealba G., Belokurov V., Koposov S.E., Li T.S., Walker M.G., Sanders J.L., Geringer-Sameth A., Zucker D.B., Kuehn K., Evans N.W., Dehnen W.)"
HEASARC,baxgalclus,118,BAX X-Ray Galaxy Clusters and Groups Catalog
VizieR,J/ApJS/227/7/table1,118,"Basic sample ( Li Y., Zhang B., Lu H.-J.)"
VizieR,J/ApJ/699/603/sample,118,"Blazars  and  Seyferts and radio galaxies detected by BAT sample ( Ajello M., Costamante L., Sambruna R.M., Gehrels N., Chiang J., Rau A., Escala A., Greiner J., Tueller J., Wall J.V., Mushotzky R.F.)"
VizieR,J/ApJ/514/148/table1,117,"ROSAT cluster catalog ( De Grandi S., Bohringer H., Guzzo L., Molendi S., Chincarini G., Collins C., Cruddace R., Neumann D., Schindler S., Schuecker P., Voges W.)"
VizieR,VII/255/sample,117,"dat.The sample of high-redshift galaxies: spectral indeces, redshifts, magnitudes, sizes and flux density for 2442 galaxies. ( Khabibullina M.L., Verkhodanov O.V.)"
VizieR,J/ApJ/859/75/members,117,"Parameters for the GIRAFFE target members of NGC 5824 (tables 1 and 4) ( Mucciarelli A., Lapenna E., Ferraro F.R., Lanzoni B.)"
HEASARC,elaisfbmc,116,European Large-Area ISO Survey (ELAIS) Final Band-Merged Catalog
VizieR,J/ApJS/217/27/table1,115,"Catalog of the morphological types of local galaxies ( Ann H.B., Seo M., Ha D.K.)"
VizieR,J/MNRAS/281/799/table34,114,"The sample of the 283 X-ray-brightest Abell-type clusters ( Ebeling H., Voges W., Bohringer H., Edge A.C., Huchra J.P., Briel U.G.)"
VizieR,J/A+A/694/A271/table2,114,"Catalog of spiral galaxies (EXP) in DESI DR9 ( Cai J.-H., Li N., Yang H.-F., Wang L.-L., Zheng A.-Y., Hao J., Zhao X., Xun Y.)"
VizieR,J/A+A/646/A83/bullet,114,"Spectroscopic catalog for Bullet ( Richard J., Claeyssens A., Lagattuta D., et al.)"
VizieR,IX/52/xxlnbcg,113,"BCG catalogue in XXL-N (Paper XXVIII Ricci et al. 2018A&A...620A..13R) ( Chiappetti L., Pierre M., Adami C., et al.)"
VizieR,J/A+A/475/539/table4,113,"Stellar parameters for the NGC 3960 stars observed with GIRAFFE ( Prisinzano L., Randich S.)"
VizieR,J/A+A/635/A152/tablec3,113,"Properties of observed FLAMES/GIRAFFE dataset in the Tucana dSph ( Taibi S., Battaglia G., Rejkuba M., Leaman R., Kacharov N., Iorio G., Jablonka P., Zoccali M.)"
VizieR,J/A+A/676/A127/tablea2,112,"Clean CODEX spectroscopic cluster catalogue, spectroscopically identified with SCGF ( Damsted S., Finoguenov A., Clerc N., Davalgaite I., Kirkpatrick C.C., Mamon G.A., Ider Chitham J., Kiiveri K., Comparat J., Collins C.)"
VizieR,J/ApJS/202/2/table2,112,"Radio source catalog ( Wold I.G.B., Owen F.N., Wang W.-H., Barger A.J., Keenan R.C.)"
VizieR,J/ApJ/833/194/table1,111,"Algorithmically identified groups with >=5 members ( Wilson M.L., Zabludoff A.I., Ammons S.M., Momcheva I.G., Williams K.A., Keeton C.R.)"
VizieR,J/A+A/425/367/reflex70,111,"REFLEX cluster catalogue for h=0.7 (H_0_=70km/s/Mpc) and Lambda-cosmology (table6a of paper) (H=70km/s/Mpc ( Boehringer H., Schuecker P., Guzzo L., Collins C.A., Voges W., Cruddace R.G., Ortiz-Gil A., Chincarini G., De Grandi S., Edge A.C., MacGillivray H.T., Neumann D.M., Schindler S., Shaver P.)"
VizieR,J/ApJ/713/1026/SNe,110,"Supernovae in the rate sample: confirmed (table2, with IAU names), with spectroscopic redshift (table3) or with photometric redshift (table4) ( Dilday B., Smith M., Bassett B., et al.)"
VizieR,J/A+A/677/A143/tablee1,110,"Parameters for the kinematics sample ( Mercier W., Epinat B., Contini T., Krajnovic D., Ciesla L., Lemaux B.C., Abril-Melgarejo V., Boogaard L., Pelliccia D.)"
VizieR,J/ApJS/240/39/table7,110,"DEIMOS spectroscopic survey catalog ( Golovich N., Dawson W.A., Wittman D.M., Jee M.J., Benson B., Lemaux B.C., van Weeren R.J., Andrade-Santos F., Sobral D., de Gasperin F., Bruggen M., Bradac M., Finner K., Peter A.)"
VizieR,J/A+A/573/A129/hevics,110,"*Herschel Virgo Cluster Survey: cross correlation between 250, 350 and 500um catalogs ( Pappalardo C., Bendo G.J., Bianchi S., et al.)"
VizieR,J/A+A/601/A97/table1,109,"Members of Cha I observed by the Gaia-ESO Survey ( Sacco G.G., Spina L., Randich S., et al.)"
VizieR,J/AJ/131/375/table4,108,"Heliocentric radial velocities of selected stars ( Westfall K.B., Majewski S.R., Ostheimer J.C., Frinchaboy P.M., Kunkel W.E., Patterson R.J., Link R.)"
VizieR,J/MNRAS/426/1137/table1,107,"Radial velocities of target stars ( Sollima A., Gratton R.G., Carballo-Bello J.A., Martinez-Delgado D., Carretta E., Bragaglia A., Lucatello S., Penarrubia J.)"
VizieR,J/A+A/555/A42/main210,107,"Main table, 2-10keV band ( Ranalli P., Comastri A., Vignali C., Carrera F.J., Cappelluti N., Gilli R., Puccetti S., Brandt W.N., Brunner H., Brusa M., Georgantopoulos I., Iwasawa K., Mainieri V.)"
VizieR,J/A+A/462/123/stars,107,"Photometric and spectrcoscopic results ( Prisinzano L., Damiani F., Micela G., Pillitteri I.)"
VizieR,IX/32/rosat,107,"The ROSAT Bright Survey (RBS) catalogue ( Fischer J.-U., Hasinger G., Schwope A.D., Brunner H., Boller T., Trumper J., Voges W., Neizvestny S., Schwarz R., Ugryumov A., Belage Yu.)"
VizieR,J/ApJ/943/23/table12,107,"Initial from the r-process-enhanced (RPE) sample ( Shank D., Beers T.C., Placco V.M., Gudin D., Catapano T., Holmbeck E.M., Ezzeddine R., Roederer I.U., Sakari C.M., Frebel A., Hansen T.T.)"
VizieR,J/A+A/539/A80/mainadap,107,"Main sample adaptive threshold catalog ( Liivamagi L.J., Tempel E., Saar E.)"
VizieR,J/A+A/590/A68/tablea1,105,"QSO names, coordinates, and emission redshifts ( Richter P., Wakker B.P., Fechner C., Herenz P., Tepper-Garcia T., Fox A.J.)"
VizieR,J/MNRAS/510/4796/table1,105,"INTEGRAL/IBIS X-ray catalog ( Krivonos R., Sazonov S., Kuznetsova E., Lutovinov A., Mereminskiy I., Tsygankov S.)"
VizieR,J/A+A/427/397/cl105411,104,"EDisCS cluster Cl 1054.4-1146 redshift data ( Halliday C., Milvang-Jensen B., Poirier S., Poggianti B.M., Jablonka P., Aragon-Salamanca A., Saglia R.P., De Lucia G., Pello R., Simard L., Clowe D.I., Rudnick G., Dalcanton J.J., White S.D.M., Zaritsky D.)"
VizieR,J/A+A/675/A99/tablec1,103,"FRB-event results ( Principe G., Di Venere L., Negro M., Di Lalla N., Omodei N., Di Tria R., Mazziotta M.N., Longo F.)"
HEASARC,xmmbssagn,103,XMM-Newton Bright Serendipitous Survey: AGN X-Ray Spectral Prope
VizieR,J/AJ/138/517/table2,102,"Position and measured values for member stars ( Parisi M.C., Grocholski A.J., Geisler D., Sarajedini A., Claria J.J.)"
VizieR,J/A+A/693/A291/table3,102,"High-confidence lens candidates reported by Canameras et al. (2021, Cat. J/A+A/653/L6) and not listed in Table 2, now with analysis of their environment ( Schuldt S., Canameras R., Andika I.T., Bag S., Melo A., Shu Y., Suyu S.H., Taubenberger S., Grillo C.)"
VizieR,J/ApJS/265/32/G4Jy3CRE,101,"The G4Jy-3CRE catalog (Table 3) with radio cross-identifications (Table 5) ( Massaro F., White S.V., Garcia-Perez A., et al.)"
VizieR,J/AJ/147/52/table2,100,"Catalog of overdensities in the Chandra Deep Field-South (CDFS) ( Dehghan S., Johnston-Hollitt M.)"
VizieR,J/A+A/428/339/sources,100,"Sources detected in the Capodimonte Deep Field (tables A1-A3 of the paper) ( Alcala J.M., Pannella M., Puddu E., et al.)"
VizieR,J/ApJ/911/82/table1,100,"Galaxy clusters from the selected LC-single and HSC-XXL catalogs ( Corasaniti P.-S., Sereno M., Ettori S.)"
VizieR,J/MNRAS/454/1202/tablea1,100,"INTEGRAL non-blazar AGN at |b|>5 deg ( Sazonov S., Churazov E., Krivonos R.)"
VizieR,J/ApJ/801/97/table2,100,"Magellan/IMACS Redshift Catalog ( Santini P., Ferguson H.C., Fontana A., et al.)"
VizieR,J/MNRAS/498/3241/tablea2,99,"Properties of galaxies in each trial group ( Buckley-Geer E.J., Lin H., Rusu C.E., et al.)"
VizieR,J/A+A/525/A37/table2,98,"Variability indexes of quasars ( Meusinger H., Hinze A., de Hoon A.)"
VizieR,J/A+A/538/A100/table3,98,"Photometric information for our FLAMES targets ( Lemasle B., Hill V., Tolstoy E., Venn K.A., Shetrone M.D., Irwin M.J., de Boer T.J.L., Starkenburg E., Salvadori S.)"
VizieR,J/ApJ/658/980/table3,98,"Foreground Stars from 2dF and WIYN/Hydra Spectroscopy ( Bridges T.J., Rhode K.L., Zepf S.E., Freeman K.C.)"
VizieR,V/151/cdfs,98,"VANDELS CDFS field ( McLure R., Pentericci L., VANDELS Team)"
HEASARC,rasscals,98,ROSAT All-Sky Survey CALS Galaxy Groups Catalog
VizieR,J/A+A/657/A56/tableb1,97,"SFR and infrared catalogue of star-forming cluster galaxies in Abell 209 ( Knowles K., Cotton W.D., Rudnick L., et al.)"
VizieR,J/A+A/664/A196/tableb1,97,"galaxies with good spectroscopic redshifts ( Euclid Collaboration, Saglia R., De Nicola S., et al.)"
VizieR,J/A+A/435/781/table3,97,"List of galaxy redshifts ( Olsen L.F., Benoist C., da Costa L., Hansen L., Joergensen H.E.)"
VizieR,J/ApJS/227/3/table3,96,"SPT-GMOS data products for candidate brightest cluster galaxy spectra ( Bayliss M.B., Ruel J., Stubbs C.W., et al.)"
VizieR,J/ApJ/903/4/table3,96,"A 260 LAEs at redshift 5.7 ( Ning Y., Jiang L., Zheng Z.-Y., Wu J., Bian F., Egami E., Fan X., Ho L.C., Shen Y., Wang R., Wu X.-B.)"
VizieR,J/ApJ/911/149/table1,96,"A total of 96 spectroscopic members in ATLAS stream and Aliqa Uma stream ( Li T.S., Koposov S.E., Erkal D., et al.)"
VizieR,J/ApJ/838/11/table2,96,"Velocity and metallicity measurements for Tucana III (106 unique stars) ( Simon J.D., Li T.S., Drlica-Wagner A., et al.)"
VizieR,J/A+A/495/691/bzcat4,96,"Multi-frequency catalogue of blazars (Roma-BZCAT) Version 4.1.1 (2012-August) ( Massaro E., Giommi P., Leto C., Marchegiani P., Maselli A., Perri M., Piranomonte S., Sclavi S.)"
VizieR,J/AJ/147/150/table1,95,"Properties of the target objects with measured velocities ( Dowell J.L., Rhode K.L., Bridges T.J., Zepf S.E., Gebhardt K., Freeman K.C., de Boer E.W.)"
VizieR,J/A+A/492/345/tablea1,95,"Positions, photometric data, photometric and spectroscopic redshifts for galaxies of Abell 1942 ( Capelato H.V., Proust D., Lima Neto G.B., Santos W.A., Sodre L.JR)"
VizieR,J/A+A/488/417/catalog,95,"Multiband catalog ( Feruglio C., Fiore F., La Franca F., Sacchi N., Puccetti S., Comastri A., Berta S., Gruppioni C., Mathur S, Matute I., Mignoli M., Vignali C., Zamorani G.)"
VizieR,J/A+A/600/A110/ecdfs,93,"VUDS-DR1 ECDFS field ( Tasca L.A.M., Le Fevre O., Ribeiro B., et al.)"
VizieR,J/PAZh/42/313/table1,93,"Catalog of 3<z<5.5 quasar candidates ( Khorunzhev G.A., Burenin R.A., Mescheryakov A.V., Sazonov S.Yu.)"
VizieR,J/MNRAS/411/1013/table3,93,"Relevant data for the stars in Sextans observed with VLT/FLAMES that passed our membership criteria ( Battaglia G., Tolstoy E., Helmi A., Irwin M., Parisi P., Hill V., Jablonka P.)"
VizieR,J/A+A/663/A126/table1,93,"Basic parameters of 149 newly identified Nitrogen rich stars ( Fernandez-Trincado J.G., Beers T.C., Barbuy B., Minniti D., Chiappini C., Garro E.R., Tang B., Alves-Brito A., Villanova S., Geisler D., Lane R.R., Diaz D.G.)"
VizieR,J/ApJ/795/L21/table1,93,"Galaxy Cluster Sample ( Griffin R.D., Dai X., Kochanek C.S.)"
VizieR,J/ApJ/696/1195/table2,93,"COSMOS XMM optical spectroscopy catalog ( Trump J.R., Impey C.D., Elvis M., et al.)"
VizieR,J/A+A/600/A110/cosmos,92,"VUDS-DR1 COSMOS field ( Tasca L.A.M., Le Fevre O., Ribeiro B., et al.)"
VizieR,J/A+A/602/A33/table1,92,"Stellar Parameters ( Frasca A., Biazzo K., Alcala J.M., Manara C.F., Stelzer B., Covino E., Antoniucci S.)"
VizieR,J/ApJ/799/205/OIIgal,92,"OII emitters: physical properties (table3) and morphologies (table4) ( Bridge J.S., Gronwall C., Ciardullo R., Hagen A., Zeimann G., Malz A.I., Acquaviva V., Schneider D.P., Drory N., Gebhardt K., Jogee S.)"
VizieR,J/MNRAS/506/323/tablea1,92,"*Key properties of the KGES galaxies discussed in this study ( Tiley A.L., Gillman S., Cortese L., Swinbank A.M., Dudzeviciute U., Harrison C.M., Smail I., Obreschkow D., Croom S.M., Sharples R.M., Puglisi A.)"
HEASARC,fermilhesc,91,Fermi LAT High-Energy Source Catalog (1FHL)
VizieR,J/A+A/625/A122/cielorgs,91,"The catalog of emission lines ( Mao J., Kaastra J.S., Guainazzi M., Gonzalez-Riestra R., Santos-Lleo M., Kretschmar P., Grinberg V., Kalfountzou E., Ibarra A., Matzeu G., Parker M., Rodriguez-Pascual P.)"
VizieR,J/ApJS/140/239/table3,91,"Catalog of clusters in the SGP ( Cruddace R., Voges W., Bohringer H., Collins C.A., Romer A.K., MacGillivray H., Yentis D., Schuecker P., Ebeling H., de Grandi S.)"
VizieR,J/A+A/479/141/table1,91,"The 147 candidate members of IC 4665 observed with FLAMES ( Manzi S., Randich S., De Wit W.J., Palla F.)"
VizieR,J/MNRAS/494/2429/table1,90,"Data for all nearby, likely young stars (NLYS) discussed in the paper ( Binks A.S., Jeffries R.D., Wright N.J.)"
VizieR,J/A+A/618/A157/tabled1,89,"Table of compact groups ( Diaz-Gimenez E., Zandivarez A., Taverna A.)"
VizieR,J/MNRAS/490/613/tablec23,89,"Photometric properties, measured redshifts and stellar masses of the i=<23 galaxies inside 120arcsec of WFI 2033-4723 ( Sluse D., Rusu C.E., Fassnacht C.D., et al.)"
VizieR,J/AJ/153/107/table2,88,"OzDES quasar catalog ( Tie S.S., Martini P., Mudd D., et al.)"
VizieR,J/ApJ/974/235/table7,88,"Stripe 82X DR3 catalog ( LaMassa S., Peca A., Urry C.M., Glikman E., Ananna T.T., Auge C., Civano F., Ghosh A., Kirkpatrick A., Koss M.J., Powell M., Salvato M., Trakhtenbrot B.)"
VizieR,J/ApJ/895/32/table1,88,"ZTF Bright Transient Survey (BTS) SNe ( Fremling C., Miller A.A., Sharma Y., et al.)"
VizieR,VII/225B/catalog,88,"The Canada-France Redshift Survey catalogue ( Lilly S.J., Le Fevre O., Crampton D., Hammer F., Tresse L.)"
VizieR,IX/60/cat2-5,87,"1505 blazars' luminosity-Doppler factor (Paper II, table 5) ( Xiao H.B., Fan J.H., Yang J.H., Liu Y., Yuan Y.H., Tao J., Costantin D., Zhang Y.T., Pei Z.Y., Zhang L.X., Yang W.X.)"
VizieR,J/MNRAS/490/3341/tablea2,86,"XMM clusters ( Farahi A., Chen X., Evrard A.E., et al.)"
VizieR,J/AJ/127/3075/table2,86,"Sources in the ELAIS S1 Sample ( La Franca F., Gruppioni C., Matute I., et al.)"
VizieR,J/ApJ/842/120/table2,85,"Kinematic catalog ( Ibata R.A., Lewis G.F., Thomas G., Martin N.F., Chapman S.)"
VizieR,V/151/uds,85,"VANDELS UDS field ( McLure R., Pentericci L., VANDELS Team)"
VizieR,J/A+A/532/A57/tablea1,85,"NTT/EMMI spectroscopic redshifts of SCL2243-G+I, H and J (from erratum 2013A&A...551C...2S) ( Schirmer M., Hildebrandt H., Kuijken K., Erben T.)"
VizieR,IX/52/xxlngal,84,"Spectrophotometric catalog of galaxies (Paper XXII Guglielmo et al. 2018A&A...620A...7G) ( Chiappetti L., Pierre M., Adami C., et al.)"
HEASARC,markarian2,84,Markarian Galaxies Optical Database
VizieR,J/A+A/662/A75/table2,84,"Measured values for member stars ( Parisi M.C., Gramajo L.V., Geisler D., Dias B., Claria J.J., Da Costa G., Grebel E.K.)"
VizieR,J/ApJ/871/129/table6,84,"The catalog of stars in the A2029 field ( Sohn J., Geller M.J., Walker S.A., Dell'Antonio I., Diaferio A., Rines K.J.)"
VizieR,J/A+A/540/A106/dr8gal,84,"Galaxy parameters ( Tempel E., Tago E., Liivamagi L.J.)"
VizieR,J/ApJ/888/89/table3,83,"Observed properties of spectroscopically confirmed dropout galaxies ( Toshikawa J., Malkan M.A., Kashikawa N., Overzier R., Uchiyama H., Ota K., Ishikawa S., Ito K.)"
HEASARC,wisehspcat,83,2WHSP Catalog of High Synchrotron Peaked Blazars and Candidates
VizieR,J/ApJ/871/129/table1,83,"The redshift galaxy catalog of A2029 ( Sohn J., Geller M.J., Walker S.A., Dell'Antonio I., Diaferio A., Rines K.J.)"
VizieR,J/ApJ/776/91/table1,83,"ClG 2130.4-0000 MMT/Hectospec spectroscopic redshifts ( Lemze D., Postman M., Genel S., et al.)"
HEASARC,athdfsoid,82,Australia Telescope Hubble Deep Field-South Optical Identificati
VizieR,J/MNRAS/457/3470/tablec1,82,"SNe Ia with host galaxy data ( Campbell H., Fraser M., Gilmore G.)"
VizieR,J/ApJ/868/110/table1,82,"Targets ( Sakari C.M., Placco V.M., Farrell E.M., et al.)"
VizieR,J/A+A/466/41/opt,81,"Optical properties of candidate counterparts of X-ray sources (table8 and tableb2 of the paper) ( Krumpe M., Lamer G., Schwope A.D., Wagner S., Zamorani G., Mignoli M., Staubert R., Wisotzki L., Hasinger G)"
VizieR,J/PAZh/49/695/galaxies,81,"Galaxies spectroscopic redshift measurements ( Zaznobin I.A., Burenin R.A., Belinski A.A., et al.)"
VizieR,IX/12/wgacat,81,"The catalogue ( White N.E., Giommi P., Angelini L.)"
VizieR,J/ApJS/213/25/table2,80,"Redshifts of spectroscopic members ( Stanford S.A., Gonzalez A.H., Brodwin M., Gettings D.P., Eisenhardt P.R.M., Stern D., Wylezalek D.)"
VizieR,J/MNRAS/482/4329/table2,80,"Parameters of 'inner' void galaxies (DNN=>2) ( Pustilnik S.A., Tepliakova A.L., Makarov D.I.)"
VizieR,J/ApJ/816/98/table3,80,"Bright central galaxies (BCGs) and their host cluster properties ( Zhang Y., Miller C., McKay T., et al.)"
VizieR,J/A+A/596/A116/table4,80,"Observational data for the stars ( Sperauskas J., Bartasiute S., Boyle R.P., Deveikis V., Raudeliunas S., Upgren A.R.)"
VizieR,J/MNRAS/385/1297/tablea1,80,"Results of spectroscopy observing for CENSORS ( Brookes M.H., Best P.N., Peacock J.A., Rottgering H.J.A., Dunlop J.S.)"
VizieR,J/MNRAS/404/1719/tablea3,80,"Complementary samples: CENSORS ( Gendre M.A., Best P.N., Wall J.V.)"
VizieR,J/ApJ/763/88/table6,80,"Photometrically classified SNe Ia data ( Campbell H., D'Andrea C.B., Nichol R.C., et al.)"
VizieR,J/A+A/561/A87/table2,80,"ID, coordinates, magnitudes, RVs for stars in Terzan 8 ( Carretta E., Bragaglia A., Gratton R.G., D'Orazi V., Lucatello S., Sollima A.)"
VizieR,J/A+A/685/A97/catalog,80,"Main properties of high-z sources ( Pouliasis E., Ruiz A., Georgantopoulos I., Vito F., Gilli R., Vignali C., Ueda Y., Koulouridis E., Akiyama M., Marchesi S., Laloux B., Nagao T., Paltani S., Pierre M., Toba Y., Habouzit M., Vijarnwannaluk B., Garrel C.)"
VizieR,J/A+A/657/A56/table4,80,"Catalogue of the 99 diffuse cluster radio sources detected in the MGCLS ( Knowles K., Cotton W.D., Rudnick L., et al.)"
VizieR,J/ApJ/807/178/table3,79,"The WHL12 (Wen et al. 2012, J/ApJS/199/34) cluster catalog with updated parameters ( Wen Z.L., Han J.L.)"
VizieR,J/ApJ/866/44/table4,79,"WISE/DEIMOS Redshift Catalog DR2; from erratum published in 2022, ApJ, 927, 240 ( Lake S.E., Wright E.L., Assef R.J., Jarrett T.H., Petty S., Stanford S.A., Stern D., Tsai C.-W.)"
VizieR,J/MNRAS/329/227/2dFGRS,79,"Candidate and additional 2dFGRS/NVSS  radio sources ( Sadler E.M., Jackson C.A., Cannon R.D., et al.)"
VizieR,J/A+A/427/397/cl1040,79,"EDisCS cluster Cl 1040.7-1155 redshift data ( Halliday C., Milvang-Jensen B., Poirier S., Poggianti B.M., Jablonka P., Aragon-Salamanca A., Saglia R.P., De Lucia G., Pello R., Simard L., Clowe D.I., Rudnick G., Dalcanton J.J., White S.D.M., Zaritsky D.)"
VizieR,J/ApJS/226/20/table1,78,"Sample for blazars ( Fan J.H., Yang J.H., Liu Y., Luo G.Y., Lin C., Yuan Y.H., Xiao H.B., Zhou A.Y., Hua T.X., Pei Z.Y.)"
VizieR,J/MNRAS/404/1719/CoNFIG,78,"Combined NVSS-FIRST Galaxies (CoNFIG) catalogue (4 samples) ( Gendre M.A., Best P.N., Wall J.V.)"
VizieR,J/MNRAS/437/2017/spectro1,78,"Spectroscopic catalogue of objects in Q0107 field ( Tejos N., Morris S.L., Finn C.W., Crighton N.H.M., Bechtold J., Jannuzi B.T., Schaye J., Theuns T., Altay G., Le Fevre O., Ryan-Weber E., Dave R.)"
VizieR,J/ApJ/704/1586/table1,78,Sample of 152 groups and clusters ( Sun M.)
VizieR,J/A+A/678/A27/tableb1,77,"Infrared luminosities, dust masses, dust temperatures, and spectral emissivity ( Ismail D., Beelen A., Buat V., et al.)"
VizieR,J/ApJ/857/51/table2,77,"PS1 coordinates and light curve parameters ( Jones D.O., Scolnic D.M., Riess A.G., et al.)"
VizieR,J/A+A/687/A37/catalog,77,"Catalog ( Bogensberger D., Nandra K., Salvato M., Liu T., Wolf J., Croom S., Starck H., Buchner J., Ponti G., Ider Chitham J., Maitra C., Robrade J., Merloni A., Krumpe M.)"
VizieR,J/ApJS/236/48/xuds,77,"Chandra X-UDS source catalog: basic source properties, fluxes and HRs and best-fit spectral parameters (tables 4-6) ( Kocevski D.D., Hasinger G., Brightman M., et al.)"
VizieR,J/A+A/464/L21/tables,77,"Fornax class A and B globular clusters, ultra-compact objects, and FLAMES dwarves (all classes, tables 1 to 3 of paper) ( Bergond G., Athanassoula E., Leon S., Balkowski C., Cayatte V., Chemin L., Guzman R., Meylan G., Prugniel P.)"
VizieR,J/MNRAS/414/702/table1,77,"Basic information and spectral types of 115 southern ULIRGs ( Lee J.C., Hwang H.S., Lee M.G., Kim M., Kim S.C.)"
VizieR,J/ApJS/225/23/syst,77,"Catalog of system containing a dominant galaxy surrounded by satellites (table 8) or with low surface brightness (table 10) ( Sohn J., Geller M.J., Hwang H.S., Zahid H.J., Lee M.G.)"
VizieR,J/MNRAS/375/931/table3,76,"6dFGS-NVSS data ( Mauch T., Sadler E.M.)"
VizieR,J/AJ/155/71/table2,76,"M2FS Star Identifiers, Coordinates, Photometry, and Velocities ( Johnson C.I., Rich R.M., Caldwell N., Mateo M., Bailey J.I., Olszewski E.W., Walker M.G.)"
HEASARC,dxrbs,76,ROSAT Deep X-Ray Radio Blazar Survey Catalog
VizieR,J/A+A/449/951/goods,76,"The GOODS-MUSIC multi-wavelength catalog:  position, spectroscopy, optical and infrared photometries ( Grazian A., Fontana A., De Santis C., Nonino M., Salimbeni S., Giallongo E., Cristiani S., Gallozzi S., Vanzella E.)"
VizieR,J/A+A/574/L7/table1,75,"Lithium rich stars in NGC 2547 ( Sacco G.G., Jeffries R.D., Randich S., et al.)"
VizieR,J/AJ/126/2237/table1,75,"PMN/FSC Sample ( Drake C.L., McGregor P.J., Dopita M.A., Van Breugel W.J.M.)"
VizieR,J/ApJ/766/37/table1,75,"Radio and optical data for our sample ( Singal A.K., Singh R.L.)"
VizieR,J/A+A/694/A241/tablea1,75,"Physical properties of our AGN sample ( Guo X., Gu Q., Fang G., Chen Y., Ding N., Yu X., Wang H.)"
VizieR,J/ApJS/195/2/bat2,75,"Second Swift BAT GRB catalog ( Sakamoto T., Barthelmy S.D., Baumgartner W.H., Cummings J.R., Fenimore E.E., Gehrels N., Krimm H.A., Markwardt C.B., Palmer D.M., Parsons A.M., Sato G., Stamatikos M., Tueller J., Ukwatta T.N., Zhang B.)"
VizieR,J/AJ/127/3075/table3,74,"Rest frame line measurements ( La Franca F., Gruppioni C., Matute I., et al.)"
VizieR,J/ApJS/228/22/table2,74,"The Korean VLBI Network Calibrator Survey (KVNCS) catalog ( Lee J.A., Sohn B.W., Jung T., Byun D.-Y., Lee J.W.)"
VizieR,J/ApJ/663/164/table5,74,"Spectroscopic data of field galaxies ( Demarco R., Rosati P., Lidman C., et al.)"
VizieR,J/MNRAS/495/4040/tableb1,74,"Host galaxy properties for the DES SN Ia sample ( Wiseman P., Smith M., Childress M., et al.)"
VizieR,J/A+A/482/419/data,74,"Redshift data (main part for 14 fields, and supplementary for 13 fields) ( Milvang-Jensen B., Noll S., Halliday C., et al.)"
VizieR,J/ApJ/836/174/gps,73,"The sources from the GPS (sources that have a peak above 843MHz) ( Callingham J.R., Ekers R.D., Gaensler B.M., et al.)"
VizieR,J/MNRAS/468/1917/table1,73,"Properties of the clusters in our Planck sample ( Rossetti M., Gastaldello F., Eckert D., Della Torre M., Pantiri G., Cazzoletti P., Molendi S.)"
VizieR,J/A+A/487/539/qnqqsos,73,"Confirmed quasars from the QNQ survey ( Worseck G., Wisotzki L., Selman F.)"
VizieR,J/ApJ/731/103/GRBs,73,"{gamma}-ray bursts studied: redshifts  and luminosity indicators ( Xiao L., Schaefer B.E.)"
VizieR,J/ApJ/661/1119/table2,72,"Low-mass pre-main sequence members in our 25 Orionis and Ori OB1b Hectochelle fields ( Briceno C., Hartmann L., Hernandez J., Calvet N., Vivas A.K., Furesz G., Szentgyorgyi A.)"
VizieR,J/A+A/679/A131/sample,72,"Galaxies and references used to compare these results with observations from different works ( Ramos Padilla A.F., Wang L., van der Tak F.F.S., Trager S.C.)"
VizieR,J/A+A/637/A58/tablea1,72,"Global properties we measured for the 186 clusters ( Liu A., Tozzi P., Ettori S., De Grandi S., Gastaldello F., Rosati P., Norman C.)"
VizieR,J/ApJS/259/53/table1,72,"General properties of SNe Ia in CNIa0.02 DR1 ( Chen P., Dong S., Kochanek C.S., et al.)"
HEASARC,chandfs7ms,71,Chandra Deep Field-South 7-Megasecond X-Ray Source Catalog
VizieR,J/ApJ/745/56/table1,71,"Properties of the Upper Scorpius spectroscopic sample ( Dahm S.E., Slesnick C.L., White R.J.)"
VizieR,J/A+A/643/A2/catalog,71,"ALPINE DR1 merged catalog ( Bethermin M., Fudamoto Y., Ginolfi M., et al.)"
VizieR,J/A+A/423/867/table12,71,"Basic data of the sample galaxies in CFRS 3h, UDSR and UDSF fields ( Liang Y.C., Hammer F., Flores H., Elbaz D., Marcillac D., Cesarsky C.J.)"
VizieR,J/ApJS/193/8/table4,71,"Individual redshifts measured with Gemini/GMOS ( Bayliss M.B., Hennawi J.F., Gladders M.D., Koester B.P., Sharon K., Dahle H., Oguri M.)"
VizieR,J/ApJS/263/24/4lacdr3,71,"Combined table from original tables ( Ajello M., Baldini L., Ballet J., et al.)"
VizieR,J/ApJ/858/92/table2,71,"Observation log for the 107 stars ( Hansen T.T., Holmbeck E.M., Beers T.C., Placco V.M., Roederer I.U., Frebel A., Sakari C.M., Simon J.D., Thompson I.B.)"
VizieR,J/ApJ/836/174/pkfreq,70,"The peaked-spectrum sources in the high and low frequency samples (sources with a spectral peak between 72MHz and 1.4GHz) ( Callingham J.R., Ekers R.D., Gaensler B.M., et al.)"
VizieR,J/ApJ/815/33/table2,70,"Optical and X-ray properties of the ""best sample"" ( Risaliti G., Lusso E.)"
HEASARC,elaiss1oid,70,ELAIS S1 Field X-Ray Source Optical/IR Identifications Catalog
VizieR,J/AJ/129/2062/table1,70,"The SDSS DR1 isolated galaxies ( Allam S.S., Tucker D.L., Lee B.C., Smith J.A.)"
VizieR,J/MNRAS/473/5154/table2,70,"Basic properties of our 191 blazars ( Mishra S., Chand H., Gopal-Krishna, Joshi R., Shchekinov Y.A., Fatkhullin T.A.)"
VizieR,J/ApJ/761/143/agn,69,"Broad-line fitting results and black hole  masses for the broad-line AGNs ( Nobuta K., Akiyama M., Ueda Y., et al.)"
VizieR,J/A+A/427/397/cl1232,69,"EDisCS cluster Cl 1232.5-1250 redshift data ( Halliday C., Milvang-Jensen B., Poirier S., Poggianti B.M., Jablonka P., Aragon-Salamanca A., Saglia R.P., De Lucia G., Pello R., Simard L., Clowe D.I., Rudnick G., Dalcanton J.J., White S.D.M., Zaritsky D.)"
VizieR,J/BaltA/11/465/table1,69,"Individual radial velocities of stars in the Kiev proper motion fields of the MEGA program ( Sperauskas J., Aslan Z., Bartasiute S., Boyle R.P.)"
VizieR,J/ApJ/808/185/table5,68,"COSMOS NuSTAR catalog ( Civano F., Hickox R.C., Puccetti S., et al.)"
VizieR,J/A+A/442/841/tablea,68,"List of measured redshifts for the clusters EISJ0046-2951, EISJ0048-2942, EISJ0050-2941, EISJ2236-4017 and EISJ2249-3958 ( Olsen L.F., Zucca E., Bardelli S., Benoist C., Da Costa L., Jorgensen H.E., Biviano A., Ramella M.)"
VizieR,VII/207/table3,68,"Active galaxies (fainter than -23) ( Veron-Cetty M.P., Veron P.)"
VizieR,J/MNRAS/292/419/table1,68,"Cluster reference data ( White D.A., Jones C., Forman W.)"
VizieR,J/A+A/490/945/table3,67,"List of galaxy redshifts ( Grove L.F., da Costa L., Benoist C.)"
VizieR,J/ApJ/756/139/Xgroups,67,"Properties and stellar masses  of X-ray selected groups ( Connelly J.L., Wilman D.J., Finoguenov A., Hou A., Mulchaey J.S., McGee S.L., Balogh M.L., Parker L.C., Saglia R., Henderson R.D.E., Bower R.G.)"
VizieR,VIII/88/esz,67,"Planck Early Sunyaev-Zel'dovich cluster candidates ( Planck Collaboration: Ade P.A.R., Aghanim N., Arnaud M., et al.)"
VizieR,J/ApJ/818/113/table1,67,"QSO sample ( Neeleman M., Prochaska J.X., Ribaudo J., Lehner N., Howk J.C., Rafelski M., Kanekar N.)"
HEASARC,xmmcosmagn,66,XMM-COSMOS Catalog of X-Ray Selected Type 1 AGN
VizieR,J/MNRAS/484/1899/table2,66,"Non-ASAS-SN SNe ( Holoien T.W-S., Brown J.S., Vallely P.J., et al.)"
VizieR,J/ApJ/929/40/table3,66,"Optical morphological H_160_ counterparts FIRGs and SMGs host galaxies in the COSMOS field ( Ling C., Yan H.)"
HEASARC,rosatrlq,66,ROSAT Radio-Loud Quasars Catalog
HEASARC,kuehr,66,Extragalactic Radio Sources
VizieR,J/ApJ/788/72/table1,66,"Summary of the Observed Sample ( Gallazzi A., Bell E.F., Zibetti S., Brinchmann J., Kelson D.D.)"
VizieR,J/MNRAS/467/1098/table1,65,"ASAS-SN Supernovae ( Holoien T.W.-S., Brown J.S., Stanek K.Z., et al.)"
VizieR,J/ApJ/853/108/table4,65,"Catalog of clumps from 1270 galaxies ( Guo Y., Rafelski M., Bell E.F., et al.)"
VizieR,J/ApJ/646/133/table1,65,"*Photometric and spectroscopic results ( Mulchaey J.S., Lubin L.M., Fassnacht C., Rosati P., Jeltema T.E.)"
VizieR,J/A+A/583/A69/tablea2,64,"Information on non-member stars on the basis of RV or metallicity, all observed with GIRAFFE ( Bragaglia A., Carretta E., Sollima A., Donati P., D'Orazi V., Gratton R.G., Lucatello S., Sneden C.)"
VizieR,VII/258/vv10,63,"Quasars (M_v_<-22.25), BL Lac and AGNs (M_v_>-22.25) ( Veron-Cetty M.P., Veron P.)"
VizieR,J/AJ/130/957/table2,63,"Velocity data for 6dF galaxy spectra ( Fleenor M.C., Rose J.A., Christiansen W.A., Hunstead R.W., Johnston-Hollitt M., Drinkwater M.J., Saunders W.)"
VizieR,J/ApJ/658/865/table1,63,"Spectroscopic catalog ( Jeltema T.E., Mulchaey J.S., Lubin L.M., Fassnacht C.D.)"
VizieR,J/AJ/135/1311/table4,63,"*Group Member Properties ( Auger M.W., Becker R.H., Fassnacht C.D.)"
VizieR,J/ApJS/261/25/table1,63,"Fitting parameters for the 179 GRBs ( Dainotti M.G., Young S., Li L., et al.)"
VizieR,J/ApJ/788/81/members,63,"Properties of candidate members of  young kinematic groups and membership probabilities ( Malo L., Artigau E., Doyon R., Lafreniere D., Albert L., Gagne J.)"
VizieR,J/A+A/654/A80/tablec1,62,"Catalog of UV emission line sources collected from the literature provided with the paper ( Schmidt K.B., Kerutt J., Wisotzki L., et al.)"
VizieR,J/MNRAS/456/2829/table1,62,"Radial velocities of 132 galaxies in the field of A523 ( Girardi M., Boschin W., Gastaldello F., Giovannini G., Govoni F., Murgia M., Barrena R., Ettori S., Trasatti M., Vacca V.)"
VizieR,J/A+A/594/A27/psz2,62,"Second SZ catalogue (PSZ2) (Union catalog) ( Plankc collaboration Ade P.A.R., Aghanim N., Arnaud M., et al.)"
VizieR,J/ApJ/791/128/table13,62,"Galaxy Group Members near 3C 273 (z_abs = 0.00336) ( Stocke J.T., Keeney B.A., Danforth C.W., Syphers D., Yamamoto H., Shull J.M., Green J.C., Froning C., Savage B.D., Wakker B., Kim T.-S., Ryan-Weber E.V., Kacprzak G.G.)"
VizieR,J/ApJ/562/254/table5,62,"A3395 Velocities ( Donnelly R.H., Forman W., Jones C., Quintana H., Ramirez A., Churazov E., Gilfanov M.)"
VizieR,J/MNRAS/383/183/table3,61,"Sample of the relevant data for the stars in the globular clusters NGC 104, NGC 3201, NGC 4590 and NGC 5904 observed with VLT/FLAMES at low resolution, and that we used in the analysis of the CaT-[Fe/H] calibration. ( Battaglia G., Irwin M., Tolstoy E., Hill V., Helmi A., Letarte B., Jablonka P.)"
VizieR,J/A+A/420/61/clusters,61,"Cluster parameters ( Schuecker P., Boehringer H., Voges W.)"
VizieR,J/MNRAS/440/1248/dim1t1c,61,"Type1 clusters from dim1 in comoving coordinates ( Nadathur S., Hotchkiss S.)"
VizieR,J/ApJ/869/6/table3,60,"Spectroscopic cluster & group members ( Deger S., Rudnick G., Kelkar K., Aragon-Salamanca A., Desai V., Lotz J.M., Jablonka P., Moustakas J., Zaritsky D.)"
VizieR,J/MNRAS/434/2877/table2,60,"Sources used to fit the magnitude-redshift relation ( Thorat K., Saripalli L., Subrahmanyan R.)"
VizieR,J/ApJ/862/48/table3,60,"The resulting values for the SDSS sample ( Mei A., Ming Z.)"
VizieR,J/ApJ/732/45/table3,59,"Flux densities and polarization percentages for the 159 radio galaxies ( Sajina A., Partridge B., Evans T., Stefl S., Vechik N., Myers S., Dicker S., Korngut P.)"
VizieR,J/ApJS/248/21/table1,59,"The list of 371 Swift long gamma-ray bursts (LGRBs) ( Hao J.-M., Cao L., Lu Y.-J., Chu Q.-B., Fan J.-H., Yuan Y.-F., Yuan Y.-H.)"
VizieR,J/ApJ/624/135/table1,59,"The PDS spectroscopic catalog ( Afonso J., Georgakakis A., Almeida C., Hopkins A.M., Cram L.E., Mobasher B., Sullivan M.)"
VizieR,J/A+A/520/A109/galaxies,59,"Galaxy information and photometric  properties for the whole sample: MS 0451 (Paper III, 2008A&A...488..117K),  MS 1008, MS 2137 and Cl 0413 ( Kutdemir E., Ziegler B.L., Peletier R.F., Da Rocha C., Boehm A., Verdugo M.)"
VizieR,J/A+A/678/A26/tablea78,59,"Spectroscopic redshifts and emission line properties: HerBS sources (tables A7 + A8) ( Cox P., Neri R., Berta S., et al.)"
VizieR,J/ApJ/908/83/table1,59,"Joint KW/Swift-BAT sample ( Tsvetkova A., Frederiks D., Svinkin D., Aptekar R., Cline T.L., Golenetskii S., Hurley K., Lysenko A., Ridnaia A., Ulanov M.)"
VizieR,J/PASJ/63/S677/table1,58,"Cataloged sources in the MAXI/GSC survey ( Hiroi K., Ueda Y., Isobe N., et al.)"
VizieR,J/ApJS/180/67/catalog,58,"Catalog of quasar candidates from non-parametric  Bayes classifier kernel density estimate (NBC KDE) ( Richards G.T., Myers A.D., Gray A.G., Riegel R.N., Nichol R.C., Brunner R.J., Szalay A.S., Schneider D.P., Anderson S.F.)"
VizieR,J/ApJ/668/853/table3,58,"*NB912-selected USEL Sample ( Kakazu Y., Cowie L.L., Hu E.M.)"
VizieR,J/ApJ/896/95/seyfert,57,"Narrow-line (Table 3) and broad-line (Table 4) X-ray spectral analysis of the Seyfert 1 galaxies ( Ojha V., Chand H., Dewangan G.C., Rakshit S.)"
VizieR,J/MNRAS/440/1248/bri2bt,57,"BasicType voids from bright2 in comoving coordinates ( Nadathur S., Hotchkiss S.)"
VizieR,J/AJ/132/347/galaxies,57,"Observed clusters ( Chiboucas K., Mateo M.)"
VizieR,J/MNRAS/435/1680/appen,57,"Properties of the SNIa host galaxies studied ( Johansson J., Thomas D., Pforr J., Maraston C., Nichol R.C., Smith M., Lampeitl H., Beifiori A., Gupta R.R., Schneider D.P.)"
VizieR,J/ApJ/878/66/table2,57,"Redshift catalog ( Connor T., Kelson D.D., Blanc G.A., Boutsia K.)"
VizieR,J/MNRAS/491/2057/table3,57,"Continuum sources in the MUSE FOV extracted by Sextractor with S/N>2 and m_r_<27mag ( Lofthouse E.K., Fumagalli M., Fossati M., O'Meara J.M., Murphy M.T., Christensen L., Prochaska J.X., Cantalupo S., Bielby R.M., Cooke R.J., Lusso E., Morris S.L.)"
HEASARC,actmadcows,57,ACT Massive and Distant Clusters of WISE Survey (MaDCoWS) Candid
VizieR,J/A+A/359/865/table4,57,"Compact ISOPHOT Serendipity Sources with associated galaxies ( Stickel M., Lemke D., Klaas U., Beichman C.A., Rowan-Robinson M., Efstathiou A., Bogun S., Kessler M.F., Richter G.)"
HEASARC,twodfqsoz,56,2dF QSO Redshift (2QZ) Survey
VizieR,J/ApJ/926/98/table1,56,"Basic information for our SNe Ia ( Dubay L.O., Tucker M.A., Do A., Shappee B.J., Anand G.S.)"
VizieR,J/A+A/626/A9/sample,56,"unobscured type 2 AGN ( Mignoli M., Feltre A., Bongiorno A., et al.)"
VizieR,J/AJ/120/1/tables,56,"Data for the line-of-sight (tables 6-15) ( Adami C., Holden B.P., Castander F.J., Nichol R.C., Mazure A., Ulmer M.P., Postman M., Lubin L.M.)"
VizieR,J/ApJ/787/24/table4,56,"The Structural Parameters of True Edge-on Galaxies from the 1-D Analysis ( Bizyaev D.V., Kautsch S.J., Mosenkov A.V., Reshetnikov V.P., Sotnikova N.YA., Yablokova N.V., Hillyer R.W.)"
VizieR,J/A+A/409/439/tablea,56,"Redshifts obtained in the 10 fields ( Olsen L.F., Hansen L., Jorgensen H.E., Benoist C., da Costa L., Scodeggio M.)"
VizieR,J/ApJ/796/60/table11a,56,"Redshift catalog for the optical/NIR/MIR to X-ray counterparts with the maximum posterior ( Hsu L.-T., Salvato M., Nandra K., et al.)"
VizieR,J/ApJ/744/84/table1,56,"The combined sample ( Yuan Z., Wang J.)"
VizieR,J/ApJ/660/311/table2,56,"*HVS Survey: new observations ( Brown W.R., Geller M.J., Kenyon S.J., Kurtz M.J., Bromley B.C.)"
VizieR,J/ApJ/727/47/table1,56,"Mg II absorption in QSO-galaxy pairs ( Bowen D.V., Chelouche D.)"
VizieR,J/A+A/597/A24/tablec1,55,"Spectroscopic sources within the VIMOS pre-imaging field ( Rabitz A., Zhang Y.-Y., Schwope A., Verdugo M., Reiprich T., Klein M.)"
VizieR,J/MNRAS/471/4966/table1,55,"ASAS-SN Supernovae ( Holoien T.W.-S., Brown J.S., Stanek K.Z., et al.)"
VizieR,J/A+A/377/428/table1,55,"Heliocentric radial velocities for galaxies ( Sodre L.Jr., Proust D., Capelato H.V., Lima Neto G.B., Cuevas H., Quintana H., Fouque P.)"
VizieR,J/A+A/409/79/table1,55,"The HELLAS2XMM 1dF sample ( Fiore F., Brusa M., Cocchia F., Baldi A., Carangelo N., Ciliegi P., Comastri A., La Franca F., Maiolino R., Matt G., Molendi S., Mignoli M., Perola G.C., Severgnini P., Vignali C.)"
VizieR,J/ApJ/923/197/tableb1,55,"SN H-band ""max model"" and optical ""EBV model2"" {mu} fits ( Ponder K.A., Wood-Vasey W.M., Weyant A., Barton N.T., Galbany L., Liu S., Garnavich P., Matheson T.)"
VizieR,J/ApJ/796/60/table11b,55,"Redshift catalog for the X-ray sources with multiple optical/NIR/MIR counterparts ( Hsu L.-T., Salvato M., Nandra K., et al.)"
VizieR,J/ApJ/731/119/table5,55,"selected for a high probability of association with Sagittarius ( Ruhland C., Bell E.F., Rix H.-W., Xue X.-X.)"
VizieR,J/MNRAS/482/1545/table2,55,"The SNe in our sample ( Shivvers I., Filippenko A.V., Silverman J.M., et al.)"
VizieR,J/ApJ/756/139/table2,55,"Spectroscopic redshifts ( Connelly J.L., Wilman D.J., Finoguenov A., Hou A., Mulchaey J.S., McGee S.L., Balogh M.L., Parker L.C., Saglia R., Henderson R.D.E., Bower R.G.)"
VizieR,J/MNRAS/413/1206/Xsources,54,"Observational data and parameters of  the basic model (power law and thermal plasma) ( Brightman M., Nandra K.)"
VizieR,J/ApJ/655/51/tables,54,"Observations and modeling results of  HDFS galaxies at 2<z<3.5 ( Wuyts S., Labbe I., Franx M., Rudnick G., Van Dokkum P.G., Fazio G.G., Forster Schreiber N.M., Huang J., Moorwood A.F.M., Rix H.-W., Rottgering H., Van Der Werf P.)"
HEASARC,fermilac,54,Fermi LAT Fourth AGN Catalog
VizieR,J/A+A/422/907/tab2-4,54,"MOS targets in the field of MS 1008-12, Cl 0303+17 and Cl 0413-65 observed with Setup A and Setup B. ( Jaeger K., Ziegler B.L., Boehm A., Heidt J., Moellenhoff C., Hopp U., Mendez R.H., Wagner S.)"
VizieR,J/ApJ/639/37/table1,53,"Our AGN sample galaxies that reside in the sky region covered by the SSRS and CFA2 catalogs ( Koulouridis E., Plionis M., Chavushyan V., Dultzin-Hacyan D., Krongold Y., Goudis C.)"
VizieR,J/ApJ/815/129/table2,53,"Subaru/FMOS spectroscopic observations ( Suh H., Hasinger G., Steinhardt C., Silverman J.D., Schramm M.)"
VizieR,J/ApJS/172/368/table1,53,"X-Ray Spectral Fit Parameters ( Mainieri V., Hasinger G., Cappelluti N., et al.)"
VizieR,J/MNRAS/511/4500/table3b,52,"Yep 3 ( Yep A.C., White R.J.)"
VizieR,J/ApJS/259/20/table10,52,"Spectroscopically identified galaxies and AGNs in our dropout samples ( Harikane Y., Ono Y., Ouchi M., Liu C., Sawicki M., Shibuya T., Behroozi P.S., He W., Shimasaku K., Arnouts S., Coupon J., Fujimoto S., Gwyn S., Huang J., Inoue A.K., Kashikawa N., Komiyama Y., Matsuoka Y., Willott C.J.)"
VizieR,J/ApJ/668/853/table2,52,"*NB816-selected USEL Sample ( Kakazu Y., Cowie L.L., Hu E.M.)"
VizieR,J/ApJ/891/129/table2,52,"HeCS-omnibus clusters ( Sohn J., Geller M.J., Diaferio A., Rines K.J.)"
VizieR,J/ApJ/940/77/table1,52,"Clean used in the analysis ( Marcotulli L., Ajello M., Urry C.M., Paliya V.S., Koss M., Oh K., Madejski G., Ueda Y., Balokovic M., Trakhtenbrot B., Ricci F., Ricci C., Stern D., Harrison F., Powell M.C., The BASS Collaboration)"
VizieR,J/A+A/677/A28/table1,52,"General properties of the SNe and their host galaxies ( Pessi T., Prieto J.L., Anderson J.P., et al.)"
VizieR,J/AJ/136/2050/table5,52,"Properties of selected member stars of M 13, M 15, M 2, NGC 2420, and M 67 ( Lee Y.S., Beers T.C., Sivarani T., Johnson J.A., An D., Wilhelm R., Allende Prieto C., Koesterke L., Fiorentin P.R., Bailer-Jones C.A.L., Norris J.E., Yanny B., Rockosi C., Newberg H.J., Cudworth K.M., Pan K.)"
VizieR,J/A+A/678/A26/tablea6,52,"Spectroscopic redshifts and emission line properties: HeLMS and HerS sources ( Cox P., Neri R., Berta S., et al.)"
VizieR,J/MNRAS/344/602/table1,52,List of the SDSS superclusters using R_pr_=26h^-1^Mpc. ( Basilakos S.)
VizieR,J/PASP/131/A4002/table1,52,"Summary of CSP-II NIR Spectroscopy of SNe Ia ( Hsiao E.Y., Phillips M.M., Marion G.H., et al.)"
VizieR,J/A+A/387/26/table7,52,"Photometric and morphological parameters of galaxies in 7 clusters ( Fasano G., Bettoni D., D'Onofrio M., Kjfrgaard P., Moles M.)"
VizieR,J/MNRAS/395/1213/table1,52,"Positions, cross-correlation peak heights and spectroscopic redshifts (heliocentric) of galaxies in the field of MACS J1206.2-0847 ( Ebeling H., Ma C.J., Kneib J.-P., Jullo E., Courtney N.J.D., Barrett E., Edge A.C., Le Borgne J.-F.)"
VizieR,J/ApJ/843/76/table4,51,"*Planck Early Sunyaev-Zel'dovich (ESZ) sample ( Andrade-Santos F., Jones C., Forman W.R., et al.)"
VizieR,J/MNRAS/438/796/table3,51,"6dFGS galaxies detected as AT20G radio sources. ( Sadler E.M., Ekers R.D., Mahony E.K., Mauch T., Murphy T.)"
VizieR,B/bax/bax,51,"Main parameters of the BAX database ( Sadat R., Blanchard A., Kneib J.-P., Mathez G., Madore B., Mazzarella J.M.)"
VizieR,J/ApJ/889/185/table3,51,"Overdensities selected in the XMM-LSS field ( Krefting N., Sajina A., Lacy M., Nyland K., Farrah D., Darvish B., Duivenvoorden S., Duncan K., Gonzalez-perez V., Lagos C.D.P., Oliver S., Shirley R., Vaccari M.)"
VizieR,J/ApJS/155/1/table6,51,"Photometric data for radio/optical identifications ( Sullivan M., Hopkins A.M., Afonso J., Georgakakis A., Chan B., Cram L.E., Mobasher B., Almeida C.)"
VizieR,J/A+A/676/A127/tablea3,51,"Clean CODEX spectroscopic cluster catalogue, spectroscopically confirmed using SPIDERS manual inspection ( Damsted S., Finoguenov A., Clerc N., Davalgaite I., Kirkpatrick C.C., Mamon G.A., Ider Chitham J., Kiiveri K., Comparat J., Collins C.)"
VizieR,J/MNRAS/484/1899/table1,51,"ASAS-SN SNe ( Holoien T.W-S., Brown J.S., Vallely P.J., et al.)"
VizieR,J/A+A/693/A291/table2,51,"High-confidence lens candidates with ResNet scores p>=0.1, and average grades G>=1.5 from visual inspection ( Schuldt S., Canameras R., Andika I.T., Bag S., Melo A., Shu Y., Suyu S.H., Taubenberger S., Grillo C.)"
VizieR,J/ApJ/880/142/table2,51,"New spectroscopic redshifts from Hectospec ( Sohn J., Geller M.J., Zahid H.J.)"
VizieR,J/A+A/420/97/table1,50,"Photometric and kinematic data on 77 spirals in the FORS Deep Field ( Boehm A., Ziegler B.L., Saglia R.P., Bender R., Fricke K.J., Gabasch A., Heidt J., Mehlert D., Noll S., Seitz S.)"
VizieR,J/A+A/464/201/table1,50,"Basic parameters of the program stars ( Monaco L., Bellazzini M., Bonifacio P., Buzzoni A., Ferraro F.R., Marconi G., Sbordone L., Zaggia S.)"
VizieR,J/ApJS/183/295/catalog,50,"Photometry, redshifts and rest-frame photometry catalog ( Taylor E.N., Franx M., Van Dokkum P.G., et al.)"
VizieR,J/MNRAS/440/1248/lrgdimbt,50,"BasicType voids from lrgdim in comoving coordinates ( Nadathur S., Hotchkiss S.)"
VizieR,J/MNRAS/450/3675/scsingle,49,"Sigma Catalogue with unique entries ( Sereno M., Ettori S.)"
VizieR,J/ApJS/185/32/fits,49,"Light curve fits in MLCS2K2 (table10) and SALT-II (table14) models ( Kessler R., Becker A.C., Cinabro D., et al.)"
VizieR,J/ApJ/724/L176/table1,49,"Summary of additional galaxy properties in Chen et al. (2010, Cat. J/ApJ/714/1521) ( Chen H.-W., Wild V., Tinker J.L., Gauthier J.-R., Helsby J.E., Shectman S.A., Thompson I.B.)"
VizieR,J/MNRAS/510/2228/table2b,49,"The light curves of SNe Ia in the complete Year 1 sample ( Dhawan S., Goobar A., Smith M., et al.)"
VizieR,VII/224/table1,49,"Quasars (brighter than absolute magnitude -23) ( Veron-Cetty M.P., Veron P.)"
VizieR,J/A+AS/96/389/table2,49,"Observed data of the IR-defined sample ( de Grijp M.H.K., Keel W.C., Miley G.K., Goudfrooij P., Lub J.)"
VizieR,J/ApJS/206/4/qsos,48,"Quasar catalog with SED parameters and  bolometric corrections ( Krawczyk C.M., Richards G.T., Mehta S.S., Vogeley M.S., Gallagher S.C., Leighly K.M., Ross N.P., Schneider D.P.)"
VizieR,J/ApJ/897/44/table5,48,"Candidate galaxies and their likelihood measures from different methods ( Shahidi A., Mobasher B., Nayyeri H., Hemmati S., Wiklind T., Chartab N., Dickinson M., Finkelstein S.L., Pacifici C., Papovich C., Ferguson H.C., Fontana A., Giavalisco M., Koekemoer A., Newman J., Sattari Z., Somerville R.)"
VizieR,J/MNRAS/392/19/2slaqqso,48,"2SLAQ spectroscopic catalogue, built using add_IDs.pl version 1.2 (2008/02/16) ( Croom S.M., Richards G.T., Shanks T., et al.)"
VizieR,J/A+A/514/A11/sample,47,"List of the 545 nearest counterparts of the ADF-S sources from the 6{sigma} catalog (S_90um_>0.0301Jy) (tableA1) ( Malek K., Pollo A., Takeuchi T.T., Bienias P., Shirahata M., Matsuura S., Kawada M.)"
VizieR,J/ApJ/697/1741/table1,47,"K magnitudes, positions, proper motions and radial velocities of the 90 W-R/O stars used in our analysis ( Bartko H., Martins F., Fritz T.K., et al.)"
VizieR,J/A+A/583/A69/tablea1,47,"Information on the member stars observed ( Bragaglia A., Carretta E., Sollima A., Donati P., D'Orazi V., Gratton R.G., Lucatello S., Sneden C.)"
VizieR,J/ApJ/671/1503/table2,47,"MS 0451-03 redshift catalog ( Moran S.M., Ellis R.S., Treu T., Smith G.P., Rich R.M., Smail I.)"
VizieR,J/A+A/612/A96/tablea1,47,"RV and vsini for the single stars and SB1 systems ( Frasca A., Guillout P., Klutsch A., Freire Ferrero R., Marilli E., Biazzo K., Gandolfi D., Montes D.)"
VizieR,J/A+A/607/A131/table1,46,"Redshifts of 407 galaxies in the field of A520 ( Deshev B., Finoguenov A., Verdugo M., Ziegler B., Park C., Seong Hwang H., Haines C., Kamphuis P., Tamm A., Einasto M., Hwang N., Park B.-G.)"
HEASARC,acceptcat,46,Archive of Chandra Cluster Entropy Profile Tables (ACCEPT) Catal
VizieR,J/MNRAS/306/708/table1,46,"Properties of the faint radio source catalogue ( Georgakakis A., Mobasher B., Cram L., Hopkins A., Lidman C., Rowan-Robinson M.)"
VizieR,J/MNRAS/520/6245/tablea2,46,"Properties of Tuc-Hor stars ( Galli P.A.B., Miret-Roig N., Bouy H., Olivares J., Barrado D.)"
VizieR,J/A+A/427/397/cl105412,46,"EDisCS cluster Cl 1054.7-1245 redshift data ( Halliday C., Milvang-Jensen B., Poirier S., Poggianti B.M., Jablonka P., Aragon-Salamanca A., Saglia R.P., De Lucia G., Pello R., Simard L., Clowe D.I., Rudnick G., Dalcanton J.J., White S.D.M., Zaritsky D.)"
VizieR,J/MNRAS/440/1248/bri2t1c,46,"Type1 clusters from bright2 in comoving coordinates ( Nadathur S., Hotchkiss S.)"
VizieR,J/MNRAS/359/930/table1,46,"The CIDA-UCM-Yale survey (CUYS) catalogue of emission line galaxies. ( Bongiovanni A., Bruzual G., Magris G., Gallego J., Garcia-Dabo C.E., Coppi P., Sabbey C.)"
VizieR,J/A+A/676/A127/tablea1,46,"CODEX red-sequence galaxy to SCGF group assignment ( Damsted S., Finoguenov A., Clerc N., Davalgaite I., Kirkpatrick C.C., Mamon G.A., Ider Chitham J., Kiiveri K., Comparat J., Collins C.)"
VizieR,IX/49/xxl100gc,46,"the XXL-100-GC catalogue ( Pierre M., Pacaud F., Adami C., et al.)"
VizieR,J/A+A/363/141/table1,46,"Data for 741 source ( Reich W., Fuerst E., Reich P., Kothes R., Brinkmann W., Siebert J.)"
VizieR,J/MNRAS/480/4302/tablec1,45,"Catalog of halo wide binaries ( Coronado J., Sepulveda M.P., Gould A., Chaname J.)"
VizieR,J/AJ/131/114/table7,45,"Positions, magnitudes, and redshifts for the optical counterparts ( Burgess A.M., Hunstead R.W.)"
VizieR,J/ApJS/192/1/table5,45,"*Light-curve parameters of the combined SN sample ( Conley A., Guy J., Sullivan M., et al.)"
VizieR,J/PAZh/49/695/clusters,45,"Clusters spectroscopic redshift measurements ( Zaznobin I.A., Burenin R.A., Belinski A.A., et al.)"
VizieR,J/AJ/165/269/table2,45,Adopted Members of TWA ( Luhman K.L.)
VizieR,J/A+A/408/905/tableb,45,"VLG systems ( Cappi A., Benoist C., da Costa L.N., Maurogordato S.)"
VizieR,J/ApJ/658/980/table2,45,"Spectroscopically Confirmed M104 Globular Clusters ( Bridges T.J., Rhode K.L., Zepf S.E., Freeman K.C.)"
VizieR,J/A+A/555/A42/main510,44,"Main table, 5-10keV band ( Ranalli P., Comastri A., Vignali C., Carrera F.J., Cappelluti N., Gilli R., Puccetti S., Brandt W.N., Brunner H., Brusa M., Georgantopoulos I., Iwasawa K., Mainieri V.)"
VizieR,J/A+A/587/A158/catalog,44,Catalog of galaxy cluster masses ( Andreon S.)
HEASARC,xteassagn,44,XTE All-Sky Slew Survey AGN Catalog
VizieR,J/MNRAS/475/343/table1,44,"21475 known clusters of galaxies recognized from the survey data of SuperCOSMOS, WISE, and 2MASS ( Wen Z.L., Han J.L., Yang F.)"
VizieR,J/A+A/607/A44/table2,44,"Basic information on observed stars ( Bragaglia A., Carretta E., D'Orazi V., Sollima A., Donati P., Gratton R.G., Lucatello S.)"
VizieR,J/MNRAS/440/1248/dim1bt,44,"BasicType voids from dim1 in comoving coordinates ( Nadathur S., Hotchkiss S.)"
VizieR,J/A+A/423/469/table1,44,"Identified AGNs ( Sazonov S.Yu., Revnivtsev M.G.)"
HEASARC,xteasscat,44,XTE All-Sky Slew Survey Catalog
VizieR,J/A+A/559/A2/tables,44,"Results of the spectrocopic  observations ( Galametz A., Stern D., Pentericci L., De Breuck C., Vernet J., Wylezalek D., Fassbender R., Hatch N., Kurk J., Overzier R., Rettura A., Seymour N.)"
VizieR,J/ApJ/835/166/table1,44,"Supernova sample ( de Jaeger T., Gonzalez-Gaitan S., Hamuy M., et al.)"
VizieR,J/A+A/545/A66/AGNs,44,"Properties of the 852 X-ray selected  (+11 X-ray undetected) SDSS type 1 AGNs falling in the FIRST field ( Ballo L., Heras F.J.H., Barcons X., Carrera F.J.)"
VizieR,J/MNRAS/463/1929/table1,44,"The halo occupation distribution of BOSS-galaxies in XCS clusters (0.2<z<0.7) ( Mehrtens N., Romer A.K., Nichol R.C., et al.)"
VizieR,J/MNRAS/440/1248/lrgbribt,44,"BasicType voids from lrgbright in comoving coordinates ( Nadathur S., Hotchkiss S.)"
VizieR,J/ApJS/252/18/table2,44,"Characteristics of the most prominent density peaks and their association ( Tanoglidis D., Drlica-Wagner A., Wei K., et al.)"
VizieR,J/ApJ/792/45/table3,44,"Galaxy redshifts ( Ruel J., Bazin G., Bayliss M., et al.)"
VizieR,J/ApJ/878/11/table1,44,"Source catalog (table sent by the author) ( Zou F., Yang G., Brandt W.N., Xue Y.)"
HEASARC,mcxc,44,MCXC Meta-Catalog of X-Ray Detected Clusters of Galaxies
HEASARC,mggammacat,43,Gamma-Ray Source Summary Catalog (Macomb & Gehrels 1999 & 2001)
VizieR,J/MNRAS/325/1002/table1,43,"List of early-type galaxy consistent data quality ( Willis, J.P, Hewett, P.C., Warren, S.J.)"
VizieR,J/MNRAS/492/4325/tablea1,43,"SN Ia information ( Stahl B.E., Zheng W., de Jaeger T., et al.)"
VizieR,J/MNRAS/464/183/table1,43,"Velocity dispersion, characteristic radii and masses of DEEP2 groups ( Nascimento R.S., Ribeiro A.L.B., Lopes P.A.A.)"
VizieR,J/MNRAS/450/3665/lc2all,43,"LC2-all catalogue, version V2.0 ( Sereno M.)"
VizieR,J/MNRAS/444/3258/SNe,43,"Light-curve information, heliocentric  redshift and spectral measurement information for each SN Ia in the sample ( Maguire K., Sullivan M., Pan Y.-C., Gal-Yam A., Hook I.M., Howell D.A., Nugent P.E., Mazzali P., Chotard N., Clubb K.I., Filippenko A.V., Kasliwal M.M., Kandrashoff M.T., Poznanski D., Saunders C.M., Silverman J.M., Walker E., Xu D.)"
VizieR,J/MNRAS/487/1823/table1,43,"properties ( Lambrides E.L., Petric A.O., Tchernyshyov K., Zakamska N.L., Watts D.J.)"
VizieR,J/A+A/635/A152/tablec1,43,"Properties of observed P91-FORS2 dataset in the Tucana dSph ( Taibi S., Battaglia G., Rejkuba M., Leaman R., Kacharov N., Iorio G., Jablonka P., Zoccali M.)"
VizieR,J/ApJ/807/169/sncat,43,"All supernovae included in this analysis ( Ackermann M., Arcavi I., Baldini L., et al.)"
VizieR,J/A+A/631/A46/tablea1,43,"Estimates of optical measurements for the radio-loud sample ( Gaur H., Gu M., Ramya S., Guo H.)"
VizieR,J/MNRAS/423/3561/xclass,43,"The XMM CLuster Archive Super Survey (X-CLASS) serendipitous cluster catalogue ( Clerc N., Sadibekova T., Pierre M., Pacaud F., Le Fevre J.-P., Adami C., Altieri B., Valtchanov I.)"
VizieR,J/ApJ/829/5/table1,43,"Full catalog ( Lamee M., Rudnick L., Farnes J.S., Carretti E., Gaensler B.M., Haverkorn M., Poppi S.)"
VizieR,II/290/finalcat,43,"SWIRE photometric redshift catalogue ( Rowan-Robinson M., Babbedge T., Oliver S., Trichas M., Berta S., Lonsdale C., Smith G., Shupe D., Surace J., Arnouts S., Ilbert O., Fevre O.L., Afonso-Luis A., Perez-Fournon I., Hatziminaoglou E., Polletta M., Farrah D., Vaccari M.)"
VizieR,J/MNRAS/296/839/pdf,43,"Phoenix Deep Field Data ( Hopkins A.M., Mobasher, B. Cram, L., Rowan-Robinson, M.)"
VizieR,J/ApJS/261/21/table3,42,"Properties of the SDSS subsample ( Yu N., Ho L.C., Wang J., Li H.)"
VizieR,J/MNRAS/493/4276/tablea1,42,"Table of VIKING counterparts ( Bakx T.J.L.C., Eales S., Amvrosiadis A.)"
VizieR,J/MNRAS/485/4311/table1,42,"Star identifiers, sky coordinates, photometry, radial velocities, and model atmosphere parameters for all stars ( Johnson C.I., Caldwell N., Rich R.M., Mateo M., Bailey J.I.)"
VizieR,J/MNRAS/457/4515/table1,42,"Properties of the clusters in our sample ( Rossetti M., Gastaldello F., Ferioli G., Bersanelli M., De Grandi S., Eckert D., Ghizzardi S., Maino D., Molendi S.)"
VizieR,J/A+A/666/A97/table1,42,"Early-forming clusters of the z_20ex,Mz_ set ( Lin Y.-T., Miyatake H., Guo H., Chiang Y.-K., Chen K.-F., Lan T.-W., Chang Y.-Y.)"
VizieR,J/A+A/615/A68/snprop,42,"*Properties of the SNIa sample ( Roman M., Hardin D., Betoule M., et al.)"
VizieR,J/ApJS/122/51/galaxies,42,"Combined table from original tables ( Dressler A., Smail I., Poggianti B.M., Butcher H., Couch W.J., Ellis R.S., Oemler A.Jr)"
VizieR,J/ApJ/833/194/table5,42,"Algorithmic group members ( Wilson M.L., Zabludoff A.I., Ammons S.M., Momcheva I.G., Williams K.A., Keeton C.R.)"
VizieR,J/ApJ/769/79/table1,42,"The CARLA sample of radio-loud AGNs (Clusters Around Radio-Loud AGNs) ( Wylezalek D., Galametz A., Stern D., Vernet J., De Breuck C., Seymour N., Brodwin M., Eisenhardt P.R.M., Gonzalez A.H., Hatch N., Jarvis M., Rettura A., Stanford S.A., Stevens J.A.)"
VizieR,J/MNRAS/467/4220/catalog,42,"Catalogue of i<=24 galaxies inside 120 arcsec of HE 0435-1223 (Tables A1 and A2 from the paper) ( Rusu C.E., Fassnacht C.D., Sluse D., Hilbert S., Wong K.C., Huang K.-H., Suyu S.H., Collett T.E., Marshall P.J., Treu T., Koopmans L.V.E.)"
VizieR,J/AJ/145/13/stars,42,"Photometry (table1), velocities (table2), effective temperatures (table4), abundances (table5a & 5b), their uncertainties (table5c), and the number of lines used (table5d) of 137 candidate Extremely Metal-Poor stars ( Aoki W., Beers T.C., Lee Y.S., Honda S., Ito H., Takada-hidai M., Frebel A., Suda T., Fujimoto M.Y., Carollo D., Sivarani T.)"
VizieR,J/MNRAS/356/89/sigOri,42,"Results of the {sigma} Ori cluster investigation ( Kenyon M.J., Jeffries R.D., Naylor T., Oliveira J.M., Maxted P.F.L.)"
VizieR,J/A+A/602/A100/table1,41,"Catalog of galaxies ( Tempel E., Tuvikene T., Kipper R., Libeskind N.I.)"
VizieR,J/ApJ/636/631/table5,41,"Galaxies around PKS 0405-123 ( Williger G.M., Heap S.R., Weymann R.J., Dave R., Ellingson E., Carswell R.F., Tripp T.M., Jenkins E.B.)"
VizieR,J/ApJ/850/181/table2,41,"Galaxy data ( Rudnick G., Jablonka P., Moustakas J., Aragon-Salamanca A., Zaritsky D., Jaffe Y.L., De Lucia G., Desai V., Halliday C., Just D., Milvang-Jensen B., Poggianti B.)"
VizieR,J/ApJ/665/921/table3,41,"Spectroscopic identification of z<2.5 objects toward A1689 ( Frye B.L., Coe D., Bowen D.V., Benitez N., Broadhurst T., Guhathakurta P., Illingworth G., Menanteau F., Sharon K., Lupton R., Meylan G., Zekser K., Meurer G., Hurley M.)"
VizieR,J/AJ/130/2043/galaxies,41,"Combined table from original tables ( Patton D.R., Grant J.K., Simard L., Pritchet C.J., Carlberg R.G., Borne K.D.)"
VizieR,J/ApJ/907/99/table1,40,"SNe with detected pre-explosion activity ( Strotjohann N.L., Ofek E.O., Gal-Yam A., et al.)"
VizieR,VII/236/catalog,40,"Catalogue of interacting galaxies ( Vorontsov-Velyaminov B.A.,Noskova R.I., Arkhipova V.P.)"
VizieR,J/ApJS/232/8/table3,40,"Spectral properties ( Liu T., Tozzi P., Wang J.-X., et al.)"
VizieR,J/MNRAS/490/3508/tableb1,40,"A list of 674 QSOs identified by S^5^ with robust redshift measurements ( Li T.S., Koposov S.E., Zucker D.B., et al.)"
VizieR,J/MNRAS/494/4426/tableb1,40,"Host galaxy photometric measurements and derived properties for the DES-SN sample ( Smith M., Sullivan M., Wiseman P., et al.)"
VizieR,J/MNRAS/406/1318/rcs,40,"RCS (Red-Sequence Cluster Survey) low (0.3<=z<0.5), medium (0.5<=z<0.7) and high (0.7<=z<=1) redshift samples (tables 3, 4 and 5 of paper) ( Horesh A., Maoz D., Ebeling H., Seidel G., Bartelmann M.)"
VizieR,J/A+A/658/A159/table1,40,"Radial velocities of 126 member galaxies of A780 ( Girardi M., Boschin W., Nonino M., Innocentin C., De Grandi S.)"
VizieR,J/ApJ/905/93/table4,40,"Cross-validation results ( Hosseinzadeh G., Dauphin F., Villar V.A., et al.)"
VizieR,J/MNRAS/446/2709/table1,40,"*Summary of the cluster sample and Chandra observations (either ACIS-I or ACIS-S) listed in order of cluster redshift ( Ehlert S., Allen S.W., Brandt W.N., Canning R.E.A., Luo B., Mantz A., Morris R.G., von der Linden A., Xue Y.Q.)"
VizieR,J/MNRAS/386/1625/table3,40,"Basic properties of the stars for which we secured spectroscopic observations ( Carraro G., Villanova S., Demarque P., Bidin C.M., McSwain M.V.)"
VizieR,J/A+A/466/41/tabled1,40,"Optical data of additional objects ( Krumpe M., Lamer G., Schwope A.D., Wagner S., Zamorani G., Mignoli M., Staubert R., Wisotzki L., Hasinger G)"
VizieR,J/A+A/427/397/cl1216,40,"EDisCS cluster Cl 1216.8-1201 redshift data ( Halliday C., Milvang-Jensen B., Poirier S., Poggianti B.M., Jablonka P., Aragon-Salamanca A., Saglia R.P., De Lucia G., Pello R., Simard L., Clowe D.I., Rudnick G., Dalcanton J.J., White S.D.M., Zaritsky D.)"
VizieR,J/ApJ/892/102/table3,40,"Cluster properties ( Lovisari L., Schellenberger G., Sereno M., Ettori S., Pratt G.W., Forman W.R., Jones C., Andrade-Santos F., Randall S., Kraft R.)"
VizieR,J/ApJ/643/680/pks0405,39,"PKS0405-123 spectroscopic table ( Prochaska J.X., Weiner B.J., Chen H.-W., Mulchaey J.S.)"
VizieR,J/A+A/609/A84/vipersw1,39,"PDR-2 spectroscopic catalogue, VIPERS field W1 ( Scodeggio M., Guzzo L., Garilli B., et al.)"
VizieR,VII/188/table3,39,"Active galaxies (fainter than -23) ( Veron-Cetty M.P., Veron P.)"
VizieR,J/A+A/667/A87/eltgs,39,"Early- and late-type galaxies ( Chamba N., Trujillo I., Knapen J.H.)"
VizieR,J/MNRAS/489/5723/table4,39,"Source catalogue and derived parameters ( For B.-Q., Staveley-Smith L., Westmeier T., et al.)"
VizieR,J/MNRAS/417/1996/tablea1,39,"Measured rotation velocities and emission scalelengths ( Jaffe Y.L., Aragon-Salamanca A., Kuntschner H., Bamford S., Hoyos C., De Lucia G., Halliday C., Milvang-Jensen B., Poggianti B., Rudnick G., Saglia R.P., Sanchez-Blazquez P., Zaritsky D.)"
VizieR,J/A+A/600/A118/table2,39,"Information on the stars (ID, coordinates, magnitudes and RVs) ( Carretta E. Bragaglia A., Lucatello S., D'Orazi V., Gratton R., Donati P., Sollima A., Sneden C.)"
VizieR,J/MNRAS/513/3013/table1,39,"*Dynamical parameters for 1308 clusters observed by XMM-Newton ( Yuan Z.S., Han J.L., Wen Z.L.)"
VizieR,J/ApJS/242/11/table1,39,"The observed low surface brightness galaxies (LSBGs) ( Lei F.-J., Wu H., Zhu Y.-N., Du W., He M., Jin J.-J., Zhao P.-S., Zhang B.-Q.)"
VizieR,J/A+A/474/473/table4,38,"Optical properties and best-fit parameters from the X-ray spectral analysis ( Garcet O., Gandhi P., Gosset E., et al.)"
VizieR,J/MNRAS/475/1960/tablea6,38,"Master list of data for the whole sample (440 dwarfs and 447 entries) ( Fouque P., Moutou C., Malo L., Martioli E., Lim O., Rajpurohit A., Artigau E., Delfosse X., Donati J.-F., Forveille T., Morin J., Allard F., Delage R., Doyon R., Hebrard E., Neves V.)"
VizieR,J/MNRAS/464/2672/table1,38,"ASAS-SN Supernovae ( Holoien T.W.-S., Stanek K.Z., Kochanek C.S., et al.)"
VizieR,J/A+AS/145/451/catalog,38,"Catalog of the globular clusters:  positional data and metallicity, photometric parameters, kinematics  and structural parameters ( Rosenberg A., Aparicio A., Saviane I., Piotto G.)"
VizieR,J/ApJ/840/78/table2,38,"ALESS observed submillimeter galaxies (SMGs) spectroscopic redshift catalog ( Danielson A.L.R., Swinbank A.M., Smail I., et al.)"
VizieR,J/A+AS/115/235/table3,38,"Coordinates, magnitudes, and redshifts of QSOs and Seyfert 1 galaxies ( Reimers D., Koehler T., Wisotzki L.)"
HEASARC,xms,38,XMM-Newton Medium Sensitivity Survey (XMS) Source Catalog
VizieR,J/A+A/576/A130/table4,38,"Catalog of the ECDF-S X-ray selected galaxy groups ( Finoguenov A., Tanaka M., Cooper M., et al.)"
VizieR,J/PASJ/70/S10/table4,37,"Spectroscopically identified galaxies and AGNs in our dropout samples ( Ono Y., Ouchi M., Harikane Y., et al.)"
VizieR,J/AJ/131/2383/table2,37,"Spectroscopic redshift catalog ( Glazebrook K., Verma A., Boyle B., Oliver S., Mann R.G., Monbleau D.)"
VizieR,J/MNRAS/356/1583/table3,37,"Equivalent widths and radial velocities measured using the NaI doublet. ( Burningham B., Naylor T., Littlefair S.P., Jeffries R.D.)"
VizieR,J/ApJ/716/1514/table2,37,"Intervening galaxies along the 12 sight lines ( Yao Y., Wang Q.D., Penton S.V., Tripp T.M., Shull J.M., Stocke J.T.)"
VizieR,J/ApJ/836/99/table5,37,"The primary NuSTAR serendipitous source catalog ( Lansbury G.B., Stern D., Aird J., et al.)"
VizieR,J/ApJS/199/27/table1,37,"ATLBS (Australia Telescope Low Brightness Survey) Extended Source Sample ( Saripalli L., Subrahmanyan R., Thorat K., Ekers R.D., Hunstead R.W., Johnston H.M., Sadler E.M.)"
VizieR,J/ApJ/682/821/table1,37,"Summary of sample ( Cavagnolo K.W., Donahue M., Voit G.M., Sun M.)"
VizieR,J/ApJ/756/139/Ogroups,37,"Properties and stellar masses  of optically selected groups ( Connelly J.L., Wilman D.J., Finoguenov A., Hou A., Mulchaey J.S., McGee S.L., Balogh M.L., Parker L.C., Saglia R., Henderson R.D.E., Bower R.G.)"
VizieR,J/A+A/448/893/lcl05,37,"The LCL05 Catalog of  (z~0.2-1.0) galaxies ( Lamareille F., Contini T., Le Borgne J.-F., Brinchmann J., Charlot S., Richard J.)"
VizieR,J/MNRAS/392/1509/table2,37,"Final cluster sample split by morphological class ( Gilmour R., Best P., Almaini O.)"
VizieR,J/ApJ/761/22/table3,36,"All candidates above {xi}=4.5 in 720deg^2^ of the SPT-SZ survey (South Pole Telescope) ( Song J., Zenteno A., Stalder B., et al.)"
VizieR,J/MNRAS/351/83/qsos,36,"BL Lac and Quasars (table 1, 2 and 3 of the paper) ( Landt H., Padovani P., Perlman E.S., Giommi P.)"
VizieR,J/MNRAS/386/2311/table1,36,"FS90 galaxies in our MOSAIC field of the central Antlia region ( Smith Castelli A.V., Bassino L.P., Richtler T., Cellone S.A., Aruta C., Infante L.)"
VizieR,J/AJ/133/2524/table1,36,"Spectroscopic properties of observed single-lined stars ( White R.J., Gabor J.M., Hillenbrand L.A.)"
VizieR,III/176/table1,36,Data for RR Lyrae stars ( Layden A.C.)
VizieR,VII/196/north,36,"Northern part (from POSS) ( Stoll D., Tiersch H., Braun M., Cordis L.)"
VizieR,J/AJ/139/59/table1,36,"Velocity, SDSS photometry and absolute magnitudes of the HVS (HyperVelocity Star) program. ( Brown W.R., Geller M.J., Kenyon S.J., Diaferio A.)"
VizieR,J/ApJ/833/194/table7,36,"Visually identified candidate group members ( Wilson M.L., Zabludoff A.I., Ammons S.M., Momcheva I.G., Williams K.A., Keeton C.R.)"
VizieR,J/ApJ/855/107/pisco,36,"Properties of the 232 galaxies and 272 SNe included in PISCO (tables 2 and 3) ( Galbany L., Anderson J.P., Sanchez S.F., et al.)"
VizieR,J/ApJ/614/75/table4,36,"Foreground Galaxies ( Francis P.J., Palunas P., Teplitz H.I., Williger G.M., Woodgate B.E.)"
VizieR,J/A+A/525/A157/catalog,36,"Automated probabilistic morphological classification of SDSS DR7 catalog ( Huertas-Company M., Aguerri J.A.L., Bernardi M., Mei S., Sanchez Almeida J.)"
VizieR,J/A+A/504/347/clusters,36,"C-P04-I and C-K07-I cluster samples ( Coenda V., Muriel H.)"
HEASARC,plancksz,36,Updated Planck Catalog of Sunyaev-Zeldovich Sources Release 1
VizieR,J/MNRAS/438/557/table1,36,Basic parameters of the 281 candidates for the BLR-less AGNs ( Zhang X.-G.)
HEASARC,xmmcdfs210,35,XMM-Newton Deep Survey in the CDF-S 2-10 keV Source Catalog
VizieR,J/A+A/507/671/table2,35,"The GMOS and FORS2 spectroscopic catalog ( Tanaka M., Lidman C., Bower R.G., Demarco R., Finoguenov A., Kodama T., Nakata F., Rosati P.)"
VizieR,J/ApJ/867/108/localsn,35,"Measurements of Hubble residuals and host galaxy properties for 273 Type Ia supernovae at z<0.1 ( Jones D.O., Riess A.G., Scolnic D.M., Pan Y.-C., Johnson E., Coulter D.A., Dettman K.G., Foley M.M., Foley R.J., Huber M.E., Jha S.W., Kilpatrick C.D., Kirshner R.P., Rest A., Schultz A.S.B., Siebert M.R.)"
VizieR,J/AJ/151/33/table1,35,"Type II supernovae ( Galbany L., Hamuy M., Phillips M.M., et al.)"
VizieR,J/A+A/608/A2/mosaic,35,"MUSE UDF Survey (Mosaic) redshift catalog ( Inami H., Bacon R., Brinchmann J., et al.)"
VizieR,VII/188/table1,35,"Quasars (brighter than absolute magnitude -23) ( Veron-Cetty M.P., Veron P.)"
VizieR,J/MNRAS/392/135/clusters,35,"Main properties, velocity dispersions, radii, masses, and X-ray properties of NoSOCS (127) and CIRS (56) clusters at z<=0.01 and with at least 10 member galaxies (tables 1--5 of paper) ( Lopes P.A.A., De Carvalho R.R., Kohl-Moreira J.L., Jones C.)"
VizieR,J/MNRAS/450/3665/single,35,"LC2-single catalogue, version V2.0 ( Sereno M.)"
VizieR,J/ApJ/927/147/table3,35,"Galaxy-absorber pairs ( Tchernyshyov K., Werk J.K., Wilde M.C., Prochaska J.X., Tripp T.M., Burchett J.N., Bordoloi R., Howk J.C., Lehner N., O'Meara J.M., Tejos N., Tumlinson J.)"
VizieR,J/MNRAS/497/2163/tablea1,35,"Properties of the group sample ( Pasini T., Bruggen M., de Gasperin F., Borzan L., O'Sullivan E., Finoguenov A., Jarvis M., Gitti M., Brighenti F., Whittam I.H., Collier J.D., Heywood I., Gozaliasl G.)"
HEASARC,wbl,34,WBL Poor Galaxy Clusters Catalog (White et al. 1999)
VizieR,J/ApJ/700/1097/table3,34,"MLCS31 light curve fit parameters ( Hicken M., Wood-Vasey W.M., Blondin S., Challis P., Jha S., Kelly P.L., Rest A., Kirshner R.P.)"
VizieR,J/ApJ/815/57/table1,34,"Spectroscopic properties of Ly{alpha}-emitters (LAEs) ( U V., Hemmati S., Darvish B., Mobasher B., Nayyeri H., Dickinson M., Stern D., Spinrad H., Mallery R.)"
VizieR,J/ApJ/934/26/table3,34,"Radio spectral shape parameters and two-band spectral indices of our sample ( Patil P., Whittle M., Nyland K., Lonsdale C., Lacy M., Kimball A.E., Lonsdale C., Peters W., Clarke T.E., Efstathiou A., Giacintucci S., Kim M., Lanz L., Mukherjee D., Polisensky E.)"
VizieR,J/A+A/573/A93/tablea1,34,"Sources observed with the Effelsberg telescope at 10.45 and 4.85GHz ( Vitale M., Fuhrmann L., Garcia-Marin M., Eckart A., Zuther J., Hopkins A.M.)"
VizieR,J/ApJ/681/1505/RGBdata,34,"180 RGB data in {omega} Cen ( Johnson C.I., Pilachowski C.A., Simmerer J., Schwenk D.)"
VizieR,J/ApJ/920/95/table1,34,"*Galaxy properties and line measurements ( Du X., Shapley A.E., Topping M.W., Reddy N.A., Sanders R.L., Coil A.L., Kriek M.,Mobasher B.,Siana B.)"
VizieR,J/ApJ/700/1097/table1,34,"SALT light curve fit parameters and distances. Constitution set ( Hicken M., Wood-Vasey W.M., Blondin S., Challis P., Jha S., Kelly P.L., Rest A., Kirshner R.P.)"
VizieR,J/A+A/487/539/qnqcand,33,"Unconfirmed QSO candidates ( Worseck G., Wisotzki L., Selman F.)"
VizieR,J/MNRAS/352/1245/table4,33,"2dFGRS radio upper limits ( Chan B.H.P., Cram L.E., Sadler E.M., Killeen N.E.B., Jackson C.A., Mobasher B., Ekers R.D.)"
VizieR,J/A+A/558/A75/table1,33,"The 2XMMi/SDSS Galaxy Cluster Survey (II), sub- 1 (TX and FX from spectral fitting) ( Takey A., Schwope A., Lamer G.)"
VizieR,J/ApJS/219/39/cand,33,"*Optical+MIR photometric quasar candidates catalog (table 2) ( Richards G.T., Myers A.D., Peters C.M., Krawczyk C.M., Chase G., Ross N.P., Fan X., Jiang L., Lacy M., McGreer I.D., Trump J.R., Riegel R.N.)"
VizieR,J/A+A/683/A34/newqso,32,"The newly identified QSOs (table B1) ( Calderone G., Guarneri F., Porru M., Cristiani S., Grazian A., Nicastro L., Bischetti M., Boutsia K., Cupani G., D'Odorico V., Feruglio C., Fontanot F.)"
VizieR,J/ApJ/763/127/table6,32,"Galaxy clusters above 4.5{sigma} in 720sq.deg. observed by the South Pole Telescope (SPT) ( Reichardt C.L., Stalder B., Bleem L.E., et al.)"
VizieR,J/A+A/639/A136/masteruc,32,"*Reference UCDs catalog ( Cantiello M., Venhola A., Grado A., et al.)"
VizieR,J/ApJ/721/98/table1,32,"Morphological catalog of COSMOS 70um sources ( Kartaltepe J.S., Sanders D.B., Le Floc'h E., et al.)"
VizieR,J/ApJS/199/3/quasars,32,"Quasars discovered in the MMT survey  and those that are non-primary in SDSS-DR8 imaging ( Ross N.P., Myers A.D., Sheldon E.S., et al.)"
VizieR,J/A+A/649/A42/table1,32,"Coordinates and redshifts of the BCGs detected in our samples, as well as the filters ( Chu A., Durret F., Marquez I.)"
VizieR,J/ApJ/914/104/stgs,32,"Spectral observations (Table 1), structural parameters (Table 4) and parameters obtained in Model 6 (Table 6; see model definitions in Section 4.2) for the superthin galaxies (STGs) ( Bizyaev D., Makarov D.I., Reshetnikov V.P., Mosenkov A.V., Kautsch S.J., Antipova A.V.)"
VizieR,J/MNRAS/469/3738/tableb2,32,"Properties of the 64 HIFLUGCS clusters ( Schellenberger G., Reiprich T.H.)"
VizieR,J/A+A/463/97/table4,32,"Master list of GHz-peaked sources ( Labiano A., Barthel P.D., O'dea C.P., De Vries W.H., Perez I., Baum S.A.)"
VizieR,J/AJ/134/897/table1,32,"Radio sources in cluster fields ( Coble K., Bonamente M., Carlstrom J.E., Dawson K., Hasler N., Holzapfel W., Joy M., Laroque S., Marrone D.P., Reese E.D.)"
HEASARC,xwas,32,XMM-Newton Wide Angle Survey
VizieR,J/MNRAS/411/2596/sample,32,"Input data and computed values  for runaway stars of groups A and B ( Silva M.D.V., Napiwotzki R.)"
VizieR,J/A+A/431/793/sources,32,"Ly-alpha emitters properties (tables 2 and 4) ( Venemans B.P., Rottgering H.J.A., Miley G.K., Kurk J.D., De Breuck C., Overzier R.A., van Breugel W.J.M., Carilli C.L., Ford H., Heckman T., Pentericci L., McCarthy P.)"
HEASARC,nustarssc,32,NuSTAR Serendipitous Survey 40-Month Primary Source Catalog
HEASARC,nuecdfscat,32,NuSTAR Survey of Extended Chandra Deep Field South (ECDF-S) Sour
VizieR,J/MNRAS/464/4545/grbcat,31,"Catalog of SWIFT GRB (2004-2015) ( Buchner J., Schulze S., Bauer F.)"
VizieR,J/ApJ/901/74/table1,31,"The source list of 85 massive star-forming galaxies (SFGs) ( Tadaki K.-I., Belli S., Burkert A., et al.)"
VizieR,J/AJ/165/208/table5,31,"SSA22-HIT catalog ( Mawatari K., Inoue A.K., Yamada T., Hayashino T., Prochaska J.X., Lee K.-G., Tejos N., Kashikawa N., Otsuka T., Yamanaka S., Schlegel D.J., Matsuda Y., Hennawi J.F., Iwata I., Umehata H., Mukae S., Ouchi M., Sugahara Y., Tamura Y.)"
VizieR,J/MNRAS/511/5436/tablea1,31,"Physical properties of the FSRQs in our sample ( Diana A., Caccianiga A., Ighina L., Belladitta S., Moretti A., Della Ceca R.)"
VizieR,J/ApJS/259/37/table6,31,"IDEOS observables ( Spoon H.W.W., Hernan-Caballero A., Rupke D., Waters L.B.F.M., Lebouteiller V., Tielens A.G.G.M., Loredo T., Su Y., Viola V.)"
VizieR,J/MNRAS/500/310/table1,31,"Clusters and properties of BCGs ( De Propris R., West M.J., Andrade-Santos F., Ragone-Figueroa C., Rasia E., Forman W., Jones C., Kipper R., Borgani S., Lambas D.G., Romashkova E.A., Patra K.C.)"
VizieR,J/MNRAS/495/4860/tablea1,31,"Spectroscopically classified SNe II ( de Jaeger T., Galbany L., Gonzalez-Gaitan S., et al.)"
VizieR,J/ApJ/844/138/table2,31,"Sources that were surveyed for the presence of LiI ( Kounkel M., Hartmann L., Mateo M., Bailey III J.I.)"
VizieR,J/MNRAS/521/1556/table2,31,"UV emission lines for the AGN and references ( Perez-Montero E., Amorin, R., Perez-Diaz, B., Garcia-Benito, R.)"
VizieR,J/PAZh/33/403/table1,30,Close quasar-galaxy pairs found based on the catalog of quasars and LEDA database ( Bukhmastova Yu.L.)
VizieR,J/MNRAS/492/503/tablea5,30,"Galaxies in the field Abell S1063 ( Raney C.A., Keeton C.R., Brennan S.)"
VizieR,J/ApJ/519/533/table1,30,"ROSAT PSPC ACO Cluster sample ( David L.P., Forman W., Jones C.)"
VizieR,J/ApJ/746/170/training,30,"Training set data and results ( Morgan A.N., Long J., Richards J.W., Broderick T., Butler N.R., Bloom J.S.)"
VizieR,J/A+A/666/A97/table2,30,"Late-forming clusters of the z_20ex,Mz_ set ( Lin Y.-T., Miyatake H., Guo H., Chiang Y.-K., Chen K.-F., Lan T.-W., Chang Y.-Y.)"
VizieR,J/ApJS/219/8/gal,30,"SDSS and WISE galaxies catalog ( Chang Y.-Y., van der Wel A., da Cunha E., Rix H.-W.)"
VizieR,J/MNRAS/361/109/table3,30,"The data for our full field and cluster TFR samples ( Bamford S.P., Milvang-Jensen B., Aragon-Salamanca A., Simard L.)"
VizieR,J/ApJ/821/8/table4,30,"Sources that were surveyed for the presence of Li I ( Kounkel M., Hartmann L., Tobin J.J., Mateo M., Bailey III J.I., Spencer M.)"
VizieR,J/MNRAS/459/140/table1,30,"List of the detected sources with S/N>4 in the combined survey of three fields, M81, LMC and 3C 273/Coma ( Mereminskiy I.A., Krivonos R.A., Lutovinov A.A., Sazonov S.Y., Revnivtsev M.G., Sunyaev R.A.)"
VizieR,J/MNRAS/460/2862/table2,30,"Observational summary ( Bellstedt S., Lidman C., Muzzin A., Franx M., Guatelli S., Hill A.R., Hoekstra H., Kurinsky N., Labbe I., Marchesini D., Marsan Z.C., Safavi-Naeini M., Sifon C., Stefanon M., van de Sande J., van Dokkum P., Weigel C.)"
VizieR,J/ApJ/707/1779/table2,29,"Spectroscopic redshifts for the BLAST counterparts ( Eales S., Chapin E.L., Devlin M.J., Dye S., Halpern M., Hughes D.H., Marsden G., Mauskopf P., Moncelsi L., Netterfield C.B., Pascale E., Patanchon G., Raymond G., Rex M., Scott D., Semisch C., Siana B., Truch M.D.P., Viero M.P.)"
VizieR,J/ApJ/833/194/table2,29,"Group catalog supplement: algorithmically identified groups with 3-4 members ( Wilson M.L., Zabludoff A.I., Ammons S.M., Momcheva I.G., Williams K.A., Keeton C.R.)"
VizieR,J/MNRAS/456/1195/tablea1,29,"Properties for the KASHz targets observed so far ( Harrison C.M., Alexander D.M., Mullaney J.R., Stott J.P., Swinbank A.M., Arumugam V., Bauer F.E., Bower R.G., Bunker A.J., Sharples R.M.)"
VizieR,J/ApJ/618/123/table4,29,"Hard X-ray emitting AGN ( Silverman J.D., Green P.J., Barkhouse W.A., Kim D.-W., Aldcroft T.L., Cameron R.A., Wilkes B.J., Mossman A., Ghosh H., Tananbaum H., Smith M.G., Smith R.C., Smith P.S., Foltz C., Wik D., Jannuzi B.T.)"
VizieR,J/AJ/128/163/table5,29,"Borne et al. (2000ApJ...529L..77B) ULIRG HST Survey ( Lotz J.M., Primack J., Madau P.)"
VizieR,J/ApJ/708/1076/whiqii,29,"WIYN High Image Quality Indiana-Irvine  (WHIQII): photometric properties and emission line ratios  of objects with redshift ( Tollerud E.J., Barton E.J., van Zee L., Cooke J.)"
VizieR,J/A+A/575/A30/clusters,29,"HIFLUGCS clusters (without Abell 2244, table A1) and best-fit temperatures (table A2) ( Schellenberger G., Reiprich T.H., Lovisari L., Nevalainen J., David L.)"
VizieR,J/A+A/587/A136/tablea1,29,"Spectroscopic obtained with IMACS and GMOS ( Diaz Tello J., Donzelli C., Padilla N., Akiyama M., Fujishiro N., Yoshikawa T., Hanami H.)"
VizieR,J/ApJS/224/3/table6,29,"Transient objects considered for follow-up observations by the ESSENCE survey --updated version from the author ( Narayan G., Rest A., Tucker B.E., et al.)"
VizieR,J/MNRAS/379/260/table1,29,"Radio counterparts to X-ray cluster centres ( Magliocchetti M., Bruggen M.)"
HEASARC,bhrfscid,29,Byurakan/Hamburg/ROSAT Catalog of Optical IDs
VizieR,J/ApJS/174/117/table1,29,"Summary of the observations used ( Maughan B.J., Jones C., Forman W., Van Speybroeck L.)"
VizieR,J/A+A/535/A4/tablea1,29,"Clusters included in the combined sample and their X-ray properties within r_500_ ( Reichert A., Boehringer H., Fassbender R., Muehlegger M.)"
VizieR,VII/254/kaz,29,"Properties of Kazarian galaxies ( Kazarian M.A., Adibekyan V.Zh., McLean B., Allen R.J., Petrosian A.R.)"
VizieR,J/ApJS/224/15/table9,29,"250ks E-CDF-S main Chandra source catalog ( Xue Y.Q., Luo B., Brandt W.N., Alexander D.M., Bauer F.E., Lehmer B.D., Yang G.)"
VizieR,J/ApJ/840/87/targets,28,"Previously published data, radial velocities and spectral types from this paper, and youth properties (tables 1, 2 and 5) ( Riedel A.R., Alam M.K., Rice E.L., Cruz K.L., Henry T.J.)"
VizieR,J/ApJ/562/254/table4,28,"A1750 Velocities ( Donnelly R.H., Forman W., Jones C., Quintana H., Ramirez A., Churazov E., Gilfanov M.)"
VizieR,J/ApJS/208/24/table3,28,"Properties of the AGN in the spectroscopic survey ( Lacy M., Ridgway S.E., Gates E.L., Nielsen D.M., Petric A.O., Sajina A., Urrutia T., Cox Drews S., Harrison C., Seymour N., Storrie-Lombardi L.J.)"
VizieR,J/MNRAS/465/2616/table3,28,"The Abell clusters of our sample ( Manolopoulou M., Plionis M.)"
VizieR,J/MNRAS/485/1188/list,28,"List of calibrators ( Bonato M., Liuzzo E., Herranz D., Gonzalez-nuevo J., Bonavera L., Tucci M., Massardi M., De Zotti G., Negrello M., Zwaan M.A.)"
VizieR,J/AJ/132/1630/table1,28,"LMC target cluster information, RV and [Fe/H] ( Grocholski A.J., Cole A.A., Sarajedini A., Geisler D., Smith V.V.)"
VizieR,J/ApJS/220/9/table1,28,"General properties of 94 PAIRITEL SN Ia ( Friedman A.S., Wood-Vasey W.M., Marion G.H., et al.)"
VizieR,J/MNRAS/511/4500/table3a,28,"UPK 535 ( Yep A.C., White R.J.)"
VizieR,J/ApJS/217/12/galS7,28,"S7 log of observations and  derived nuclear extinctions and H{beta} and [OIII] data ( Dopita M.A., Shastri P., Davies R., Kewley L., Hampton E., Scharwachter J., Sutherland R., Kharb P., Jose J., Bhatt H., Ramya S., Jin C., Banfield J., Zaw I., Juneau S., James B., Srivastava S.)"
HEASARC,rass6dfgs,28,ROSAT All-Sky Survey/6dF Galaxy Survey Catalog of X-Ray Selected
VizieR,J/ApJ/817/34/ccosmos,28,"Chandra COSMOS (C-COSMOS) identification catalog ( Marchesi S., Civano F., Elvis M., et al.)"
VizieR,J/ApJ/673/999/table1,28,"Supernova and host galaxy data ( Prieto J.L., Stanek K.Z., Beacom J.F.)"
VizieR,J/MNRAS/486/21/table4,28,"Properties of proximate galaxies to the quasar sightline ( Bielby R.M., Stott J.P., Cullen F., Tripp T.M., Burchett J.N., Fumagalli M., Morris S.L., Tejos N., Crain R.A., Bower R.G., Prochaska J.X.)"
VizieR,J/A+A/535/A42/stars,28,"Observations and results of  the spectroscopy: abundances and kinematics ( Trevisan M., Barbuy B., Eriksson K., Gustafsson B., Grenon M., Pompeia L.)"
VizieR,J/ApJ/723/1678/table4,28,"Spectroscopic redshifts of galaxies within the ACS field of view of A1689 used for our photometric redshift tests ( Coe D., Benitez N., Broadhurst T., Moustakas L.A.)"
VizieR,J/A+A/363/440/table2,28,"Spectral analysis of Abell 2104 ( Liang H., Lemonon L., Valtchanov I., Pierre M., Soucail G.)"
VizieR,J/ApJ/892/105/4lac,27,"Combined table from original tables ( Ajello M., Angioni R., Axelsson M., et al.)"
VizieR,J/ApJS/155/73/table1,27,"Photometric redshifts of X-ray sources in Chandra Deep Field South ( Zheng W., Mikles V.J., Mainieri V., Hasinger G., Rosati P., Wolf C., Norman C., Szokoly G., Gilli R., Tozzi P., Wang J.X., Zirm A., Giacconi R.)"
VizieR,J/MNRAS/464/2672/table2,27,"Non-ASAS-SN Supernovae ( Holoien T.W.-S., Stanek K.Z., Kochanek C.S., et al.)"
VizieR,J/A+A/596/A106/tablea1,27,"Complete 1Jy northern AGN sample ( Planck Collaboration, Ade P.A.R., Aghanim N., et al.)"
VizieR,J/ApJ/797/54/table2,27,"Known ULIRG Sample ( Kilerci Eser E., Goto T., Doi Y.)"
VizieR,J/ApJ/911/82/table2,27,"Galaxy cluster gas mass fractions ( Corasaniti P.-S., Sereno M., Ettori S.)"
VizieR,J/AJ/164/222/tablea1,27,"Properties for the galaxies in our sample ( Whalen K.E., Hickox R.C., Coil A.L., Diamond-Stanic A.M., Geach J.E., Moustakas J., Rudnick G.H., Rupke D.S.N., Sell P.H., Tremonti C.A., Davis J.D.,Perrotta S.,Petter G.C.)"
VizieR,J/ApJ/924/69/table1,27,"Data of GRBs with X-ray plateaus ( Yi S.-X., Du M., Liu T.)"
VizieR,J/ApJ/762/88/table5,27,"Candidate members of young kinematic groups ( Malo L., Doyon R., Lafreniere D., Artigau E., Gagne J., Baron F., Riedel A.)"
VizieR,J/ApJ/653/127/table1,27,"Source Characteristics ( Shi Y., Rieke G.H., Hines D.C., Gorjian V., Werner M.W., Cleary K., Low F.J., Smith P.S., Bouwman J.)"
VizieR,J/ApJ/884/L55/table1,27,"Log of Magellan follow-up observations ( Gomez S., Hosseinzadeh G., Cowperthwaite P.S., Villar V.A., Berger E., Gardner T., Alexander K.D., Blanchard P.K., Chornock R., Drout M.R., Eftekhari T., Fong W., Gill K., Margutti R., Nicholl M., Paterson K., Williams P.K.G.)"
VizieR,IX/60/cat2-6,27,"187 Fermi detected superluminal sources with total and component flux from Lister et al. (2018, Cat. J/ApJS/234/12) and Lister et al. (2019, Cat. J/AJ/138/1874) (Paper II, table 6) ( Xiao H.B., Fan J.H., Yang J.H., Liu Y., Yuan Y.H., Tao J., Costantin D., Zhang Y.T., Pei Z.Y., Zhang L.X., Yang W.X.)"
VizieR,J/MNRAS/471/4966/table2,27,"Non-ASAS-SN Supernovae ( Holoien T.W.-S., Brown J.S., Stanek K.Z., et al.)"
VizieR,J/ApJ/886/154/stars,26,"Parameters (Table 1) and orbital parameters (Table 2) of Sgr stream stars ( Yang C., Xue X.-X., Li J., Liu C., Zhang Bo, Rix H.-W., Zhang L., Zhao G., Tian H., Zhong J., Xing Q., Wu Y., Li C., Carlin J.L., Chang J.)"
VizieR,J/ApJS/265/8/table5,26,"List of all Chandra detected X-ray jets ( Reddy K., Georganopoulos M., Meyer E.T., Keenan M., Kollmann K.E.)"
VizieR,J/A+A/644/A163/table1,26,"Complete list of strong lens candidates from visual inspection of the highest neural network scores ( Canameras R., Schuldt S., Suyu S. H., Taubenberger S., Meinhardt T., Leal-Taixe L., Lemon C., Rojas K., Savary E.)"
VizieR,J/AJ/143/126/table1,26,"Basic supernovae parameters ( Blondin S., Matheson T., Kirshner R.P., Mandel K.S., Berlind P., Calkins M., Challis P., Garnavich P.M., Jha S.W., Modjaz M., Riess A.G., Schmidt B.P.)"
VizieR,J/ApJ/783/119/LAEs,26,"Emission line (tables 2--5) ( Wold I.G.B., Barger A.J., Cowie L.L.)"
VizieR,J/MNRAS/498/2575/table1,26,"Host galaxy information for the 106 RETs in the DES 5-yr sample ( Wiseman P., Pursiainen M., Childress M., et al.)"
HEASARC,swiftgrb,26,Swift Gamma Ray Bursts Catalog
VizieR,J/A+A/472/111/table1,26,"Properties of the 27 Centaurus compact objects detected in our survey, ordered by magnitude ( Mieske S., Hilker M., Jordan A., Infante L., Kissler-Patig M.)"
VizieR,J/ApJ/805/3/clusters,26,"Chandra observations, cluster masses, scales, best-fit parameters of the electron density and temperature radial profiles, morphological parameters and global metallicity measures (tables1, 6-10) ( Elkholy T.Y., Bautz M.W., Canizares C.R.)"
VizieR,J/ApJ/594/154/table4,26,"160 square degree ROSAT Survey Cluster Catalog ( Mullis C.R., McNamara B.R., Quintana H., Vikhlinin A., Henry J.P., Gioia I.M., Hornstrup A., Forman W., Jones C.)"
VizieR,J/AJ/151/78/table3,26,"*OMEGAWINGS and WINGS stripping candidates ( Poggianti B.M., Fasano G., Omizzolo A., Gullieuszik M., Bettoni D., Moretti A., Paccagnella A., Jaffe Y.L., Vulcani B., Fritz J., Couch W., D'Onofrio M.)"
VizieR,J/ApJ/925/115/table8,26,"Galaxy coverage and fit successes ( Hand J., Liu S., Galbany L., Perrefort D., Wood-Vasey W.M., Burns C.)"
VizieR,J/ApJS/261/12/catalog,25,"Redshift (Table 3) and emission line flux (Table 4) catalog ( Pharo J., Guo Y., Calvo G.B., et al.)"
VizieR,J/ApJ/694/992/table3,25,"Cluster radio sources ( Lin Y.-T., Partridge B., Pober J.C., El Bouchefry K., Burke S., Klein J.N., Coish J.W., Huffenberger K.M.)"
HEASARC,a2pic,25,HEAO 1 A2 Piccinotti Catalog
VizieR,VII/289/superset,25,"The ""superset"" of all SDSS-IV/eBOSS objects targeted as quasars ( Lyke B.W., Higley A.N., McLane J.N., et al.)"
HEASARC,cfhtlsgxmm,25,XMM-Newton CFHTLS W1 Field Galaxy Groups Catalog
VizieR,J/MNRAS/306/857/obs,25,"Observed clusters: includes the clusters in the BCS sample (table 1 of paper) and the clusters not included due to their faint X-ray flux, declination <0, or low Galactic latitude (table 2) ( Crawford C.S., Allen S.W., Ebeling H., Edge A.C., Fabian A.C.)"
VizieR,IX/60/cat2-3,25,"181 Fermi detected superluminal sources with available Doppler factor (Paper II, table 3) ( Xiao H.B., Fan J.H., Yang J.H., Liu Y., Yuan Y.H., Tao J., Costantin D., Zhang Y.T., Pei Z.Y., Zhang L.X., Yang W.X.)"
VizieR,J/MNRAS/410/1262/tablea2,25,"Classifications and redshifts ( Walker E.S., Hook I.M., Sullivan M., et al.)"
VizieR,J/ApJ/806/133/table9,25,"Galaxy Diffuse Light ( Li B., Peng E.W., Zhang H.-X., Blakeslee J.P., Cote P., Ferrarese L., Jordan A., Liu C., Mei S., Puzia T.H., Takamiya M., Trancho G., West M.J.)"
VizieR,J/MNRAS/435/1325/stars,25,"Spectroscopy, astrometry and IJHK+WISE photometry of all candidates (tables B1 and B2) ( Murphy S.J., Lawson W.A., Bessell M.S.)"
VizieR,J/ApJ/648/250/table2,25,"Spectroscopic identifications of near-IR sources ( Colbert J.W., Malkan M.A., Rich R.M.)"
VizieR,J/ApJ/911/149/table3,25,"A total of 25 spectroscopic members in Palca stream, found in the ATLAS-Aliqa Uma (AAU) stream fields ( Li T.S., Koposov S.E., Erkal D., et al.)"
VizieR,J/ApJ/644/100/table3,25,"Spectroscopically-Confirmed Targets in the COSMOS Field ( Prescott M.K.M., Impey C.D., Cool R.J., Scoville N.Z.)"
VizieR,J/ApJ/740/91/table8,24,"Galaxies within 1Mpc of a QSO sightline ( Prochaska J.X., Weiner B., Chen H.-W., Mulchaey J., Cooksey K.)"
VizieR,J/ApJ/664/777/table1,24,"Galaxy radial velocities catalog ( Carrasco E.R., Cypriano E.S., Lima Neto G.B., Cuevas H., Sodre L.Jr, De Oliveira C.M., Ramirez A.)"
VizieR,J/ApJ/799/208/table1,24,"Pan-STARRS1 type IIP SN sample ( Sanders N.E., Soderberg A.M., Gezari S., et al.)"
VizieR,J/A+A/608/A2/combined,24,"MUSE UDF Survey (UDF10 + Mosaic) redshift catalog ( Inami H., Bacon R., Brinchmann J., et al.)"
VizieR,J/A+AS/110/469/table3a,24,"Optical and X-rays of the AGN ( BADE N., FINK H. H., ENGELS D., VOGES W., HAGEN H.-J., WISOTZKI L., REIMERS D.)"
VizieR,J/A+A/449/461/table1,24,"Velocity catalog of 102 spectroscopically measured galaxies ( Boschin W., Girardi M., Spolaor M., Barrena R.)"
VizieR,J/AJ/157/126/table2a,24,"The matched data used in this work ( Garon A.F., Rudnick L., Wong O.I., Jones T.W., Kim J.-A., Andernach H., Shabala S.S., Kapinska A.D., Norris R.P., de Gasperin F., Tate J., Tang H.)"
VizieR,J/ApJ/723/684/Ldwarfs,24,"L dwarf sample properties ( Blake C.H., Charbonneau D., White R.J.)"
HEASARC,sdssquasar,24,Sloan Digital Sky Survey Quasar Catalog (Twelfth Data Release: D
VizieR,J/A+A/575/A48/table2,24,"Cluster sample, redshifts, and velocity dispersions ( Sifon C., Hoekstra H., Cacciato M., Viola M., Koehlinger F., Van Der Burg R.F.J., Sand D.J., Graham M.L.)"
VizieR,J/ApJ/881/7/table2,24,"Atmospheric parameters and space positions for 892 non-composite spectra hot subdwarf stars selected from Gaia DR2 and LAMOST DR5 ( Luo Y., Nemeth P., Deng L., Han Z.)"
VizieR,J/A+A/394/395/catalog,24,"Spectroscopic Catalog ( Dietrich, J.P., Clowe, D.I., Soucail, G.)"
VizieR,J/ApJ/655/492/stars,24,"Observing log and photometric data ( Aoki W., Beers T.C., Christlieb N., Norris J.E., Ryan S.G., Tsangarides S.)"
VizieR,J/ApJS/219/13/table3,24,"Parameters for the La Silla/QUEST Variability Survey-Carnegie Supernova Project (LSQ-CSP) supernova sample ( Walker E.S., Baltay C., Campillay A., et al.)"
VizieR,J/ApJ/797/124/table1,24,"Photometric properties and radial velocities of the AGB sample ( Lapenna E., Mucciarelli A., Lanzoni B., Ferraro F.R., Dalessandro E., Origlia L., Massari D.)"
VizieR,J/AJ/149/178/table1,24,"Grism redshift catalog of sources in GOODS-S ( Morris A.M., Kocevski D.D., Trump J.R., et al.)"
VizieR,J/MNRAS/425/2116/table3,23,"ACES environment catalogue ( Cooper M.C., Yan R., Dickinson M., Juneau S., Lotz J.M., Newman J.A., Papovich C., Salim S., Walth G., Weiner B.J., Willmer C.N.A.)"
VizieR,J/A+A/523/A7/table9,23,"List of SNLS 3 years type Ia supernova sample with coordinates of SNe in focal plane ( Guy J., Sullivan M., Conley A., et al.)"
VizieR,J/MNRAS/495/1291/table3,23,"SuGOHI-c candidates, with grades A and B, selected by visual inspection of galaxy cluster catalogues ( Jaelani A.T., More A., Oguri M., Sonnenfeld A., Suyu S.H., Rusu C.E., Wong K.C., Chan J.H.H., Kayo I., Lee C.-H., Chao D.C.-Y., Coupon J., Inoue K.T., Futamase T.)"
HEASARC,planckeszc,23,Planck Early Sunyaev-Zeldovich Detected Cluster Candidates Catal
VizieR,J/ApJ/725/394/lae,23,"Ly{alpha} emitters at z~5.7 and z~6.5 ( Hu E.M., Cowie L.L., Barger A.J., Capak P., Kakazu Y., Trouille L.)"
VizieR,J/ApJS/165/19/table2,23,"SEXSI Optical Spectroscopy Catalog ( Eckart M.E., Stern D., Helfand D.J., Harrison F.A., Mao P.H., Yost S.A.)"
VizieR,J/ApJ/755/61/table3,23,"List of SN Ia events used in this paper and their associated host galaxy properties ( Smith M., Nichol R.C., Dilday B., Marriner J., Kessler R., Bassett B., Cinabro D., Frieman J., Garnavich P., Jha S.W., Lampeitl H., Sako M., Schneider D.P., Sollerman J.)"
VizieR,J/A+A/623/A5/dp-mg,23,"Global metallicities and metal masses for each galaxy ( De Vis P., Jones A., Viaene S., et al.)"
VizieR,J/MNRAS/517/962/master,23,"Information on the CO, CI and dust data for literature source ( Dunne L., Maddox S., Papadopoulous P.P., Ivison R.J., Gomez H.L.)"
VizieR,J/AJ/130/425/table2,23,"Catalog of group members ( De Carvalho R.R., Goncalves T.S., Iovino A., Kohl-Moreira J.L., Gal R.R., Djorgovski S.G.)"
VizieR,J/MNRAS/510/1515/tablea1,23,"Data table with SB2 parameters ( Kovalev M., Straumit I.)"
VizieR,J/ApJ/616/707/table4,23,"Properties of 78 of the 85 rejected galaxies ( Hunt L.K., Malkan M.A.)"
VizieR,J/A+A/659/A126/tablea1,23,"362 PSZ2 optical counterparts presented in this paper ( Aguado-Barahona A., Rubino-Martin J.A., Ferragamo A., Barrena R., Streblyanska A., Tramonte D.)"
VizieR,J/MNRAS/434/966/table2,23,"Summary of derived parameters from this study ( Sergison D.J., Mayne N.J., Naylor T., Jeffries R.D., Bell C.P.M.)"
VizieR,J/MNRAS/492/821/table2,23,"The full galaxies analysed in this work ( Curti M., Maiolino R., Cirasuolo M., et al.)"
VizieR,J/ApJS/271/20/table1,23,"The 979 Fermi blazars ( Chen G., Zheng Z., Zeng X., Zhang L., Xiao H., Liu X., Cui L., Fan J.)"
VizieR,J/MNRAS/482/4329/table3,22,"Parameters of 'outer' void galaxies (DNN<2) ( Pustilnik S.A., Tepliakova A.L., Makarov D.I.)"
VizieR,J/ApJS/224/20/table1,22,"Fitting results of X-ray flares for 201 GRBs ( Yi S.-X., Xi S.-Q., Yu H., Wang F.Y., Mu H.-J., Lu L.-Z., Liang E.-W.)"
VizieR,J/MNRAS/477/L50/table1,22,"Properties of the stars in the Upper Scorpius region ( Galli P.A.B., Joncour I., Moraux E.)"
VizieR,J/ApJ/889/80/vla,22,"Derived properties of VLA 3-GHz identified 450-um sources (Table 2) and multi-wavelength photometry (Table 4) ( Lim C.-F., Wang W.-H., Smail I., et al.)"
VizieR,J/ApJS/172/561/table4,22,"Cluster catalog ( Burenin R.A., Vikhlinin A., Hornstrup A., Ebeling H., Quintana H., Mescheryakov A.)"
VizieR,J/ApJ/559/654/table3,22,"Galaxies and Absorption Systems ( Chen H.-W., Lanzetta K.M., Webb J.K., Barcons X.)"
VizieR,J/A+A/683/A157/tablea1,22,"Spectroscopic redshift and astrometric and photometric data ( Vejlgaard S., Fynbo J.P.U., Heintz K.E., Krogager J.K., Moller P., Geier S.J., Christensen L., Ma G.)"
VizieR,J/MNRAS/450/3675/scall,22,"Sigma Catalogue full body of information with multiple entries ( Sereno M., Ettori S.)"
VizieR,V/134/arxa,22,The atlas of Radio/X-ray associations ( Flesch E.)
VizieR,J/A+A/626/A112/table3,22,"Parameters for 419 stars ( Mauron N., Maurin, L.P.A., Kendall T.R.)"
VizieR,J/ApJS/225/23/table6,22,"Catalog of V2CGs (volume-limited 2 with 0.01<=z<=0.1154 and rMag>=-20mag) ( Sohn J., Geller M.J., Hwang H.S., Zahid H.J., Lee M.G.)"
VizieR,J/MNRAS/481/5630/tablec1,22,"Emitter catalogue ( Shimakawa R., Koyama Y., Rottgering H.J.A., Kodama T., Hayashi M., Hatch N.A., Dannerbauer H., Tanaka I., Tadaki K.-I., Suzuki T.L., Fukagawa N., Cai Z., Kurk J.D.)"
VizieR,J/ApJS/261/7/tablea1,22,"Summary of observations used in this work ( den Brok J.S., Koss M.J., Trakhtenbrot B., et al.)"
VizieR,J/ApJ/693/1840/table1,22,"Cluster galaxies with 24{mu}m emission>0.25mJy ( Bai L., Rieke G.H., Rieke M.J., Christlein D., Zabludoff A.I.)"
VizieR,J/AJ/123/1200/table3,22,"Cluster and Group Candidates Identified in Aquarius Region ( Caretta C.A., Maia M.A.G., Kawasaki W., Willmer C.N.A.)"
VizieR,J/MNRAS/467/1098/table2,22,"Non-ASAS-SN Supernovae ( Holoien T.W.-S., Brown J.S., Stanek K.Z., et al.)"
VizieR,J/ApJ/923/267/table6,22,"Properties of Foundation spectral data release ( Dettman K.G., Jha S.W., Dai Mi, Foley R.J., Rest A., Scolnic D.M., Siebert M.R., Chambers K.C., Coulter D.A., Huber M.E., Johnson E., Jones D.O., Kilpatrick C.D., Kirshner R.P., Pan Y.-C., Riess A.G., Shultz A.S.B.)"
VizieR,V/164/astars5,22,"A type stars catalog ( Luo A.-L., Zhao Y.-H., Zhao G., et al.)"
VizieR,J/A+A/686/A151/pccmc,22,"PCC merger catalogue ( Calderon-Castillo P., Nagar N.M., Yi S., Orellana G., Chang Y.-Y., Leiton R., Hughes T.M.)"
VizieR,J/AJ/144/4/catalog,21,Catalog of  the observed properties of dwarf galaxies in and around the Local Group ( McConnachie A.W.)
VizieR,J/PASJ/65/113/table7,21,"List of 348 galaxies ( Toba Y., Oyabu S., Matsuhara H., Malkan M.A., Ishihara D., Wada T., Ohyama Y., Takita S., Yamauchi C.)"
VizieR,J/A+A/476/217/stars,21,"Radial velocities, photometry and atmospheric parameters of the program stars (tables 2 and 4 of paper) ( Carraro G., Geisler D., Villanova S., Frinchaboy P.M., Majewski S.R.)"
VizieR,J/A+A/635/A98/table1,21,"Redshift catalog of galaxy cluster members ( Rescigno U., Grillo C., Lombardi M., Rosati P., Caminha G.B., Meneghetti M., Mercurio A., Bergamini P., Coe D.)"
VizieR,J/MNRAS/429/3272/table2,21,"List of the volume-limited superclusters (LX,0) ( Chon G., Bohringer H., Nowak N.)"
VizieR,J/ApJS/224/26/table2,21,"The complete data for all blazars ( Mao P., Urry C.M., Massaro F., Paggi A., Cauteruccio J., Kunzel S.R.)"
VizieR,J/ApJS/153/429/table1,21,"General parameters of the Strong Emission Line HII galaxies from SDSS DR1 with an oxygen abundance accuracy of <=0.2dex ( Kniazev A.Y., Pustilnik S.A., Grebel E.K., Lee H., Pramskij A.G.)"
VizieR,J/MNRAS/440/1248/lrgdt1c,21,"Type1 clusters from lrgdim in comoving coordinates ( Nadathur S., Hotchkiss S.)"
VizieR,J/A+A/684/A104/tablea1,21,"SN informations ( Gonzalez-Diaz R., Galbany L., Kangas T., et al.)"
VizieR,J/A+A/602/A123/table1,21,"Multiwavelength properties of the 692 sources in the X-FIR sample ( Lanzuisi G., Delvecchio I., Berta S., Brusa M., Comastri A., Gilli R., Gruppioni C., Marchesi S., Perna M., Pozzi F., Salvato M., Symeonidis M., Vignali C., Vito F., Volonteri M., Zamorani G.)"
HEASARC,intagncat,21,Second INTEGRAL AGN Catalog
VizieR,J/ApJ/723/1678/table5,21,"Multiple images produced by A1689 of 42 galaxies (corrected version, see table A1 in arXiv:1402.4170) ( Coe D., Benitez N., Broadhurst T., Moustakas L.A.)"
VizieR,J/MNRAS/478/5473/tablea1,21,"Main properties of the 72 clusters ( Lopes P.A.A., Trevisan M., Lagana T.F., Durret F., Ribeiro A.L.B., Rembold S.B.)"
VizieR,J/MNRAS/418/1409/tablea2,21,"Individual member galaxies of the groups in tablea1 ( Mendel J.T., Ellison S.L., Simard L., Patton D.R., McConnachie A.W.)"
VizieR,J/A+A/641/A162/tablea1,21,"Water maser data of 380 galaxies detected by INTEGRAL/IBIS ( Panessa F., Castangia P., Malizia A., Bassani L., Tarchi A., Bazzano A., Ubertini P.)"
VizieR,J/A+A/508/107/table3,21,"WMAP3 catalogue: basic data, identifications and inclusion in the flux limited sample ( Giommi P., Colafrancesco S., Padovani P., Gasparrini D., Cavazzuti E., Cutini S.)"
VizieR,J/AZh/87/739/sources,21,"Radio galaxies and quasars observed ( Parijskij Yu.N., Kopylov A.I., Temirova A.V., Soboleva N.S., Zhelenkova O.P., Verkhodanov O.V., Goss W.M., Fathkullin T.A.)"
HEASARC,saxhellasr,21,BeppoSAX High-Energy Large Area Survey (HELLAS) Radio Source Cat
VizieR,J/A+A/524/A6/galaxies,20,"Fundamental plane (FP) parameters  of the galaxies ( Saglia R.P., Sanchez-Blazquez P., Bender R., et al.)"
VizieR,J/ApJS/202/6/xdeep2,20,"XDEEP2 catalog (tables 5 and 7) ( Goulding A.D., Forman W.R., Hickox R.C., Jones C., Kraft R., Murray S.S., Vikhlinin A., Coil A.L., Cooper M.C., Davis M., Newman J.A.)"
VizieR,J/AJ/145/77/MS0451,20,"Combined table from original tables ( Jorgensen I., Chiboucas K.)"
VizieR,J/MNRAS/484/3785/tablea1,20,"Physical host data ( Brown J.S., Stanek K.Z., Holoien T.W.-S., Kochanek C.S., Shappee B.J., Prieto J.L., Dong S., Chen P., Thompson T.A., Beacom J.F., Stritzinger M.D., Bersier D., Brimacombe J.)"
VizieR,J/ApJ/664/761/table2,20,"Spectroscopic catalog ( Martini P., Mulchaey J.S., Kelson D.D.)"
VizieR,J/A+A/467/585/table1,20,"*List of ISGRI source parameters ( Bodaghee A., Courvoisier T.J.-L., Rodriguez J., Beckmann V., Produit N., Hannikainen D., Kuulkers E., Willis D.R., Wendt G.)"
VizieR,J/ApJ/877/5/table2,20,"X-ray spectral fitting results for highly obscured AGNs ( Li J., Xue Y., Sun M., Liu T., Vito F., Brandt W.N., Hughes T.M., Yang G., Tozzi P., Zhu S., Zheng X., Luo B., Chen C.-T., Vignali C., Gilli R., Shu X.)"
VizieR,J/ApJ/902/78/sptgal,20,"SPT-selected dusty star-forming galaxies (DSFGs) from ALMA 3mm continuum images (Table A1), photometry (Table D1), redshifts and lines (Table E1) and individiual properties (Table F1) ( Reuter C., Vieira J.D., Spilker J.S., et al.)"
VizieR,J/ApJ/627/32/table4,20,"Arc list ( Sand D.J., Treu T., Ellis R.S., Smith G.P.)"
HEASARC,agnsdssxmm,20,Sloan Digital Sky Survey/XMM-Newton AGN Spectral Properties Cata
VizieR,J/ApJS/265/57/table2,20,"Catalog ( Paudel S., Yoon S.-J., Yoo J., Smith R., Chhatkuli D.N., Kumar Bachchan R., Aryal B., Adhikari B., Adhikari N., Sedain A., Sheikh S., Dhital S., Giri A., Baral R.)"
VizieR,J/A+A/631/A87/major,20,"Major close pairs of galaxies (table B3) ( Ventou E., Contini T., Bouche N., Epinat E., Brinchmann J., Inami H., Richard J., Schroetter I., Soucail G., Steinmetz M., Weilbacher P.)"
VizieR,J/A+A/693/L2/stacked,20,"List of the selected little red dots (LRDs) ( Perger K., Fogasy J., Frey S., Gabanyi K.E.)"
VizieR,J/MNRAS/455/892/tablea1,20,"Cluster concentrations and masses ( Groener A.M., Goldberg D.M., Sereno M.)"
VizieR,J/ApJ/614/75/table3,20,"QSOs ( Francis P.J., Palunas P., Teplitz H.I., Williger G.M., Woodgate B.E.)"
VizieR,J/ApJ/785/104/table2,20,"redMaPPer DR8 member catalog ( Rykoff E.S., Rozo E., Busha M.T., Cunha C.E., Finoguenov A., Evrard A., Hao J., Koester B.P., Leauthaud A., Nord B., Pierre M., Reddick R., Sadibekova T., Sheldon E.S., Wechsler R.H.)"
VizieR,J/ApJ/921/134/table2,20,"MUSE and LRIS sources with unambiguous redshifts ( Simha S., Tejos N., Prochaska J.X., Lee K.-G., Ryder S.D., Cantalupo S., Bannister K.W., Bhandari S., Shannon R.M.)"
VizieR,J/ApJ/776/114/gal,20,"Observed galaxy properties and absorption properties (tables 2 and 3) ( Nielsen N.M., Churchill C.W., Kacprzak G.G., Murphy M.T.)"
VizieR,J/ApJ/522/113/table2,20,"Spectroscopic 1Jy survey ( Veilleux S., Kim D.-C., Sanders D.B.)"
VizieR,J/A+A/522/A79/arcs3,20,"All observations (faint + brighter red clump stars, and test stars) ( Valentini M., Munari U.)"
VizieR,J/A+A/505/417/table1,20,"INTEGRAL AGN catalogue with type, position, redshift, exposure time, black hole mass ( Beckmann V., Soldi S., Ricci C., Alfonso-Garzon J., Courvoisier T.J.-L., Domingo A., Gehrels N., Lubinski P., Mas-Hesse J.M., Zdziarski A.A.)"
VizieR,J/ApJ/868/129/table2,20,"Multiply imaged arc systems behind A370 ( Strait V., Bradac M., Hoag A., Huang K.-H., Treu T., Wang X., Amorin R., Castellano M., Fontana A., Lemaux B.-C., Merlin E., Schmidt K.B., Schrabback T., Tomczack A., Trenti M., Vulcani B.)"
VizieR,J/MNRAS/482/2627/tablea1,19,"Computed basic parameters of the 315 studied triplet systems in the SIT catalogue ( Tawfeek A.A., Ali G.B., Takey A., Awad Z., Hayman Z.M.)"
VizieR,J/A+A/646/A57/tablea2,19,"Redshift catalogue from the VLT/MUSE spectroscopic study ( Vanzella E., Caminha G.B., Rosati P., et al.)"
VizieR,J/ApJS/240/31/table4,19,"The subdwarf catalog ( Zhang S., Luo A.-L., Comte G., Gizis J.E., Wang R., Li Y., Qin Li, Kong X., Bai Y., Yi Z.)"
VizieR,J/ApJ/610/128/table1,19,"Properties of ASCA AGNs ( Watanabe C., Ohta K., Akiyama M., Ueda Y.)"
VizieR,J/MNRAS/483/5045/tablee2,19,"Fit values and redshifts of the SNe in our sample ( Papadogiannakis S., Goobar A., Amanullah R., Bulla M., Dhawan S., Doran G., Feindt U., Ferretti R., Hangard L., Howell D.A., Johansson J., Kasliwal M.M., Laher R., Masci F., Nyholm A., Ofek E., Sollerman J., Yan L.)"
VizieR,J/A+A/382/60/table1,19,"Spectroscopically-confirmed cluster members in the multi-object spectrometer (MOS) sample ( Duc P.-A., Poggianti B.M., Fadda D., Elbaz D., Flores H., Chanial P., Franceschini A., Moorwood A., Cesarsky C.)"
HEASARC,tevcat,19,TeV Gamma-Ray Source Catalog
VizieR,J/AJ/167/21/table3,19,"Positions, Gaia proper motions, radial velocities and spectroscopic [Fe/H] metallicities of the candidate extra-tidal stars stripped from BH 261 ( Kunder A., Prudil Z., Covey K.R., et al.)"
VizieR,J/AJ/138/1022/table1,19,"Global properties of emission-line galaxies ( Straughn A.N., Pirzkal N., Meurer G.R., Cohen S.H., Windhorst R.A., Malhotra S., Rhoads J., Gardner J.P., Hathi N.P., Jansen R.A., Grogin N., Panagia N., di Serego Alighieri S., Gronwall C., Walsh J., Pasquali A., Xu C.)"
VizieR,J/A+A/579/A34/table2,19,"*1WHSP sample of High Synchrotron Peaked blazars ( Arsioli B., Fraga B., Giommi P., Padovani P., Marrese P.M.)"
VizieR,J/A+A/671/A112/table1,19,"Swift-BAT sample ( Camisasca A.E., Guidorzi C., Amati L., et al.)"
VizieR,J/MNRAS/341/1093/clusters,19,"The 32 clusters in the Southern SHARC sample ( Burke D.J., Collins C.A., Sharples R.M., Romer A.K., Nichol R.C.)"
VizieR,J/ApJ/813/97/giant,19,"Photometric properties and radial velocities and atmospheric parameters and abundances of the RGB and AGB samples (tables 1, 3 and 4) ( Lapenna E., Mucciarelli A., Ferraro F.R., Origlia L., Lanzoni B., Massari D., Dalessandro E.)"
VizieR,J/A+A/472/699/catalog,19,"ROXA catalog of blazars. ( Turriziani S., Cavazzuti E., Giommi P.)"
VizieR,J/MNRAS/481/5580/tablea1,19,"Physical properties and derived quantities of the lenticular galaxies used in this work ( Fraser-McKelvie A., Aragon-Salamanca A., Merrifield M., Tabor M., Bernardi M., Drory N., Parikh T., Argudo-Fernandez M.)"
VizieR,VII/287/table2,19,"Astronomical sources ( Friedman A.S., Gerasimov R., Leon D., Stevens W., Tytler D., Keating B.G., Kislat F.)"
HEASARC,rassebcs,19,ROSAT All-Sky Survey Extended Brightest Cluster Sample
VizieR,J/A+A/635/A98/tablea1,19,"Redshift catalog of foreground/background sources ( Rescigno U., Grillo C., Lombardi M., Rosati P., Caminha G.B., Meneghetti M., Mercurio A., Bergamini P., Coe D.)"
VizieR,J/ApJ/504/27/table1,19,Full Cluster Sample ( Markevitch M.)
VizieR,J/ApJ/889/80/mips,19,"Derived properties of MIPS 24-um identified 450-um sources (Table 3) and multi-wavelength photometry (Table 5) ( Lim C.-F., Wang W.-H., Smail I., et al.)"
VizieR,J/A+A/572/A41/specmem,19,"Protocluster spectroscopic member properties ( Lemaux B.C., Cucciati O., Tasca L.A.M., et al.)"
VizieR,J/ApJ/801/69/table1,19,"Main information of the target stars ( Mucciarelli A., Lapenna E., Massari D., Ferraro F.R., Lanzoni B.)"
VizieR,J/MNRAS/416/727/table6,19,"Galaxies in general field catalogue with their properties ( Calvi R., Poggianti B.M., Vulcani B.)"
VizieR,J/ApJ/889/50/table67,19,"HR diagram parameters (Table 6) and proper motions and radial velocities (Table 7) ( Yep A.C., White R.J.)"
VizieR,I/313/lqrf,19,"J2000 equatorial coordinates catalog ( Andrei A.H., Souchay J., Zacharias N., Smart R.L., Vieira Martins R., da Silva Neto D.N., Camargo J.I.B., Assafin M., Barache C., Bouquillon S., Penna J.L., Taris, F.)"
VizieR,J/ApJ/810/14/highlat,19,"High latitude (|b|>10deg) 3LAC full  sample and fluxes ( Ackermann M., Ajello M., Atwood W.B., et al.)"
VizieR,J/MNRAS/467/1965/krossv2,19,"KROSS V2 catalog ( Harrison C.M., Johnson H.L., Swinbank A.M., Stott J.P., Bower R.G., Smail I., Tiley A.L., Bunker A.J., Cirasuolo M., Sobral D., Sharples R.M., Best P., Bureau M., Jarvis M.J., Magdis G.)"
VizieR,J/A+A/588/A141/table6,19,"MWACS-3LAC sources ( Giroletti M., Massaro F., D'Abrusco R., et al.)"
VizieR,J/MNRAS/428/389/ngc4365,18,"Spectroscopically confirmed objects in NGC 4365 ( Pota V., Forbes D.A., Romanowsky A.J., Brodie J.P., Spitler L.R., Strader J., Foster C., Arnold J.A., Benson A., Blom C., Hargis J.R., Rhode K.L., Usher C.)"
VizieR,J/ApJ/609/564/table1,18,"3EG Objects ( Sowards-Emmerd D., Romani R.W., Michelson P.F., Ulvestad J.S.)"
VizieR,J/ApJS/175/97/table2,18,"The CGRaBS catalog (Candidates Gamma-Ray Blazar) ( Healey S.E., Romani R.W., Cotter G., Michelson P.F., Schlafly E.F., Readhead A.C.S., Giommi P., Chaty S., Grenier I.A., Weintraub L.C.)"
VizieR,J/ApJ/616/707/table2,18,"Sample properties ( Hunt L.K., Malkan M.A.)"
VizieR,J/MNRAS/352/91/table2,18,"Optical and X-ray properties of the sample ( Georgantopoulos I., Georgakakis A., Akylas A., Stewart G.C., Giannakis O., Shanks T., Kitsionas S.)"
VizieR,J/A+A/681/A97/tableb1,18,"Input MBH candidates from optical/IR/UV variability and related eROSITA information from aperture photometry and spectroscopy ( Arcodia R., Merloni A., Comparat J., Dwelly T., Seppi R., Zhang Y., Buchner J., Georgakakis A., Haberl F., Igo Z., Kyritsis E., Liu T., Nandra K., Ni Q., Ponti G., Salvato M., Ward C., Wolf J., Zezas A.)"
VizieR,J/A+A/628/A3/tablee1,18,"Main characteristics of the 152 LAEs used to build the luminosity functions ( de La Vieuville G., Bina D., Pello R., et al.)"
VizieR,J/ApJ/732/65/table1,18,"SNIa data ( Weyant A., Wood-Vasey M., Wasserman L., Freeman P.)"
VizieR,J/ApJS/235/17/table7,18,"NuSTAR UKIDSS Ultra Deep Survey (UDS) catalog ( Masini A., Civano F., Comastri A., et al.)"
HEASARC,fermilgrb,18,Fermi LAT Second Gamma-Ray Burst Catalog
HEASARC,hmxbcat2,18,Catalog of High-Mass X-Ray Binaries in the Galaxy (Dynamic Versi
VizieR,J/ApJ/740/92/table2,18,"Properties of SN Ia sample and host galaxies ( Gupta R.R., D'Andrea C.B., Sako M., Conroy C., Smith M., Bassett B., Frieman J.A., Garnavich P.M., Jha S.W., Kessler R., Lampeitl H., Marriner J., Nichol R.C., Schneider D.P.)"
HEASARC,pdsoid2,18,Phoenix Deep Survey Optical and Near-Infrared Counterparts Catal
HEASARC,warps,18,"Wide Angle ROSAT Pointed Survey, First Phase (WARPS-I)"
VizieR,J/MNRAS/440/1248/dim2t2v,18,"Type2 voids from dim2 in comoving coordinates ( Nadathur S., Hotchkiss S.)"
VizieR,J/MNRAS/301/881/table3,18,"The ROSAT Brightest Cluster Sample ( Ebeling H., Edge A.C., Boehringer H., Allen S.W., Crawford C.S., Fabian A.C., Voges W., Huchra J.P.)"
VizieR,J/ApJ/742/3/table2,18,"Photometric redshift catalog for the E-CDF-S ( Rafferty D.A., Brandt W.N., Alexander D.M., Xue Y.Q., Bauer F.E., Lehmer B.D., Luo B., Papovich C.)"
VizieR,J/MNRAS/465/2120/tableb,18,"Observational properties (Tables B1-B7) ( Coatman L., Hewett P.C., Banerji M., Richards G.T., Hennawi J.F., Prochaska J.X.)"
VizieR,J/PASJ/74/239/table1,18,"Radio sources of our sample ( Xiao H., Zhu J., Fu L., Zhang S., Fan J.)"
VizieR,J/MNRAS/445/955/tablea1,18,"The properties of the 211-source combined sample used in the analysis of this paper ( Best P.N., Ker L.M., Simpson C., Rigby E.E., Sabater J.)"
VizieR,J/A+A/486/85/tablea,18,"Data for galaxies in Abell 496 ( Chilingarian I.V., Cayatte V., Durret F., Adami C., Balkowski C., Chemin L., Lagana T.F., Prugniel P.)"
VizieR,J/ApJS/123/79/3eg,18,"Third EGRET Source Catalog (table 4) ( Hartman R.C., Bertsch D.L., Bloom S.D., et al.)"
VizieR,J/A+A/535/A69/table1,18,"The sample sources used in this study and their classifications ( Nieppola E., Tornikoski M., Valtaoja E., Leon-Tavares J., Hovatta T., Laehteenmaeki A., Tammi J.)"
VizieR,J/ApJ/835/74/table1,18,"IR and 14-195keV X-ray properties of the Swift/BAT 70-month AGN catalog ( Ichikawa K., Ricci C., Ueda Y., Matsuoka K., Toba Y., Kawamuro T., Trakhtenbrot B., Koss M.J.)"
VizieR,J/A+A/579/A4/table2,18,"Spectral classification of 412 member galaxies of MACS 1206.2-0847 ( Girardi M., Mercurio A., Balestra I., et al.)"
VizieR,J/AJ/147/20/cpm,18,"M dwarf common proper motion (CPM) pairs: observational properties (Table2) , and measured properties (Table3) ( Newton E.R., Charbonneau D., Irwin J., Berta-Thompson Z.K., Rojas-Ayala B., Covey K., Lloyd J.P.)"
VizieR,J/A+A/635/A152/tablec2,17,"Properties of observed P69-FORS2 dataset in the Tucana dSph ( Taibi S., Battaglia G., Rejkuba M., Leaman R., Kacharov N., Iorio G., Jablonka P., Zoccali M.)"
VizieR,J/MNRAS/479/3563/table2,17,"Supernova candidates ( Friedmann M., Maoz D.)"
VizieR,J/ApJ/690/163/table5,17,"Selected sample from the Swift/UVOT burst catalog +4 objects from table 4 ( Roming P.W.A., Koch T.S., Oates S.R., et al.)"
VizieR,J/MNRAS/440/1248/bri1t2v,17,"Type2 voids from bright1 in comoving coordinates ( Nadathur S., Hotchkiss S.)"
VizieR,J/ApJ/570/100/table5,17,"Emission line measurements ( La Franca F., Fiore F., Vignali C., Antonelli A., Comastri A., Giommi P., Matt G., Molendi S., Perola G.C., Pompilio F.)"
VizieR,J/ApJS/262/36/catalog,17,"Integrated and characteristic parameters delivered for each analyzed data cube ( Sanchez S.F., Barrera-Ballesteros J.K., Lacerda E., et al.)"
VizieR,J/ApJ/754/23/table1,17,"Radio to {gamma} luminosities ( Leon-Tavares J., Valtaoja E., Giommi P., Polenta G., Tornikoski M., Lahteenmaki A., Gasparrini D., Cutini S.)"
VizieR,J/ApJ/885/85/table2,17,"*Classification of supernovae released in the past 3yr of ATels by OzDES ( Muthukrishna D., Parkinson D., Tucker B.E.)"
VizieR,J/ApJ/766/60/table4,17,"GALEX Time Domain Survey (TDS) catalog ( Gezari S., Martin D.C., Forster K., Neill J.D., Huber M., Heckman T., Bianchi L., Morrissey P., Neff S.G., Seibert M., Schiminovich D., Wyder T.K., Burgett W.S., Chambers K.C., Kaiser N., Magnier E.A., Price P.A., Tonry J.L.)"
VizieR,J/MNRAS/510/2495/tablea2,17,"The control parameters ( Sotnikova Y.V., Wu Z., Mufakharov T.V., Mikhailov A.G., Mingaliev M.G., Erkenov A.K., Semenova T.A., Bursov N.N., Udovitskiy R.Y., Stolyarov V.A., Tsybulev P.G., Chen Y.J., Zhang J.S., Shen Z., Jiang D.R.)"
VizieR,J/ApJ/708/868/table1,17,"Observation summary (69 targets) ( Cooksey K.L., Thom C., Prochaska J.X., Chen H.-W.)"
VizieR,J/ApJS/219/1/table6,17,"X-ray properties of type 1 AGNs ( Oh K., Yi S.K., Schawinski K., Koss M., Trakhtenbrot B., Soto K.)"
VizieR,J/ApJ/884/85/table2,17,"RELICS clusters ( Coe D., Salmon B., Bradac M., et al.)"
VizieR,J/MNRAS/366/144/table3,17,"Data for the 104 galaxies in our sample with measured redshift ( Nakamura O., Aragon-Salamanca A., Milvang-Jensen B., Arimoto N., Ikuta C., Bamford S.P.)"
VizieR,J/MNRAS/435/1265/tableb1,17,*Best-fitting results on the reconstructed masses of the objects of four samples using the MgT generalized scaling relations (gSR) ( Ettori S.)
VizieR,J/ApJS/246/12/table6,17,"Basic parameters of member galaxies of each groups identified in pCGs; updated version from the author ( Zheng Y.-L., Shen S.-Y.)"
VizieR,J/ApJ/850/161/grbs,17,"Duration, spectral lags, burst energetics and general information of the GRB (tables 1, 2 and 4) ( Tsvetkova A., Frederiks D., Golenetskii S., Lysenko A., Oleynik P., Pal'shin V., Svinkin D., Ulanov M., Cline T., Hurley K., Aptekar R.)"
VizieR,J/A+A/473/143/table14,17,"Radial velocities and IR photometry of ( Demers S., Battinelli P.)"
VizieR,J/A+A/388/1/tablea3,16,"Redshifts obtained in the EIS0948-2044 field ( Hansen L., Olsen L.F., Jorgensen H.E.)"
VizieR,J/ApJ/701/1219/table6,16,"Photometric and spectroscopic catalog of objects in the field around PG1216+069 ( Chen H.-W., Mulchaey J.S.)"
VizieR,J/A+A/399/469/tablea1,16,"Redshifts for the Parkes quarter-Jansky flat-spectrum sample ( Hook I.M., Shaver P.A., Jackson C.A., Wall J.V., Kellermann K.I.)"
VizieR,J/MNRAS/413/971/gamacore,16,"Galaxy catalogue containing all SDSS galaxies within the GAMA regions, including GAMA-matched photometry and first year redshifts, GamaCoreDR1 ( Driver S.P., Hill D.T., Kelvin L.S., et al.)"
VizieR,J/MNRAS/361/525/table3,16,"The NTT sample ( Doherty M., Bunker A.J., Ellis R.S., McCarthy P.J.)"
VizieR,J/A+A/557/A81/table2,16,"Parameters of X-ray sources ( Melnyk O., Plionis M., Elyiv A., Salvato M., Chiappetti L., Clerc N., Gandhi P., Pierre M., Sadibekova T., Pospieszalska-Surdej A., Surdej J.)"
HEASARC,candelscxo,16,CANDELS H-Band Selected Chandra Source Catalog
VizieR,J/ApJ/815/49/table1,16,"Selected Quantities Calculated or Determined for Polarized Sources in Our Sample. (from erratum ApJ, 820, 144) ( Anderson C.S., Gaensler B.M., Feain I.J., Franzen T.M.O.)"
VizieR,J/MNRAS/387/1374/table2,16,"Photometric data ( Mercurio A., Barbera F.L., Haines C.P., Merluzzi P., Busarello G., Capaccioli M.)"
VizieR,J/ApJ/763/111/table1,16,"Table of observations used for each object ( Vasudevan R.V., Brandt W.N., Mushotzky R.F., Winter L.M., Baumgartner W.H., Shimizu T.T., Schneider D.P., Nousek J.)"
HEASARC,sptszgalcl,16,South Pole Telescope-Sunyarv-Zeldovich (SPT-SZ) Survey Catalog
VizieR,J/ApJ/943/41/slsnI,16,"The ZTF superluminous supernova (SLSN-I) (Table A1), classification spectra (Table A2) and LC properties for 77 SNe (Table A4) ( Chen Z.H., Yan L., Kangas T., et al.)"
VizieR,J/MNRAS/377/806/table1,16,"Extracted galaxy parameters ( Chiu K., Bamford S.P., Bunker A.)"
VizieR,J/ApJ/706/762/table3,16,"IMACS spectroscopically confirmed Ly{alpha} emitters at z~4.5 in the LALA Cetus field ( Wang J.-X., Malhotra S., Rhoads J.E., Zhang H.-T., Finkelstein S.L.)"
VizieR,J/A+A/507/713/table1,16,"The sample of PAH selected galaxies and observed properties ( Haas M., Leipski C., Siebenmorgen R., Meusinger H., Drass H., Chini R.)"
VizieR,J/ApJ/914/58/table2,16,"Cluster masses using SZ and X-ray proxies for the clusters in the X-ray (see Voevodkin & Vikhlinin 2004ApJ...601..610V) sample ( Andrade-Santos F., Pratt G.W., Melin J.-B., Arnaud M., Jones C., Forman W.R., Pointecouteau E., Bartalucci I., Vikhlinin A., Murray S.S., Mazzotta P., Borgani S., Lovisari L., van Weeren R.J., Kraft R.P., David L.P., Giacintucci S.)"
VizieR,J/ApJ/663/164/members,16,"Spectroscopically confirmed cluster  members: spectroscopy and photometry ( Demarco R., Rosati P., Lidman C., et al.)"
VizieR,J/MNRAS/471/4990/tableb2,16,"Properties of point sources studied in this work ( Caglar T., Hudaverdi M.)"
VizieR,J/A+A/566/A149/table2,16,"Coordinates, magnitudes, and redshifts of the LCDCS 0504 spectroscopic galaxy catalog ( Guennou L., Biviano A., Adami C., et al.)"
VizieR,J/ApJS/214/24/3dhstall,16,"*3D-HST+CANDELS all fields master catalog (3dhst_master.phot.v4.1) ( Skelton R.E., Whitaker K.E., Momcheva I.G., et al.)"
VizieR,J/ApJ/806/133/table8,15,"Globular Cluster ( Li B., Peng E.W., Zhang H.-X., Blakeslee J.P., Cote P., Ferrarese L., Jordan A., Liu C., Mei S., Puzia T.H., Takamiya M., Trancho G., West M.J.)"
VizieR,J/MNRAS/490/1451/table1,15,"The properties of the continuum sources in the MUDF extracted by SEXTRACTOR with S/N>3 ( Fossati M., Fumagalli M., Lofthouse E.K., D'Odorico V., Lusso E., Cantalupo S., Cooke R.J., Cristiani S., Haardt F., Morris S.L., Peroux C., Prichard L.J., Rafelski M., Smail I., Theuns T.)"
VizieR,J/ApJ/799/60/table5,15,"Catalog of XMM-CFHTLS X-ray selected galaxy clusters ( Mirkazemi M., Finoguenov A., Pereira M.J., Tanaka M., Lerchster M., Brimioulle F., Egami E., Kettula K., Erfanianfar G., McCracken H.J., Mellier Y., Kneib J.P., Rykoff E., Seitz S., Erben T., Taylor J.E.)"
VizieR,J/AJ/132/2409/table6,15,"Catalog of Radio Sources with their identifications and classifications ( Norris R.P., Afonso J., Appleton P.N., Boyle B.J., Ciliegi P., Croom S.M., Huynh M.T., Jackson C.A., Koekemoer A.M., Lonsdale C.J., Middelberg E., Mobasher B., Oliver S.J., Polletta M., Siana B.D., Smail I., Voronkov M.A.)"
VizieR,J/ApJ/833/194/table4,15,"Group catalog supplement: visually identified candidate groups ( Wilson M.L., Zabludoff A.I., Ammons S.M., Momcheva I.G., Williams K.A., Keeton C.R.)"
VizieR,J/A+A/638/A45/table2,15,"General properties of the red AGN sample ( Masoura V.A., Georgantopoulos I., Mountrichas G., Vignali C., Koulouridis E., Chiappetti L., Fotopoulou S., Paltani S., Pierre M.)"
VizieR,J/MNRAS/495/4860/tabled1,15,"The supernova sample ( de Jaeger T., Galbany L., Gonzalez-Gaitan S., et al.)"
VizieR,J/ApJ/671/1503/table3,15,"Photometric and spectroscopic measurements for all cluster galaxies ( Moran S.M., Ellis R.S., Treu T., Smith G.P., Rich R.M., Smail I.)"
VizieR,J/MNRAS/341/993/table1,15,"Optical and radio properties of the FIRST-2dF quasar sample ( Cirasuolo M., Magliocchetti M., Celotti A., Danese L.)"
VizieR,J/A+A/465/1099/table2,15,"Redshift Catalog ( Ravikumar C.D., Puech M., Flores H., et al.)"
HEASARC,sdssnbckde,15,SDSS NBCKDE Catalog of Photometrically Selected Quasar Candidate
VizieR,J/ApJ/744/110/LAEs,15,"Candidate Ly{alpha} emitters: complete   sample and objects below the completeness limit ( Ciardullo R., Gronwall C., Wolf C., McCathran E., Bond N.A., Gawiser E., Guaita L., Feldmeier J.J., Treister E., Padilla N., Francke H., Matkovic A., Altmann M., Herrera D.)"
VizieR,J/ApJS/225/23/table3,15,"Catalog of MLCG members ( Sohn J., Geller M.J., Hwang H.S., Zahid H.J., Lee M.G.)"
VizieR,J/MNRAS/434/772/table1,15,"Radial velocities of 128 galaxies in the field of ZwCl 2341+00 ( Boschin W., Girardi M., Barrena R.)"
VizieR,J/A+A/678/A26/tablea5,15,"Northern galactic plane and equatorial sources with previously available spectroscopic redshift measurements from the HerBS, HeLMS, and HerS catalogues ( Cox P., Neri R., Berta S., et al.)"
VizieR,J/A+A/659/A14/table1,15,"HI and optical properties of the HI-bearing dwarfs ( Poulain M., Marleau F., Habas R., Duc P.A., Sanchez-Janssen R., Durrell P.R., Paudel S., Mueller O., Lim S., Bilek M., Fensch J.)"
VizieR,J/A+A/488/943/stars,15,"Star positions, photometry and radial velocities ( Sestito P., Bragaglia A., Randich S., Pallavicini R., Andrievsky S.M., Korotin S.A.)"
VizieR,J/A+A/678/A3/catalog,15,"MUSE redshift catalogue (table 1) ( Caminha G., Grillo C., Rosati P., Liu A., Acebron A., Bergamini P., Caputi K.I., Mercurio A., Tozzi P., Vanzella E., Demarco R., Frye B., Rosani G., Sharon K.)"
VizieR,J/A+A/415/863/table1,15,"The Mount Stromlo Abell Cluster SNe ( Germany L.M., Reiss D.J., Schmidt B.P., Stubbs C.W., Suntzeff N.B.)"
VizieR,J/AJ/151/78/table1,15,"*OMEGAWINGS (O) and WINGS (W) clusters ( Poggianti B.M., Fasano G., Omizzolo A., Gullieuszik M., Bettoni D., Moretti A., Paccagnella A., Jaffe Y.L., Vulcani B., Fritz J., Couch W., D'Onofrio M.)"
VizieR,J/MNRAS/328/45/singles,15,"Single stars (2001MNRAS.328...45M) ( Montes D., Lopez-Santiago J., Galvez M.C., Fernandez-Figueroa M.J., De Castro E., Cornide M.)"
VizieR,J/ApJ/865/56/table1,15,"summary ( Lira P., Kaspi S., Netzer H., Botti I., Morrell N., Mejia-Restrepo J., Sanchez-Saez P., Martinez-Palomera J., Lopez P.)"
VizieR,J/A+A/486/697/tablea2,15,"Photometric parameters and radial velocities for 111 early-type galaxies in the Hydra I cluster, ordered by increasing magnitude ( Misgeld I., Mieske S., Hilker M.)"
VizieR,J/ApJ/797/54/table1,15,"New ULIRG Sample ( Kilerci Eser E., Goto T., Doi Y.)"
VizieR,J/ApJ/924/69/table2,15,"Data of GRBs with X-ray flares ( Yi S.-X., Du M., Liu T.)"
VizieR,J/ApJS/172/383/table2,15,"COSMOS IMACS AGN catalog ( Trump J.R., Impey C.D., McCarthy P.J., Elvis M., Huchra J.P., Brusa M., Hasinger G., Schinnerer E., Capak P., Lilly S.J., Scoville N.Z.)"
VizieR,J/A+A/650/A146/table5,15,"Parameters for 77 stars ( Mauron N., Gigoyan K.S., Kendall T.R., Hambleton K.M.)"
VizieR,J/MNRAS/493/2438/2bigb,14,"The Second Brazil-ICRANet Gamma-ray Blazars (2BIGB) catalog ( Arsioli B., Chang Y.-L., Musiimenta B.)"
VizieR,V/164/mstars5,14,"M type stars catalog ( Luo A.-L., Zhao Y.-H., Zhao G., et al.)"
VizieR,J/ApJ/916/89/tablea1,14,"Catalog of short GRB kilonovae observations ( Rastinejad J.C., Fong W., Kilpatrick C.D., Paterson K., Tanvir N.R., Levan A.J., Metzger B.D., Berger E., Chornock R., Cobb B.E., Laskar T., Milne P., Nugent A.E., Smith N.)"
VizieR,J/A+A/580/A113/table1,14,"Main characteristics of the LLQSOs sample: HES and 6dFGS names, J2000 coordinates and redshift ( Tremou E., Garcia-Marin M., Zuther J., Eckart A., Valencia-Schneider M., Vitale M., Shan C.)"
VizieR,J/A+A/566/A140/table1,14,"Catalog of XMM X-ray galaxy groups in CFHTLS-W1 ( Gozaliasl G., Finoguenov A., Khosroshahi H.G., et al.)"
VizieR,J/ApJ/760/128/sources,14,"Ly{alpha} emission and best-fit model  SED parameters ( Mallery R.P., Mobasher B., Capak P., Kakazu Y., Masters D., Ilbert O., Hemmati S., Scarlata C., Salvato M., McCracken H., Lefevre O., Scoville N.)"
VizieR,J/ApJ/850/181/table1,14,"Cluster and group data ( Rudnick G., Jablonka P., Moustakas J., Aragon-Salamanca A., Zaritsky D., Jaffe Y.L., De Lucia G., Desai V., Halliday C., Just D., Milvang-Jensen B., Poggianti B.)"
VizieR,J/ApJS/237/14/table10,14,"KYDISC catalog ( Oh S., Kim K., Lee J.H., Sheen Y.-K., Kim M., Ree C.H., Ho L.C., Kyeong J., Sung E.-C., Park B.-G., Yi S.K.)"
VizieR,J/ApJS/134/355/table5,14,"Cluster radio galaxy data, with absolute quantities (tables 5 and 7 of the paper) ( Miller N.A., Owen F.N.)"
VizieR,J/ApJ/847/81/table3,14,"Quasars discovered within our survey ( Schmidt T.M., Worseck G., Hennawi J.F., Prochaska J.X., Crighton N.H.M.)"
VizieR,J/ApJ/775/78/qsos,14,"Log of MagE spectroscopic observations and  results of the {tau}>=2 Lyman limit system (LLS) survey ( Fumagalli M., O'Meara J.M., Prochaska J.X., Worseck G.)"
VizieR,J/A+A/616/A42/tablea1,14,"Clusters candidates from the PSZ1 catalogue studied in this work ( Barrena R., Streblyanska A., Ferragamo A., et al.)"
VizieR,J/AJ/148/83/table1,14,"Log of the observations and relevant information for the target stars of open clusters NGC 2360, NGC 3680, and NGC 5822 ( Sales Silva J.V., Pena Suarez V.J., Katime Santrich O.J., Pereira C.B., Drake N.A., Roig F.)"
VizieR,J/A+AS/124/283/table4,14,"Spectroscopic analysis of A1300 ( Pierre M., Oukbir J., Dubreuil D., Soucail G., Sauvageot J.-L., Mellier Y.)"
VizieR,J/A+A/564/A54/table1,14,"The 2XMMi/SDSS Galaxy Cluster Survey (III) ( Takey A., Schwope A., Lamer G.)"
VizieR,J/A+A/476/89/table1,14,"*Sample and log of observation ( Lagos P., Telles E., Melnick J.)"
HEASARC,sdsscxoqso,14,Sloan Digital Sky Survey Quasars Detected by Chandra
VizieR,J/ApJ/692/511/table1,14,"A list of luminous early-type galaxy pairs from SDSS DR6 ( Wen Z.L., Liu F.S., Han J.L.)"
VizieR,J/A+A/584/A48/tablea1,14,"ID, duration, coordinates, and redshift of the 357 GRBs as were published at http://www.astro.caltech.edu/grbox/grbox.php ( Horvath I., Bagoly Z., Hakkila J., Toth L.V.)"
VizieR,J/ApJS/184/218/table3,14,"zCOSMOS-bright 10k sample ( Lilly S.J., Le Brun V., Maier C., et al.)"
VizieR,J/ApJ/738/136/lae,14,"GALEX LAE samples  } ( Cowie L.L., Barger A.J., Hu E.M.)"
VizieR,J/ApJ/936/5/table1,14,"Measured parameters for the 188 LAMOST low-resolution spectra ( Wang K., Nemeth P., Luo Y., Chen X., Jiang Q., Cao X.)"
VizieR,J/MNRAS/492/1887/table3,13,"Source catalogue ( Guo X., Gu Q., Ding N., Contini E., Chen Y.)"
VizieR,J/A+A/482/483/table,13,"Data for each source ( Torniainen I., Tornikoski M., Turunen M., Lainela M., Lahteenmaki A., Hovatta T., Mingaliev M.G., Aller M.F., Aller H.D.)"
VizieR,J/ApJ/909/120/table1,13,"*Close galaxy pairs and multiples in MaNGA integral field units (IFUs) ( Steffen J.L., Fu H., Comerford J.M., Dai Y.S., Feng S., Gross A.C., Xue R.)"
VizieR,J/AJ/131/2114/table2,13,"Results for radial velocity of standard stars ( Walker M.G., Mateo M., Olszewski E.W., Bernstein R., Wang X., Woodroofe M.)"
VizieR,J/A+A/683/A130/tablea2,13,"Properties of member clusters of the eRASS1 superclusters identified with overdensity ratio f = 50 ( Liu A., Bulbul E., Kluge M., et al.)"
VizieR,J/MNRAS/480/2302/tablec1,13,"The primary sample ( Sun A.-L., Greene J.E., Zakamska N.L., Goulding A.D., Strauss M.A., Huang S., Johnson S.D., Kawaguchi T., Matsuoka Y., Marsteller A.A., Nagao T., Toba Y.)"
VizieR,J/ApJS/147/1/table5,13,IRAS Infrared Galaxies ( Conselice C.J.)
VizieR,J/ApJ/671/1708/table2,13,"HVS Survey: New observations ( Brown W.R., Geller M.J., Kenyon S.J., Kurtz M.J., Bromley B.C.)"
VizieR,J/AJ/144/99/Mstars,13,"Velocities, distances and pseudo-equivalent widths of KI, FeI, NaI, TiI, MnI, and AlI lines (tables 2--6) ( Deshpande R., Martin E.L., Montgomery M.M., Zapatero Osorio M.R., Rodler F., del Burgo C., Phan Bao N., Lyubchik Y., Tata R., Bouy H., Pavlenko Y.)"
VizieR,J/ApJS/126/209/table1,13,"Extended Sources in the Bright SHARC Survey ( Romer A.K., Nichol R.C., Holden B.P., Ulmer M.P., Pildis R.A., Merrelli A.J., Adami C., Burke D.J., Collins C.A., Metevier A.J., Kron R.G., Commons K.)"
VizieR,J/ApJ/841/111/table3,13,"Keck spectroscopic results ( Masters D.C., Stern D.K., Cohen J.G., Capak P.L., Rhodes J.D., Castander F.J., Paltani S.)"
VizieR,J/A+A/515/A57/table1,13,"Heliocentric redshift, position, and morphological type for galaxies of A376, A970, A1356, and A2244 ( Proust D., Capelato H.V., Lima Neto G.B., Sodre L. Jr.)"
VizieR,J/A+A/594/A32/tablec1,13,"Galaxy cluster catalogue ( Takey A., Durret F., Mahmoud E., Ali G.)"
HEASARC,sacy,13,SACY (Search for Associations Containing Young Stars) Catalog
VizieR,J/AJ/148/75/table1,13,"List of detected sources and their properties ( Dehghan S., Johnston-Hollitt M., Franzen T.M.O., Norris R.P., Miller N.A.)"
VizieR,J/A+A/555/A42/suppl510,13,"Supplementary sources, 5-10keV band ( Ranalli P., Comastri A., Vignali C., Carrera F.J., Cappelluti N., Gilli R., Puccetti S., Brandt W.N., Brunner H., Brusa M., Georgantopoulos I., Iwasawa K., Mainieri V.)"
VizieR,J/AJ/121/2843/table2,13,"VV00 Quasars With Only Upper Limits in 2MASS ( Barkhouse W.A., Hall P.B.)"
VizieR,J/A+A/580/A131/table1,13,"Sample and basic data of 63 (38 SNe IIn, 6 SNe Ibn, 1 SN Ia-CSM, 18 SN IMs) CSI SN host galaxies ( Taddia F., Sollerman J., Fremling C., Pastorello A., Leloudas G., Fransson C., Nyholm A., Stritzinger M.D., Ergon M., Roy R., Migotto K.)"
VizieR,J/AJ/147/85/table4,13,"Data used to calculate UVWXYZ ( Riedel A.R., Finch C.T., Henry T.J., Subasavage J.P., Jao W.-C., Malo L., Rodriguez D.R., White R.J., Gies D.R., Dieterich S.B., Winters J.G., Davison C.L., Nelan E.P., Blunt S.C., Cruz K.L., Rice E.L., Ianna P.A.)"
VizieR,J/A+A/466/31/table1,13,"The HELLAS2XMM second-source sample ( Cocchia F., Fiore F., Vignali C., Mignoli M., Brusa M., Comastri A., Feruglio C., Bald A., Carangelo N., Ciliegi P., D'Elia V., La Franca F., Maiolino R., Matt G., Molendi S., Perola G.C., Puccetti S.)"
VizieR,J/A+A/388/1/tablea1,13,"Redshifts obtained in the EIS0946-2029 field ( Hansen L., Olsen L.F., Jorgensen H.E.)"
VizieR,J/MNRAS/393/1467/table5,13,"Photometric and kinematic data on 24 field early-type galaxies in the FORS Deep Field and the William Herschel Deep Field ( Fritz A., Bohm A., Ziegler B.L.)"
VizieR,J/A+A/540/A47/table1,13,"Main properties of the CIG sample ( Fernandez Lorenzo M., Sulentic J., Verdes-Montenegro L., Ruiz J.E., Sabater J., Sanchez S.)"
VizieR,J/A+A/479/49/table45,12,"SN candidates with host galaxy spectra (A) or without direct or host galaxy spectroscopy (B) ( Botticella M.T., Riello M., Cappellaro E., Benetti S., Altavilla G., Pastorello A., Turatto M., Greggio L., Patat F., Valenti S., Zampieri L., Harutyunyan A., Pignata G., Taubenberger S.)"
VizieR,J/A+A/520/A47/table2,12,"Blazars detected at sigma>3 ( Maselli A., Cusumano G., Massaro E., La Parola V., Segreto A., Sbarufatti B.)"
VizieR,J/A+A/427/87/list,12,"List of GRBs localized with WFC (BSAX) or BATSE/RXTE or ASM (RXTE) or IPN or HETE or INTEGRAL ( Gorosabel J., Lund N., Brandt S., Westergaard N.J., Castro Ceron J.M.)"
VizieR,J/PASJ/63/1035/stars,12,"List of stellar atmospheric, ( Wang L., Liu Y., Zhao G., Sato B.)"
VizieR,J/MNRAS/452/2087/tiling,12,"Science targets and information for tiling and spectroscopic observation (InputCatA V16) ( Liske J., Baldry I.K., Driver S.P., et al.)"
VizieR,J/ApJ/915/20/table2,12,"Stellar parameters of the stars with V<21.5mag within 9.0"" from Vogt+ 2018NatAs...2..465V explosion center (MUSE data) ( Li C.-J., Seitenzahl I.R., Ishioka R., Chu Y.-H., Ruiter A.J., Vogt F.P.A.)"
HEASARC,cyder,12,Calan-Yale Deep Extragalactic Research Survey X-Ray Source Catal
VizieR,J/ApJ/684/136/table1,12,"Multiwavelength properties of the 15um sources in the ELAIS-S1 field (from erratum in 2009ApJ...701..850G) ( Gruppioni C., Pozzi F., Polletta M., Zamorani G., La Franca F., Sacchi N., Comastri A., Pozzetti L., Vignali C., Lonsdale C., Rowan-Robinson M., Surace J., Shupe D., Fang F., Matute I., Berta S.)"
VizieR,J/AJ/126/1208/table1,12,"HDFS objects with spectroscopic redshifts ( Sawicki M., Mallen-Ornelas G.)"
VizieR,J/ApJS/140/143/table1,12,"Quasars observed with FOS and G130H, G190H or G270H Gratings ( Bechtold J., Dobrzycki A., Wilden B., Morita M., Scott J., Dobrzycka D., Tran K.-V., Aldcroft T.L.)"
VizieR,J/ApJS/227/11/highzqso,12,"All z>5.6 quasars known as  of 2016 March  with PS1, J band, and WISE  photometry ( Banados E., Venemans B.P., Decarli R., et al.)"
VizieR,J/ApJ/590/73/table1,12,"Properties of the Seyfert 1-Type AGN Sample ( Xu D.W., Komossa S., Wei J.Y., Qian Y., Zheng X.Z.)"
VizieR,J/ApJS/176/374/warps,12,"WARPS-II catalog, with additional  clusters and candidates ( Horner D.J., Perlman E.S., Ebeling H., Jones L.R., Scharf C.A., Wegner G., Malkan M., Maughan B.)"
VizieR,J/A+A/450/959/table2,12,"The VLBA flux density of candidates High Frequency Peaker ( Orienti M., Dallacasa D., Tinti S., Stanghellini C.)"
VizieR,J/ApJS/262/51/table8,12,"SMS4 sources with no data (2021 September) from narrow-field X-ray telescopes on board Swift, Chandra, or XMM-Newton ( Maselli A., Forman W.R., Jones C., Kraft R.P., Perri M.)"
VizieR,J/A+A/632/A36/tablea2,12,"Information on the spectroscopically identified multiple images ( Caminha G.B., Rosati P., Grillo C., et al.)"
VizieR,J/ApJ/892/18/sample,12,"Basic properties (Table 2) and X-ray properties (Table 3) of the GBT X-ray sample ( Kuo C.Y., Hsiang J.Y., Chung H.H., Constantin A., Chang Y.-Y., da Cunha E., Pesce D., Chien W.T., Chen B.Y., Braatz J.A., Zaw I., Matsushita S., Lin J.C.)"
VizieR,J/MNRAS/432/62/tablea1,12,"Galaxy redshifts obtained with Keck-II/DEIMOS during our eMACS extended Massive Cluster Survey) pilot study ( Ebeling H., Edge A.C., Burgett W.S., Chambers K.C., Hodapp K.W., Huber M.E., Kaiser N., Price P.A., Tonry J.L.)"
VizieR,J/MNRAS/428/389/ngc1407,12,"Spectroscopically confirmed objects in NGC 1407 ( Pota V., Forbes D.A., Romanowsky A.J., Brodie J.P., Spitler L.R., Strader J., Foster C., Arnold J.A., Benson A., Blom C., Hargis J.R., Rhode K.L., Usher C.)"
VizieR,J/A+A/530/A86/tablea2,12,"Objects with determined redshifts ( Kuemmel M., Rosati P., Fosbury R., Haase J., Hook R.N., Kuntschner H., Lombardi M., Micol A., Nilsson K.K., Stoehr F., Walsh J.R.)"
VizieR,J/A+A/435/507/tablea1,12,"Catalog of field galaxies in CFRS 0300+00 and 1415+52 fields ( Zheng X.Z., Hammer F., Flores H., Assemat F., Rawat A.)"
VizieR,J/A+A/632/A77/3hsp-v9,12,"The 3HSP catalog (table 1) ( Chang Y.-L., Arsioli B., Giommi P., Padovani P., Brandt C.)"
HEASARC,xdeep2,12,DEEP2 Galaxy Redshift Survey Fields Chandra Point Source Catalog
VizieR,J/A+A/642/A153/grs,12,"*An update to the catalogue of giant radio galaxies and quasars (up to March 2020) (added on 08-Nov-2022) ( Dabhade P., Mahato M., Bagchi J., Saikia D.J., Combes F., Sankhyayan S., Roettgering H.J.A., Ho L.C., Gaikwad M., Raychaudhury S., Vaidya B., Guiderdoni B.)"
VizieR,J/ApJ/448/521/table11,12,"*Sample of radio-loud elliptical galaxies ( Zirbel E.L., Baum S.A.)"
VizieR,J/ApJS/233/6/table1,12,"SN II discovery data ( Hicken M., Friedman A.S., Blondin S., Challis P., Berlind P., Calkins M., Esquerdo G., Matheson T., Modjaz M., Rest A., Kirshner R.P.)"
VizieR,J/ApJ/703/1778/table2,12,"The spectroscopic catalog ( Sacchi N., La Franca F., Feruglio C., et al.)"
VizieR,J/ApJ/869/56/table2,12,"Properties of Carnegie Supernova Project I (CSP-I) and calibration SNe Ia ( Burns C.R., Parent E., Phillips M.M., et al.)"
VizieR,J/ApJ/925/15/table1,12,"82 GRBs used for fitting ( Levine D., Dainotti M., Zvonarek K.J., Fraija N., Warren D.C., Chandra P., Lloyd-Ronning N.)"
VizieR,J/A+A/666/A131/class,12,"Catalog of the galaxies with their class ( Siudek M., Malek K., Pollo A., Iovino A., Haines C.P., Bolzonella M., Cucciati O., Gargiulo A., Granett B., Krywult J., Moutard T., Scodeggio M.)"
VizieR,J/MNRAS/387/1374/table1,12,"Spectroscopic data ( Mercurio A., Barbera F.L., Haines C.P., Merluzzi P., Busarello G., Capaccioli M.)"
VizieR,J/A+A/445/465/table1,12,"Radio fluxes, optical IDs and redshifts of Southern Kuehr sources ( Ricci R., Prandoni I., Gruppioni G, Sault R.J., De Zotti G.)"
HEASARC,cosxfirmwc,12,COSMOS Field X-Ray & FIR Detected AGN Multiwavelength Properties
VizieR,J/ApJS/129/547/table2,12,"RBSC-NVSS Extragalactic Identifications ( Bauer F.E., Condon J.J., Thuan T.X., Broderick J.J.)"
VizieR,J/AJ/132/2596/main,12,"Optical spectroscopy of the ultra-luminous  IR galaxies ( Darling J., Giovanelli R.)"
VizieR,J/ApJ/919/134/table6,12,"Morphological measurements for HST-SPOGs, star-forming and quiescent galaxies calculated in this work ( Sazonova E., Alatalo K., Rowlands K., Deustua S.E., French K.D., Heckman T., Lanz L., Lisenfeld U., Luo Y., Medling A., Nyland K., Otter J.A., Petric A.O., Snyder G.F., Urry C.M.)"
VizieR,J/ApJ/834/210/clusters,11,"Summary of dynamical properties and VLT/Magellan spectroscopic observations of the strong lensing-selected galaxy clusters (tables 1 and 4) ( Carrasco M., Barrientos L.F., Anguita T., Garcia-Vergara C., Bayliss M., Gladders M., Gilbank D., Yee H.K.C., West M.)"
VizieR,J/MNRAS/483/1354/table5,11,"The IPS-MRC-1Jy sources from the Chhetri et al. (2018MNRAS.474.4937C) IPS sample that also appear in the MRC-1Jy sample ( Sadler E.M., Chhetri R., Morgan J., Mahony E.K., Jarrett T.H., Tingay S.)"
VizieR,J/AJ/131/1216/sources,11,"Identification and characterization of faint radio sources (tables 1 and 2 of the paper) ( Afonso J., Mobasher B., Koekemoer A., Norris R.P., Cram L.)"
VizieR,J/MNRAS/494/789/table3,11,"488 very high-z quasars with near and MIR photometry ( Ross N.P., Cross N.J.G.)"
VizieR,J/MNRAS/450/2615/table5,11,"Spectral properties of extragalactic X-ray sources with redshifts ( Saez C., Lehmer B.D., Bauer F.E., Stern D., Gonzales A., Rreza I., Alexander D.M., Matsuda Y., Geach J.E., Harrison F.A., Hayashino T.)"
VizieR,J/MNRAS/428/389/ngc1400,11,"Spectroscopically confirmed objects in NGC 1400 ( Pota V., Forbes D.A., Romanowsky A.J., Brodie J.P., Spitler L.R., Strader J., Foster C., Arnold J.A., Benson A., Blom C., Hargis J.R., Rhode K.L., Usher C.)"
VizieR,J/ApJS/194/22/table1,11,"29 new, 12 plausible, and 3 previously known quasars behind the SMC ( Kozlowski S., Kochanek C. S., Udalski A.)"
VizieR,J/MNRAS/510/2495/tablea1,11,"The OHM parameters ( Sotnikova Y.V., Wu Z., Mufakharov T.V., Mikhailov A.G., Mingaliev M.G., Erkenov A.K., Semenova T.A., Bursov N.N., Udovitskiy R.Y., Stolyarov V.A., Tsybulev P.G., Chen Y.J., Zhang J.S., Shen Z., Jiang D.R.)"
VizieR,J/ApJ/663/81/table1,11,"Luminosities, redshift, and classification of the hard X-ray selected sample ( Polletta M., Tajer M., Maraschi L., et al.)"
HEASARC,galextdsc,11,GALEX Time Domain Survey Catalog
VizieR,J/MNRAS/467/3140/table2,11,"Galaxy properties ( Swinbank A.M., Harrison C.M., Trayford J., et al.)"
VizieR,J/MNRAS/361/525/table4,11,"The SSA22 sample ( Doherty M., Bunker A.J., Ellis R.S., McCarthy P.J.)"
VizieR,J/ApJS/171/29/table13,11,"Damped Ly{alpha} (DLA) Metal Summary ( Prochaska J.X., Wolfe A.M., Howk J.C., Gawiser E., Burles S.M., Cooke J.)"
VizieR,J/A+A/659/A40/catalog1,11,"Physical parameters of galaxies ( Sharma G., Salucci P., van de Ven G.)"
HEASARC,at20g1fgl,11,AT20G/Fermi 1FGL Source Catalog
VizieR,J/AJ/167/21/table2,11,"Positions, Gaia proper motions, radial velocities and [Fe/H] metallicities of the probable member stars of BH 261 ( Kunder A., Prudil Z., Covey K.R., et al.)"
VizieR,J/MNRAS/500/358/table1,11,"Galaxy clusters and groups in the GOGREEN and GCLASS samples ( Balogh M.L., van der Burg R.F.J., Muzzin A., et al.)"
VizieR,J/ApJ/591/640/table4,11,"Objects with known redshifts ( Cohen A.S., Rottgering H.J.A., Kassim N.E., Cotton W.D., Perley R.A., Wilman R., Best P., Pierre M., Birkinshaw M., Bremer M., Zanichelli A.)"
VizieR,J/MNRAS/478/5336/tablea1,11,"Serendipitous catalogue of nearby objects ( Xi C., Taylor J.E., Massey R.J., Rhodes J., Koekemoer A., Salvato M.)"
VizieR,J/A+A/635/A98/table2,11,"Redshift catalog of multiple images ( Rescigno U., Grillo C., Lombardi M., Rosati P., Caminha G.B., Meneghetti M., Mercurio A., Bergamini P., Coe D.)"
VizieR,J/MNRAS/495/4040/tableb2,11,"Host galaxy properties for the DES CCSN sample ( Wiseman P., Smith M., Childress M., et al.)"
VizieR,J/ApJ/701/824/grb,11,"Observed prompt and afterglow properties of  short-duration  and long-duration  GRBs ( Nysewander M., Fruchter A.S., Pe'er A.)"
VizieR,J/AZh/91/679/catalog,11,"Chandra observations, results of modeling the total mass profiles with Navarro-Frenk-White model (NFW) with slope {alpha}=1, and results for the dark matter profiles for the three-component fits (tables 1--3) ( Babyk Yu.V., Del Popolo A., Vavilova I.B.)"
VizieR,J/A+A/472/111/table2,11,"Properties of the 13 Centaurus cluster dEs observed in our study ( Mieske S., Hilker M., Jordan A., Infante L., Kissler-Patig M.)"
VizieR,J/MNRAS/447/1267/table2,11,"Previously proposed Octans members ( Murphy S.J., Lawson W.A.)"
VizieR,J/MNRAS/498/3241/table3,11,"Group properties in the field of view of DES J0408-5354 and WGD 2038-4008 ( Buckley-Geer E.J., Lin H., Rusu C.E., et al.)"
VizieR,J/A+A/601/A95/sample,11,"Positions, redshifts and selection magnitudes (table B1) and derived physical properties (table B3) of SFDGs in VUDS ( Calabro A., Amorin R., Fontana A., et al.)"
VizieR,J/A+A/597/A24/tableb1,11,"VIMOS and literature cluster galaxies of S1101 ( Rabitz A., Zhang Y.-Y., Schwope A., Verdugo M., Reiprich T., Klein M.)"
VizieR,J/ApJS/141/23/table1,11,"List of target AGNs ( Enya K., Yoshii Y., Kobayashi Y., Minezaki T., Suganuma M., Tomita H., Peterson B.A.)"
VizieR,J/ApJ/761/114/table3,11,"Cluster member summary ( Atlee D.W., Martini P.)"
VizieR,J/A+A/643/A103/tableb1,11,"Summary of the optical spectroscopic campaign ( Pena-Herazo H.A., Amaya-Almazan R.A., Massaro F., et al.)"
VizieR,J/ApJ/861/97/table1,11,"The source information ( Fan X.-L., Wu Q., Liao N.-H.)"
VizieR,J/AJ/133/2464/stars,10,"Program star parameters ( Luck R.E., Heiter U.)"
VizieR,J/A+A/641/A177/tablea1,10,"SE SNe used in this work ( Meza N., Anderson J.P.)"
VizieR,J/ApJ/773/L36/gcdata,10,"Observations and globular cluster  properties ( Colucci J.E., Duran M.F., Bernstein R.A., McWilliam A.)"
VizieR,J/AJ/151/24/table1,10,"Parameters of the 1180 New Quasars Discovered in LAMOST DR1 ( Ai Y.L., Wu X.-B., Yang J., Yang Q., Wang F., Guo R., Zuo W., Dong X., Zhang Y.-X., Yuan H.-L., Song Y.-H., Wang J., Dong X., Yang M., Wu H., Shen S.-Y., Shi J.-R., He B.-L., Lei Y.-J., Li Y.-B., Luo A.-L., Zhao Y.-H., Zhang H.-T.)"
VizieR,J/ApJS/237/36/dgal,10,"Physical and derived properties of the merging dwarf galaxies (tables 1 and 2) ( Paudel S., Smith R., Yoon S.J., Calderon-Castillo P., Duc P.-A.)"
VizieR,J/ApJ/643/680/table1,10,"Object Summary ( Prochaska J.X., Weiner B.J., Chen H.-W., Mulchaey J.S.)"
HEASARC,xmmcdfs510,10,XMM-Newton Deep Survey in the CDF-S 5-10 keV Source Catalog
VizieR,J/ApJS/238/9/table1,10,"List of giant radio sources (GRSs) ( Kuzmicz A., Jamrozy M., Bronarska K., Janda-Boczar K., Saikia D.J.)"
VizieR,J/MNRAS/493/1044/tableb2,10,"All SNe Ia studied in this work ( Tucker M.A., Shappee B.J., Vallely P.J., et al.)"
VizieR,J/MNRAS/342/575/table1,10,"X-ray, optical and radio properties of the HELLAS sample ( Ciliegi P., Vignali C., Comastri A., Fiore F., La Franca F., Perola G.C.)"
VizieR,J/A+A/549/A119/table1,10,"Black-hole masses of the AGN-1 in XBS (XMM-Newton Serendipitous sample) ( Caccianiga A., Fanali R., Severgnini P., Della Ceca R., Marchese E., Mateos S.)"
VizieR,J/ApJ/706/1364/table1,10,"SINS survey: galaxies observed ( Forster Schreiber N.M., Genzel R., Bouche N., et al.)"
VizieR,J/A+A/470/821/table1,10,"Catalog of all cluster candidates ( Dietrich J.P., Erben T., Lamer G., Schneider P., Schwope A., Hartlap J., Maturi M.)"
VizieR,J/ApJ/708/584/table2,10,"SEXSI-Spitzer catalog ( Eckart M.E., McGreer I.D., Stern D., Harrison F.A., Helfand D.J.)"
VizieR,J/ApJ/831/145/table3,10,"Source properties ( Yang G., Brandt W.N., Luo B., Xue Y.Q., Bauer F.E., Sun M.Y., Kim S., Schulze S., Zheng X.C., Paolillo M., Shemmer O., Liu T., Schneider D.P., Vignali C., Vito F., Wang J.-X.)"
HEASARC,qso,10,Hewitt & Burbidge (1993) QSO Catalog
VizieR,J/A+A/599/A76/table2,10,"Objects from Bordalo & Telles (2011ApJ...735...52B) ( Melnick J., Telles E., Bordalo V., Chavez R., Fernandez-arenas D., Terlevich E., Terlevich R., Bresolin F., Plionis M., Basilakos S.)"
VizieR,J/AJ/135/1580/table1,10,"Radial velocity members in Carina plus Arcturus ( Koch A., Grebel E.K., Gilmore G.F., Wyse R.F.G., Kleyna J.T., Harbeck D.R., Wilkinson M.I., Evans N.W.)"
VizieR,J/A+A/425/367/reflex50,10,"REFLEX cluster catalogue for h=0.5 (H_0_=50km/s/Mpc) and Einstein-de Sitter-cosmology (table6b of paper) (H=50km/s/Mpc ( Boehringer H., Schuecker P., Guzzo L., Collins C.A., Voges W., Cruddace R.G., Ortiz-Gil A., Chincarini G., De Grandi S., Edge A.C., MacGillivray H.T., Neumann D.M., Schindler S., Shaver P.)"
VizieR,J/MNRAS/437/2607/table3,10,"Galaxy member properties of the 7 low X-ray luminosity clusters ( Nilo Castellon J.L., Alonso M.V., Lambas D.G., O'Mill A.L., Valotto C., Carrasco E.R., Cuevas H., Ramirez A)"
VizieR,J/A+A/656/A144/tables,10,"Groups and clusters (tables 3-8, A1) ( Bohringer H., Chon G.)"
HEASARC,reflex,10,ROSAT-ESO Flux-Limited X-Ray (REFLEX) Galaxy Cluster Survey
VizieR,J/PAZh/37/281/masers,10,"Basic data and residual space velocities of masers ( Stepanishechev A.S., Bobylev V.V.)"
VizieR,J/A+A/620/A186/tableb1,10,"VIS3COS' galaxy properties ( Paulino-Afonso A., Sobral D., Darvish B., Ribeiro B., Stroe A., Best P., Afonso J., Matsuda Y.)"
VizieR,J/ApJ/846/44/table1,10,*Luminous persistent radio source candidates ( Ofek E.O.)
HEASARC,nustarssc2,10,NuSTAR Serendipitous Survey 40-Month Secondary Source Catalog
VizieR,J/PAZh/42/313/table2,10,"List of known quasars at z>3 not selected by our algorithm ( Khorunzhev G.A., Burenin R.A., Mescheryakov A.V., Sazonov S.Yu.)"
VizieR,J/ApJ/639/37/table2,10,"Subsample of AGN galaxies in our spectroscopic survey with their close neighbors ( Koulouridis E., Plionis M., Chavushyan V., Dultzin-Hacyan D., Krongold Y., Goudis C.)"
VizieR,J/A+A/434/385/table1,10,"Complete sample of HBL BL Lacs in the Sedentary Survey: objects coordinates and main properties ( Giommi P., Piranomonte S., Perri M., Padovani P.)"
VizieR,J/A+A/673/A18/titans,10,"Titans parameter set ADS (complements the table J/A+A/650/A194/table2) ( Giribaldi R.E., Smiljanic R.)"
HEASARC,xrayselbll,10,X-Ray Selected BL Lac Objects Catalog
VizieR,J/A+A/636/A36/tablea1,10,"Absolute radial velocities ( Lafarga M., Ribas I., Lovis C., et al.)"
VizieR,J/MNRAS/416/1900/psr,10,"The PSR sample ( Rigby E.E., Best P.N., Brookes M.H., Peacock J.A., Dunlop J.S., Rottgering H.J.A., Wall J.V., Ker L.)"
VizieR,J/AJ/151/6/table4,10,"Potential Cluster Stars Observed with IMACS in the Field of Tombaugh 1 ( Sales Silva J.V., Carraro G., Anthony-Twarog B.J., Moni Bidin C., Costa E., Twarog B.A.)"
VizieR,J/ApJ/819/154/table1,10,"Optical and X-ray properties of the main X-ray detected quasar sample ( Lusso E., Risaliti G.)"
VizieR,J/ApJ/869/6/table1,10,"The EDisCS-HST sample ( Deger S., Rudnick G., Kelkar K., Aragon-Salamanca A., Desai V., Lotz J.M., Jablonka P., Moustakas J., Zaritsky D.)"
VizieR,IX/31/wgacat,10,"The full catalogue ( White N.E., Giommi P., Angelini L.)"
VizieR,J/MNRAS/495/4040/tableb4,10,"Host galaxy properties for the DES RET sample ( Wiseman P., Smith M., Childress M., et al.)"
VizieR,J/ApJS/248/21/table2,10,"Table of LGRB hosts ( Hao J.-M., Cao L., Lu Y.-J., Chu Q.-B., Fan J.-H., Yuan Y.-F., Yuan Y.-H.)"
VizieR,J/MNRAS/335/10/table1,10,"Abell 1689 data ( Balogh M.L., Couch W.J., Smail I., Bower R.G., Glazebrook K.)"
VizieR,J/A+A/530/A42/sample,10,"Summary of XMM-Newton observations used and power law fit results (tables 2 and 3 of paper) ( Corral A., Della Ceca R., Caccianiga A., Severgnini P., Brunner H., Carrera F.J., Page M.J., Schwope A.D.)"
VizieR,J/ApJ/890/148/table2,10,"Cluster properties and weak-lensing measurements ( Umetsu K., Sereno M., Lieu M., et al.)"
VizieR,J/ApJ/898/102/galaxies,10,"properties (Table 1) and physical parameters derived from the HI spectra (Table 4) with parameters updated from erratum published in 2020, ApJ, 902, 88 ( Yu N., Ho L.C., Wang J.)"
VizieR,J/AJ/130/896/sgrs,9,"Observed and derived properties of the sampleof 18 giant SUMSS radio sources ( Saripalli L., Hunstead R.W., Subrahmanyan R., Boyce E.)"
VizieR,J/MNRAS/393/1467/table3,9,"Photometric data on 15 cluster early-type galaxies in the FORS Deep Field ( Fritz A., Bohm A., Ziegler B.L.)"
VizieR,J/MNRAS/485/3738/tablec1,9,"Master MUSE Redshift Catalog ( Lagattuta D.J., Richard J., Bauer F.E., Clement B., Mahler G., Soucail G., Carton D., Kneib J.-P., Laporte N., Martinez J., Patricio V., Payne A.V., Pello R., Schmidt K.B., de la Vieuville G.)"
VizieR,J/A+A/530/A21/table5,9,"Spectral parameters of the Fermi/GBM GRBs collected from the GCN Circular Archive ( Nava L., Ghirlanda G., Ghisellini G., Celotti A.)"
VizieR,J/MNRAS/309/48/table2,9,"Observations of the confirmed QSO candidates ( Clowes R.G., Campusano L.E., Graham M.J.)"
HEASARC,rssgrbag,9,Radio-Selected Gamma-Ray Burst Afterglow Catalog
VizieR,J/MNRAS/475/343/table2,9,"26125 newly identified clusters of galaxies from the survey data of SuperCOSMOS, WISE, and 2MASS ( Wen Z.L., Han J.L., Yang F.)"
VizieR,J/A+A/609/A134/table1,9,"General properties of 34 Type Ibc and Type IIb supernovae ( Stritzinger M.D., Anderson J.P., Contreras C., et al.)"
VizieR,J/ApJ/749/21/table2,9,"Known Compton-thick AGNs detected in the BAT sample ( Ajello M., Alexander D.M., Greiner J., Madejski G.M., Gehrels N., Burlon D.)"
VizieR,J/A+A/597/A51/cassis,9,"IDs, physical parameters for 1146 of the CASSIS sample ( Vika M., Ciesla L., Charmandaris V. Xilouris E.M., Lebouteiller V.)"
VizieR,J/ApJ/919/143/table3,9,"Measurements and derived quantities from individual spectra with H{alpha} SNR>10 ( Henry A., Rafelski M., Sunnquist B., et al.)"
VizieR,J/ApJ/612/652/y,9,"Dimensionless Coordinate Distances of radio galaxies and supernovae (tables 1 and 2 of paper) ( Daly R.A., Djorgovski S.G.)"
VizieR,J/A+A/575/A80/sources,9,"All sources observed: properties of the high-z sources (table1), Herschel and Spitzer photometry (table2), and derived physical parameters from SED fitting (table4) ( Podigachoski P., Barthel P.D., Haas M., et al.)"
VizieR,J/ApJ/774/40/table1,9,"The 9 QSO fields studied in this work ( Andrews H., Barrientos L.F., Lopez S., Lira P., Padilla N., Gilbank D.G., Lacerna I., Maureira M.J., Ellingson E., Gladders M.D., Yee H.K.C.)"
VizieR,J/ApJS/244/30/table1,9,"Catalog of Herschel-selected ultrared sources ( Ma J., Cooray A., Nayyeri H., et al.)"
VizieR,J/A+A/536/A84/table1,9,"XMM-Newton sample ( Vagnetti F., Turriziani S., Trevese D.)"
VizieR,J/MNRAS/384/1502/BCGs,9,"NIR photometry of BCGs ( Stott J.P., Edge A.C., Smith G.P., Swinbank A.M., Ebeling H.)"
VizieR,J/ApJ/830/93/table1,9,"*Observed stars and stellar parameters ( Ji A.P., Frebel A., Simon J.D., Chiti A.)"
VizieR,J/ApJS/246/12/table5,9,"Basic parameters of the member galaxies of each cCG ( Zheng Y.-L., Shen S.-Y.)"
VizieR,J/AJ/135/1311/table3,9,"*Radio galaxy group properties ( Auger M.W., Becker R.H., Fassnacht C.D.)"
VizieR,J/MNRAS/440/1248/bri2t1v,9,"Type1 voids from bright2 in comoving coordinates ( Nadathur S., Hotchkiss S.)"
VizieR,J/MNRAS/440/1248/lrgdt1v,9,"Type1 voids from lrgdim in comoving coordinates ( Nadathur S., Hotchkiss S.)"
VizieR,J/ApJ/804/79/table1,9,"Sample of COS G130M-G160M targets piercing the circumgalactic medium (CGM) of M31 ( Lehner N., Howk J.C., Wakker B.P.)"
VizieR,J/A+A/648/A102/tablec1,9,"Basic radio properties and radio classification for the FR objects in our sample ( Vardoulaki E., Jimenez Andrade E.F., Delvecchio I., et al.)"
VizieR,J/ApJS/270/12/spscat,9,"Stellar population catalog based on the DR2 SUPER photometric catalog ( Wang B., Leja J., Labbe I., et al.)"
VizieR,J/MNRAS/482/1618/table4,9,"Galaxies from the literature with PAH, IR, and/or CO emission ( Cortzen I., Garrett J., Magdis G., Rigopoulou D., Valentino F., Pereira-Santaella M., Combes F., Alonso-Herrero A., Toft S., Daddi E., Elbaz D., Gomez-Guijarro C., Stockmann M., Huang J., Kramer C.)"
VizieR,J/ApJ/720/368/table5,9,"Relevant data for the sources in sample A ( Xue Y.Q., Brandt W.N., Luo B., Rafferty D.A., Alexander D.M., Bauer F.E., Lehmer B.D., Schneider D.P., Silverman J.D.)"
HEASARC,isgri4yrct,9,INTEGRAL ISGRI 4-Year Source Catalog
VizieR,J/ApJS/221/2/table2,9,"Journal of MIKE observations ( Prochaska J.X., O'Meara J.M., Fumagalli M., Bernstein R.A., Burles S.M.)"
VizieR,J/MNRAS/449/3263/table1,9,"Summary of galaxy and absorber properties ( Johnson S.D., Chen H.-W., Mulchaey J.S.)"
HEASARC,noras,9,Northern ROSAT All-Sky (NORAS) Galaxy Cluster Survey Catalog
VizieR,J/ApJ/549/820/table1,9,"Relevant data for the 586 unique galaxies observed in this study ( Couch W.J., Balogh M.L., Bower R.G., Smail I., Glazebrook K., Taylor M.)"
VizieR,J/A+A/564/A117/table7,9,"Binary quasars with the shortest separation, between 0"" and 30"" ( Gattano C., Souchay J., Barache C.)"
VizieR,J/ApJ/925/115/table7,9,"Properties of SNe Ia considered in this work ( Hand J., Liu S., Galbany L., Perrefort D., Wood-Vasey W.M., Burns C.)"
VizieR,J/ApJ/837/120/table2,9,"Galaxy properties and SN control times ( Graur O., Bianco F.B., Huang S., Modjaz M., Shivvers I., Filippenko A.V., Li W., Eldridge J.J.)"
VizieR,J/MNRAS/453/1201/tableb1,9,"Recovered C-band fluxes ( Hogan M.T., Edge A.C., Hlavacek-Larrondo J., Grainge K.J.B., Hamer S.L., Mahony E.K., Russell H.R., Fabian A.C., McNamara B.R., Wilman R.J.)"
VizieR,J/A+A/465/271/stars,9,"Kinematic data, fundamental parameters,  abundances and ages ( Ramirez, I., Allende Prieto, C., Lambert, D.L.)"
VizieR,J/ApJS/134/355/table6,9,"Non-cluster radio galaxy data ( Miller N.A., Owen F.N.)"
VizieR,J/A+A/597/A24/tablea1,9,"Sources associated as group members of LCLG-42230 based on our VIMOS spectroscopic data only ( Rabitz A., Zhang Y.-Y., Schwope A., Verdugo M., Reiprich T., Klein M.)"
VizieR,J/AJ/141/88/table6,8,"All extended sources with N^-19^_1.0_>=40 ( Wing J.D., Blanton E.L.)"
VizieR,J/MNRAS/490/613/table3,8,"Properties of the groups identified in the FOV of WFI 2033-4723 ( Sluse D., Rusu C.E., Fassnacht C.D., et al.)"
VizieR,J/ApJ/701/1219/table5,8,"*Photometric and spectroscopic catalog of objects in the field around PKS0405-123 ( Chen H.-W., Mulchaey J.S.)"
VizieR,J/MNRAS/442/1693/blazars,8,"Photometric and polarization results of the RoboPol 2013 June optical polarization survey of {gamma}-ray-loud blazars and the {gamma}-ray-quiet control (table2), and additional archival information (table3) ( Pavlidou V., Angelakis E., Myserlis I., et al.)"
VizieR,J/AJ/141/137/table2,8,"SDSS DR4 quasars searched for Mg II ( Quider A.M., Nestor D.B., Turnshek D.A., Rao S.M., Monier E.M., Weyant A.N., Busche J.R.)"
VizieR,J/ApJ/748/49/table3,8,"Line properties for z<1 broad-line 1LAC AGNs ( Shaw M.S., Romani R.W., Cotter G., Healey S.E., Michelson P.F., Readhead A.C.S., Richards J.L., Max-Moerbeck W., King O.G., Potter W.J.)"
VizieR,J/ApJ/818/182/galaxies,8,"Observational properties and  derived parameters of the sample ( Vaddi S., O'Dea C.P., Baum S.A., Whitmore S., Ahmed R., Pierce K., Leary S.)"
VizieR,J/ApJS/211/21/zspec,8,"Combined table from original tables ( Ebeling H., Ma C.-J., Barrett E.)"
VizieR,J/ApJS/258/32/members,8,"Galaxy catalog of Abell 1882 (spectral data, Table 2 and photometric data, Table 3) ( Sengupta A., Keel W.C., Morrison G., Windhorst R.A., Miller N., Smith B.)"
VizieR,J/ApJ/900/183/tablea1,8,"Measured quantities of our galaxies ( Wang X., Jones T.A., Treu T., Daddi E., Brammer G.B., Sharon K., Morishita T., Abramson L.E., Colbert J.W., Henry A.L., Hopkins P.F., Malkan M.A., Schmidt K.B., Teplitz H.I., Vulcani B.)"
VizieR,J/ApJS/256/13/tableb1,8,"Catalog of Fermi-LAT long-term transient sources (1FLT) ( Baldini L., Ballet J., Bastieri D., et al.)"
VizieR,J/A+A/388/1/tablea2,8,"Redshifts obtained in the EIS0947-2120 field ( Hansen L., Olsen L.F., Jorgensen H.E.)"
VizieR,J/ApJ/784/19/table1,8,"Observations ( Casey A.R., Keller S.C., Da Costa G., Frebel A., Maunder E.)"
VizieR,J/A+A/382/60/table4,8,"Foreground and background galaxies in the MOS sample ( Duc P.-A., Poggianti B.M., Fadda D., Elbaz D., Flores H., Chanial P., Franceschini A., Moorwood A., Cesarsky C.)"
VizieR,J/A+A/631/A87/minor,8,"Minor close pairs of galaxies (table B4) ( Ventou E., Contini T., Bouche N., Epinat E., Brinchmann J., Inami H., Richard J., Schroetter I., Soucail G., Steinmetz M., Weilbacher P.)"
VizieR,J/ApJ/905/93/table5,8,"Rare transients ( Hosseinzadeh G., Dauphin F., Villar V.A., et al.)"
VizieR,J/A+A/555/A42/suppl210,8,"Supplementary sources, 2-10keV band ( Ranalli P., Comastri A., Vignali C., Carrera F.J., Cappelluti N., Gilli R., Puccetti S., Brandt W.N., Brunner H., Brusa M., Georgantopoulos I., Iwasawa K., Mainieri V.)"
VizieR,J/A+A/666/A186/table1,8,"Catalogue of 194353 SDSS star-forming galaxies empirically corrected for aperture using Iglesias-Paramo et al. (2016ApJ...826...71I): oxygen and nitrogen-to-oxygen abundance and related relevant data ( Duarte Puertas S., Vilchez J.M., Iglesias-Paramo J., Molla M., Perez-Montero E., Kehrig C., Pilyugin L.S., Zinchenko I.A.)"
VizieR,J/AJ/132/321/table1,8,"Nuclear Morphology and Host Galaxy Parameters for Seyfert 1 Galaxies ( Deo R.P., Crenshaw D.M., Kraemer S.B.)"
VizieR,J/MNRAS/428/729/observed,8,"Best-fitting parameters in the  observer frame ( Margutti R., Zaninoni E., Bernardini M.G., et al.)"
VizieR,J/MNRAS/487/4285/table3,8,"Catalogue of the variable AGN candidates ( Pouliasis E., Georgantopoulos I., Bonanos A.Z., Yang M., Sokolovsky K.V., Hatzidimitriou D., Mountrichas G., Gavras P., Charmandaris V., Bellas-velidis I., Spetsieri Z.T., Tsinganos K.)"
VizieR,J/AJ/155/188/table8,8,"Radio galaxy used in Section 3 ( Lin Y.-T., Huang H.-J., Chen Y.-C.)"
VizieR,J/A+A/534/A120/table2,8,"2XMMi/SDSS Galaxy Cluster Survey catalogue (I) ( Takey A., Schwope A., Lamer G.)"
VizieR,J/MNRAS/458/4074/table1,8,"Properties of the 22 quasar absorbers (15 sub-DLAs and 7 DLAs) studied here ( Quiret S., Peroux C., Zafar T., Kulkarni V.P., Jenkins E.B., Milliard B., Rahmani H., Popping A., Rao S.M., Turnshek D.A., Monier E.M.)"
VizieR,J/A+A/693/A35/table1,8,"List of CLAGNs ( Jana A., Ricci C., Temple M.J., Chang H.-K., Shablovinskaya E., Trakhtenbrot B., Diaz Y., Ilic D., Nandi P., Koss M.)"
VizieR,J/ApJ/835/280/table3,8,"Environmental parameters of compact groups ( Lee G.-H., Hwang H.S., Sohn J., Lee M.G.)"
VizieR,J/ApJ/866/137/table2,8,"Variability brightness temperatures and beaming properties for the sources in our sample (T_var_ and delta_var_ for bright blazars) ( Liodakis I., Hovatta T., Huppenkothen D., Kiehlmann S., Max-Moerbeck W., ReadheadA A.C.S.)"
VizieR,J/ApJS/271/55/table14,8,"20-pc objects with low-metallicity and/or halo kinematics ( Kirkpatrick J.D., Marocco F., Gelino C.R., et al.)"
VizieR,J/MNRAS/435/3376/tablea1,8,"Collated LFIR and L'CO values for a range of extragalactic systems ( Heywood I., Martinez-Sansigre A., Willott C.J., Rawlings S.)"
VizieR,J/MNRAS/426/1845/tableb2,8,"Reliable and tentative radio, 24um, 8.0um and i-K identifications in the UDS field ( Michalowski M.J., Dunlop J.S., Ivison R.J., et al.)"
HEASARC,asiagosn,8,Asiago Supernova Catalog (Dynamic Version)
VizieR,J/ApJ/769/52/table3,8,"List of known clusters in SDSS LRG beams ( Wong K.C., Zabludoff A.I., Ammons S.M., Keeton C.R., Hogg D.W., Gonzalez A.H.)"
VizieR,J/ApJ/823/95/catalog,8,"List of detected Chandra counterparts ( Cappelluti N., Comastri A., Fontana A., et al.)"
VizieR,J/A+A/642/A153/tablea1,8,"General properties of SAGAN-I (SGS) ( Dabhade P., Mahato M., Bagchi J., Saikia D.J., Combes F., Sankhyayan S., Roettgering H.J.A., Ho L.C., Gaikwad M., Raychaudhury S., Vaidya B., Guiderdoni B.)"
HEASARC,champsdssa,8,CHAMP/SDSS Nearby Low-Luminosity AGN Catalog
VizieR,J/MNRAS/492/503/tablea6,8,"Galaxies in the field Abell 370 ( Raney C.A., Keeton C.R., Brennan S.)"
VizieR,J/ApJS/244/22/matchacat,8,"MATCha cluster data, scaling relations information and centering information (Tables 5, 6 and 7) ( Hollowood D.L., Jeltema T., Chen X., Farahi A., Evrard A., Everett S., Rozo E., Rykoff E., Bernstein R., Bermeo-Hernandez A., Eiger L., Giles P., Israel H., Michel R., Noorali R., Romer A.K., Rooney P., Splettstoesser M.)"
VizieR,J/ApJ/754/38/table2,8,"Basic properties of our sample of 115 (nonblazar) Flat-Spectrum Radio Quasars (FSRQs) ( Chand H., Gopal-Krishna)"
VizieR,J/A+A/583/A76/tablea1,7,"Omega Centauri candidates selected from RAVE catalog, their abundance ratios, and space velocities ( Fernandez-Trincado J.G., Robin A.C., Vieira K., Moreno E., Bienayme O., Reyle C., Valenzuela O., Pichardo B., Robles-Valdez F., Martins A.M.M.)"
VizieR,J/AJ/124/2955/table1,7,"AERQS Southern Sample ( Grazian A., Omizzolo A., Corbally C., Cristiani S., Haehnelt M.G., Vanzella E.)"
VizieR,J/MNRAS/426/3334/tablea1,7,"The catalogue of new spectroscopic redshifts for 24{mu}m excess sources in ATLAS ( Mao M.Y., Sharp R., Norris R.P., Hopkins A.M., Seymour N., Lovell J.E.J., Middelberg E., Randall K.E., Sadler E.M., Saikia D.J., Shabala S.S., Zinn P.-C.)"
VizieR,J/ApJ/883/78/table2,7,"Galaxy observations and properties ( Pointon S.K., Kacprzak G.G., Nielsen N.M., Muzahid S., Murphy M.T., Churchill C.W., Charlton J.C.)"
VizieR,J/A+A/397/431/table1,7,"Spectroscopic data ( Mercurio A., Girardi M., Boschin W., Merluzzi P., Busarello G.)"
HEASARC,chandfs4ms,7,Chandra Deep Field South 4-Megasecond Catalog
VizieR,J/ApJS/269/61/table2,7,"New candidates ( Dawes C., Storfer C., Huang X., Aldering G., Cikota A., Dey A., Schlegel D.J.)"
VizieR,J/ApJS/261/6/best,7,"Best spectral measurements (Table 2) and velocity dispersion and M_BH_ measurements (Table 4) ( Koss M.J., Trakhtenbrot B., Ricci C., et al.)"
VizieR,J/ApJ/736/21/mg,7,"Member galaxies ( Szabo T., Pierpaoli E., Dong F., Pipino A., Gunn J.)"
VizieR,J/MNRAS/483/1354/table3,7,"The main IPS-FIRST high S/N sources from the Chhetri et al. (2018MNRAS.474.4937C) IPS sample that lie within the FIRST overlap area ( Sadler E.M., Chhetri R., Morgan J., Mahony E.K., Jarrett T.H., Tingay S.)"
VizieR,J/MNRAS/393/1408/table1,7,"Near-infrared observation of type II quasars ( Chen P.S., Shan H.G.)"
VizieR,J/MNRAS/426/2601/LIRG,7,"Observational parameters, CO line ratios  and SF-powered IR luminosities of the combined Luminous IR Galaxy sample ( Papadopoulos P.P., Van Der Werf P.P., Xilouris E.M., Isaak K.G., Gao Y., Muhle S.)"
VizieR,J/ApJ/901/23/table1,7,"Known and suspected Gjoll stream stars ( Hansen T.T., Riley A.H., Strigari L.E., Marshall J.L., Ferguson P.S., Zepeda J., Sneden C.)"
VizieR,J/MNRAS/384/775/AT20G,7,"Australia Telescope 20GHz (AT20G) Survey: Bright Source Sample (BDD) ( Massardi M., Ekers R.D., Murphy T., Ricci R., Sadler E.M., Burke S., De Zotti G., Edwards P.G., Hancock P.J., Jackson C.A., Kesteven M.J., Mahony E., Phillips C.J., Staveley-Smith L., Subrahmanyan R., Walker M.A., Wilson W.E.)"
VizieR,J/ApJ/786/17/table1,7,"The CARLA (in RA order) ( Wylezalek D., Vernet J., De Breuck C., Stern D., Brodwin M., Galametz A., Gonzalez A.H., Jarvis M., Hatch N., Seymour N., Stanford S.A.)"
VizieR,J/ApJS/233/17/agns,7,"List of the Swift/BAT AGN from the 70-month catalog and log of the soft X-ray observations (tables 1 and 2) ( Ricci C., Trakhtenbrot B., Koss M.J., et al.)"
VizieR,J/MNRAS/440/405/galaxies,7,"Brightest LVC (Local Volume Catalog, Karachentsev et al. 2004, J/AJ/127/2031) galaxies: coordinates (table1), sources of observations (table2) and Orientational data (table3) ( McCall M.L.)"
VizieR,J/ApJ/833/19/table3,7,"Full list of post-starburst galaxies ( Pattarakijwanich P., Strauss M.A., Ho S., Ross N.P.)"
VizieR,J/A+A/609/A84/vipersw4,7,"PDR-2 spectroscopic catalogue, VIPERS field W4 ( Scodeggio M., Guzzo L., Garilli B., et al.)"
VizieR,J/ApJS/235/39/table1,7,AGN jet physical parameters ( Chen L.)
VizieR,J/ApJ/908/181/table4,7,"List of the long bursts analyzed ( Muccino M., Izzo L., Luongo O., Boshkayev K., Amati L., Della Valle M., Pisani G.B., Zaninoni E.)"
VizieR,J/MNRAS/419/1350/table2,7,"The observed stars ( Reddy A.B.S., Giridhar S., Lambert D.L.)"
VizieR,J/MNRAS/404/325/table4,7,"Properties of the multiple-image systems ( Richard J., Smith G.P., Kneib J.-P., Ellis R.S., Sanderson A.J.R., Pei L., Targett T.A., Sand D.J., Swinbank A.M., Dannerbauer H., Mazzotta P., Limousin M., Egami E., Jullo E., Hamilton-Morris V., Moran S.M.)"
HEASARC,maranoxmm,7,Marano Field XMM-Newton X-Ray Source Optical Counterparts
VizieR,J/ApJ/554/L129/galaxy,7,"Catalog of galaxies ( Mahdavi A., Geller M.J.)"
VizieR,J/MNRAS/333/100/table23,7,"Spectral identifications ( Magliocchetti M., Maddox S.J., Jackson C.A., et al.)"
VizieR,J/A+A/465/185/table2,7,"Data for NGC 6253 ( Sestito P., Randich S., Bragaglia A.)"
VizieR,J/A+A/467/73/tablea1,7,"The 3{sigma} hard sample ( Tajer M., Polletta M., Chiappetti L., et al.)"
VizieR,J/MNRAS/405/2505/table1,7,"General properties and spectral parameters of our local ULIRG sample ( Nardini E., Risaliti G., Watabe Y., Salvati M., Sani E.)"
VizieR,J/ApJ/861/94/sample,7,"SHINING galaxy sample, observations and integrated line fluxes (tables 2, 3 and 6) ( Herrera-Camus R., Sturm E., Gracia-Carpio J., Lutz D., Contursi A., Veilleux S., Fischer J., Gonzalez-Alfonso E., Poglitsch A., Tacconi L., Genzel R., Maiolino R., Sternberg A., Davies R., Verma A.)"
VizieR,J/MNRAS/423/1024/xcsdr1,7,"The XCS-DR1 Cluster Catalogue ( Mehrtens N., Romer A.K., Hilton M., et al.)"
VizieR,J/ApJ/834/210/table2,7,"Spectroscopic redshift of individual lensed galaxies ( Carrasco M., Barrientos L.F., Anguita T., Garcia-Vergara C., Bayliss M., Gladders M., Gilbank D., Yee H.K.C., West M.)"
VizieR,J/ApJS/194/29/table4,7,"Program source data ( Richards J.L., Max-Moerbeck W., Pavlidou V., et al.)"
VizieR,II/333/snlist,7,"Confirmed SDSS-II Supernovae (Version 21-Oct-2014) ( Sako M., Bassett B., Becker A.C., et al.)"
VizieR,J/MNRAS/438/1391/table2,7,"The observing log of full sample used in this paper ( Pan Y.-C., Sullivan M., Maguire K., Hook I.M., Nugent P.E., Howell D.A., Arcavi I., Botyanszki J., Cenko S.B., Derose J., Fakhouri H.K., Gal-Yam A., Hsiao E., Kulkarni S.R., Laher R.R., Lidman C., Nordin J., Walker E.S., Xu D.)"
VizieR,J/ApJ/833/178/table3,7,"Properties of galaxies ( Vulcani B., Treu T., Schmidt K.B., Morishita T., Dressler A., Poggianti B.M., Abramson L., Bradac M., Brammer G.B., Hoag A., Malkan M., Pentericci L., Trenti M.)"
VizieR,J/ApJ/636/721/table1,7,"Galaxy properties of the complete sample ( Brownstein J.R., Moffat J.W.)"
VizieR,J/A+A/678/A27/tablea1,7,"Observed continuum positions, spectroscopic redshifts and flux densities ( Ismail D., Beelen A., Buat V., et al.)"
VizieR,J/ApJ/562/254/table3,7,"A3528 Velocities ( Donnelly R.H., Forman W., Jones C., Quintana H., Ramirez A., Churazov E., Gilfanov M.)"
VizieR,J/MNRAS/473/663/catalog,7,"Redshift catalogue ( Mahler G., Richard J., Clement B., Lagattuta D., Schmidt K., Patricio V., Soucail G., Bacon R., Pello R., Bouwens R., Maseda M., Martinez J., Carollo M., Inami H., Leclercq F., Wisotzki L.)"
VizieR,J/ApJS/247/12/clusters,7,"HST/WFC3 observations (Table 1), cluster properties (Table 2) and spectroscopic observation summary (Table 3) ( Sharon K., Bayliss M.B., Dahle H., Dunham S.J., Florian M.K., Gladders M.D., Johnson T.L., Mahler G., Paterno-Mahler R., Rigby J.R., Whitaker K.E., Akhshik M., Koester B.P., Murray K., Remolina Gonzalez J.D., Wuyts E.)"
VizieR,J/A+A/423/449/table1+,7,"Merged tables 1-3: X-ray properties, optical properties, and optical structural parameters ( Popesso P., Bohringer H., Brinkmann J., Voges W., York D.G.)"
VizieR,J/A+A/657/A56/table1,7,"Observed cluster sample ( Knowles K., Cotton W.D., Rudnick L., et al.)"
VizieR,J/A+A/608/A68/tev,7,"TeV BL Lacs properties ( Fallah Ramazani V., Lindfors E., Nilsson K.)"
VizieR,J/MNRAS/349/1069/table1,7,"Hipparcos astrometric and radial velocity data ( Karatas Y., Bilir S., Eker Z., Demircan O.)"
VizieR,J/AJ/123/3018/table1,7,"3C and B2 non-Abell cluster radio galaxies ( Miller N.A., Ledlow M.J., Owen F.N., Hill J.M.)"
VizieR,J/ApJ/929/108/table1,7,"*radio sources for the uGMRT survey ( Gupta N., Shukla G., Srianand R., et al.)"
VizieR,J/ApJ/627/32/table3,7,"WFPC2 cluster catalog ( Sand D.J., Treu T., Ellis R.S., Smith G.P.)"
VizieR,J/ApJS/210/3/dusty,7,"Mass estimates in dusty models ( Mendel J.T., Simard L., Palmer M., Ellison S.L., Patton D.R.)"
VizieR,J/ApJ/693/152/table3,7,"Field galaxy sample 0.30<=z<=0.55 ( Oemler A., Dressler A., Kelson D., Rigby J., Poggianti B.M., Fritz J., Morrison G., Smail I.)"
VizieR,J/MNRAS/364/272/stars,7,"Atmospheric parameters and derived abundances ( Ford A., Jeffries R.D., Smalley B.)"
VizieR,J/ApJ/814/L6/table1,7,"Galaxy samples, properties, and equivalent widths ( Rigby J.R., Bayliss M.B., Gladders M.D., Sharon K., Wuyts E., Dahle H., Johnson T., Pena-Guerrero M.)"
VizieR,J/ApJ/866/97/table2,7,"X-ray flash (XRF) and X-ray rich (XRR) samples ( Bi X., Mao J., Liu C., Bai J.-M.)"
VizieR,J/MNRAS/491/2902/tableb1,7,"Overview of spectra observations ( Flors A., Spyromilio J., Taubenberger S., Blondin S., Cartier R., Leibundgut B., Dessart L., Dhawan S., Hillebrandt W.)"
VizieR,J/MNRAS/426/3334/table2,7,"The catalogue of new spectroscopic redshifts and spectroscopic classifications of the 466 radio-selected galaxies in ATLAS ( Mao M.Y., Sharp R., Norris R.P., Hopkins A.M., Seymour N., Lovell J.E.J., Middelberg E., Randall K.E., Sadler E.M., Saikia D.J., Shabala S.S., Zinn P.-C.)"
VizieR,J/A+A/667/A87/dwarfs,7,"Dwarf galaxies ( Chamba N., Trujillo I., Knapen J.H.)"
VizieR,J/ApJ/554/L129/system,7,"Catalog of clusters and groups ( Mahdavi A., Geller M.J.)"
VizieR,J/AZh/87/760/clusters,7,"The catalog of rich clusters of  galaxies, with physical characteristics, X-ray, optical and IR data ( Kuvshinova I.B., Rozgacheva I. K.)"
VizieR,J/A+A/382/60/table2,7,"Spectroscopically-confirmed cluster members from Teague et al. (1990ApJS...72..715T) ( Duc P.-A., Poggianti B.M., Fadda D., Elbaz D., Flores H., Chanial P., Franceschini A., Moorwood A., Cesarsky C.)"
VizieR,J/A+A/408/905/table1,7,"Heliocentric redshifts of galaxies in VLG fields ( Cappi A., Benoist C., da Costa L.N., Maurogordato S.)"
VizieR,J/MNRAS/492/1919/tablea1,7,"The gamma-ray bursts ( Minaev P.Y., Pozanenko A.S.)"
VizieR,J/ApJS/234/21/table2,7,"Photometric and spectroscopic properties of the hCOSMOS galaxy sample ( Damjanov I., Zahid H.J., Geller M.J., Fabricant D.G., Hwang Ho S.)"
VizieR,J/ApJ/701/1219/table4,6,"Photometric and spectroscopic catalog of objects in the field around HE0226-4110 ( Chen H.-W., Mulchaey J.S.)"
VizieR,J/MNRAS/465/3977/table14,6,"Blue diffuse dwarfs galaxies in the current observed (table 1) and photometric properties calculated from SDSS images (table 4) ( James B.L., Koposov S.E., Stark D.P., Belokurov V., Pettini M., Olszewski E.W., Mcquinn K.B.W.)"
VizieR,J/MNRAS/442/3565/galaxies,6,"Results of our high-resolution spectroscopy on HII galaxies: FWHM (table5) and fluxes (table3) of H{beta} and [OIII] lines, line intensities (table4), and derived values (table6) ( Chavez R., Terlevich R., Terlevich E., Bresolin F., Melnick J., Plionis M., Basilakos S.)"
VizieR,J/ApJS/201/30/catalog,6,"Chandra-COSMOS identification catalog ( Civano F., Elvis M., Brusa M., et al.)"
VizieR,J/ApJS/142/153/table1,6,"Galaxy Cluster Sample ( Stanford S.A., Eisenhardt P.R., Dickinson M., Holden B.P., de Propris R.)"
VizieR,J/ApJ/764/135/table3,6,"BL Lac spectral properties ( Shaw M.S., Romani R.W., Cotter G., Healey S.E., Michelson P.F., Readhead A.C.S., Richards J.L., Max-Moerbeck W., King O.G., Potter W.J.)"
VizieR,J/A+A/414/487/table2,6,"List of the 185 galaxy candidates ( Veron-Cetty M.-P., Balayan S.K., Mickaelian A.M., Mujica R., Chavushyan V., Hakopian S.A., Engels D., Veron P., Zickgraf F.-J., Voges W., Xu D.-W.)"
VizieR,J/ApJS/209/9/swift,6,"Catalog of XRT-PC detected in the  positional uncertainty region of the 2FGL source with their UVOT  counterparts ( Paggi A., Massaro F., D'Abrusco R., Smith H.A., Masetti N., Giroletti M., Tosti G., Funk S.)"
VizieR,J/A+A/670/A60/tablea1,6,"Catalog of the spectroscopic multiple images included in the SL modeling of A2744 ( Bergamini P., Acebron A., Grillo C., Rosati P., Caminha G.B., Mercurio A., Vanzella E., Angora G., Brammer G., Meneghetti M., Nonino M.)"
VizieR,J/MNRAS/499/4325/tablea1,6,"Basic data for the SIGS galaxies ( Ramos Padilla A.F., Ashby M.L.N., Smith H.A., Martinez-Galarza J.R., Beverage A.G., Dietrich J., Higuera-G. M.-A., Weiner A.S.)"
VizieR,J/MNRAS/349/135/table1,6,"Low X-ray-to-optical flux ratio sources in the XMM-Newton/2dF survey ( Georgakakis A., Georgantopoulos I., Vallbe M., Kolokotronis V., Basilakos S., Plionis M., Stewart G.C., Shanks T., Boyle B.J.)"
VizieR,J/A+A/624/A145/lqac5,6,"5th release of LQAC5 ( Souchay J., Gattano C., Andrei A.H., Souami D., Coelho B., Barache C., Taris F., Secrest N., Berthereau A.)"
VizieR,J/A+A/666/L9/muse,6,"MUSE redshift catalogue (table A1) ( Caminha G.B., Suyu S.H., Mercurio A., Brammer G., Bergamini P., Acebron A., Vanzella E.)"
VizieR,J/ApJ/910/83/sample,6,"Transient (Table 1) and host galaxy properties (Table 4) ( Hinkle J.T., Holoien T.W.-S., Shappee B.J., Auchettl K.)"
VizieR,J/ApJS/247/25/table3,6,"New confirmations of Planck clusters ( Bleem L.E., Bocquet S., Stalder B., et al.)"
VizieR,J/ApJ/867/12/table2,6,"SZE-selected cluster sample ( Rettura A., Chary R., Krick J., Ettori S.)"
VizieR,J/ApJS/240/5/table6,6,"Spitzer/HETDEX Exploratory Large-Area (SHELA) Dark Energy Camera (DECam) catalog ( Wold I.G.B., Kawinwanichakij L., Stevans M.L., et al.)"
VizieR,III/134/obs,6,"Observations ( Andersen J., Nordstroem B.)"
VizieR,J/ApJ/680/1072/table2,6,"The Ly{alpha}-emitting galaxy candidates ( Deharveng J.-M., Small T., Barlow T.A., et al.)"
VizieR,J/AJ/131/2018/table2,6,"*Physical parameters of the objects in our sample that are almost certainly superpositions ( Bernardi M., Sheth R.K., Nichol R.C., Miller C.J., Schlegel D., Frieman J., Schneider D.P., Subbarao M., York D.G., Brinkmann J.)"
VizieR,J/ApJS/158/139/table2,6,"Spectroscopic Identifications ( Keel W.C., Irby B.K., May A., Miley G.K., Golombek D., De Grijp M.H.K., Gallimore J.F.)"
VizieR,J/A+A/558/A75/table2,6,"The 2XMMi/SDSS Galaxy Cluster Survey (II), sub- 2 (TX and FX from 2XMMi-DR3 catalog) ( Takey A., Schwope A., Lamer G.)"
VizieR,J/A+A/633/A104/table1,6,"List of clusters ( Psychogyios A., Vika M., Charmandaris V., Bamford S., Fasano G., Haeussler B., Moretti A., Poggianti B., Vulcani B.)"
VizieR,J/MNRAS/338/508/table2,6,"Photometric and spectroscopic parameters for 191 galaxies in the UCM Survey ( Perez-Gonzalez P.G., Gil de Paz A., Zamorano J., Gallego J., Alonso-Herrero A., Aragon-Salamanca A.)"
VizieR,J/MNRAS/498/883/table1,6,"Journal of Observations ( Grasha K., Darling J., Leroy A.K., Bolatto A.D.)"
VizieR,J/ApJ/746/85/table1,6,"Supernova from the HST Cluster Supernova Survey ( Suzuki N., Rubin D., Lidman C., et al.)"
VizieR,J/ApJS/219/18/hdet1,6,"Fluxes of the 24um-selected  Herschel-detected type-1 AGN sample with redshifts and derived  parameters ( Xu L., Rieke G.H., Egami E., Pereira M.J., Haines C.P., Smith G.P.)"
VizieR,J/ApJ/716/712/tableb2,6,"All SNe included in this compilation ( Amanullah R., Lidman C., Rubin D., et al.)"
VizieR,VII/274/bzcat5,6,"The Roma BZCAT - 5th edition ( Massaro E., Maselli A., Leto C., Marchegiani P., Perri M., Giommi P., Piranomonte S.)"
VizieR,J/ApJ/863/89/dgal,6,"Ultra-faint dwarf parameters, Gaia DR2 data and orbits (Tables 1, 3 and 4) ( Simon J.D.)"
VizieR,J/MNRAS/488/4239/tablea2,6,"SNe IIb sample ( Pessi P.J., Folatelli G., Anderson J.P., Bersten M., Burns C., Contreras C., Davis S., Englert B., Hamuy M., Hsiao E.Y., Martinez L., Morrell N., Phillips M.M., Suntzeff N., Stritzinger M.D.)"
VizieR,J/A+A/664/A117/table6,6,"*List of the 677 AGN constituting the main sample ( De Cicco D., Bauer F.E., Paolillo M., Sanchez-Saez P., Brandt W.N., Vagnetti F., Pignata G., Radovich M., Vaccari M.)"
VizieR,J/A+A/570/A96/table12,6,"List of the program quasars and log of observations (tables 1 and 2 of the paper) ( Sulentic J.W., Marziani P., del Olmo A., Dultzin D., Perea J., Negrete C.A.)"
VizieR,J/MNRAS/458/3150/table6,6,"*Final radial velocities and literature comparison ( Casamiquela L., Carrera R., Jordi C., Balaguer-Nunez L., Pancino E., Hidalgo S.L., Martinez-Vazquez C.E., Murabito S., del Pino A., Aparicio A., Blanco-Cuaresma S., Gallart C.)"
VizieR,J/ApJ/899/13/table1,6,"Properties of GASP galaxies used in this work ( Gullieuszik M., Poggianti B.M., McGee S.L., Moretti A., Vulcani B., Tonnesen S., Roediger E., Jaffe Y.L., Fritz J., Franchetto A., Omizzolo A., Bettoni D., Radovich M., Wolter A.)"
VizieR,J/A+A/519/A17/table1,6,"Sources studied in the paper ( Vagnetti F., Turriziani S., Trevese D., Antonucci M.)"
VizieR,J/AJ/151/146/table7,6,"Results of cross-identification with LAMOST ( Chen R., Luo A., Liu J., Jiang B.)"
VizieR,J/A+A/407/791/c7,6,"7um sources detected in the field of Abell 370 ( Metcalfe L., Kneib J.-P., McBreen B., Altieri B., Biviano A., Delaney M., Elbaz D., Kessler M.F., Leech K., Okumura K., Ott S., Perez-Martinez R., Sanchez-Fernandez C., Schulz B.)"
VizieR,J/ApJ/887/268/table3,6,"List of SkyMapper sources in the candidate sample observed in our campaigns ( Calderone G., Boutsia K., Cristiani S., Grazian A., Amorin R., D'Odorico V., Cupani G., Fontanot F., Salvato M.)"
VizieR,J/ApJ/570/100/table3,6,"Identified hard X-ray sources in the HELLAS catalog ( La Franca F., Fiore F., Vignali C., Antonelli A., Comastri A., Giommi P., Matt G., Molendi S., Perola G.C., Pompilio F.)"
VizieR,J/ApJS/176/414/table1,6,"Cluster catalog with maximum density {rho}>=4 ( Yoon J.H., Schawinski K., Sheen Y.-K., Ree C.H., Yi S.K.)"
VizieR,J/AJ/125/1107/LFR2003,6,"LFR2003 ( Labbe I., Franx M., Rudnick G., Foerster-Schreiber N.M., Rix H.-W., Moorwood A., Van Dokkum P.G., Van Der Werf P., Rottgering H., Van Starkenburg L., Van De Wel A., Kuijken K., Daddi E.)"
VizieR,IX/32/table3,6,"Summary of the optical identification program of the new sources in the RHS-sample. ( Fischer J.-U., Hasinger G., Schwope A.D., Brunner H., Boller T., Trumper J., Voges W., Neizvestny S., Schwarz R., Ugryumov A., Belage Yu.)"
VizieR,J/MNRAS/486/175/tablea1,6,"Integrated galaxy properties ( Gillman S., Swinbank A.M., Tiley A.L., et al.)"
VizieR,J/A+A/512/A37/table2,6,"Radial velocities and space motions of our targets ( Seifahrt A., Reiners A., Almaghrbi K.A.M., Basri G.)"
VizieR,J/A+A/363/141/table2,6,"Repeated observations ( Reich W., Fuerst E., Reich P., Kothes R., Brinkmann W., Siebert J.)"
VizieR,J/MNRAS/494/5793/table1,6,"Hard X-ray selected AKARI AGN sample ( Kilerci Eser E., Goto T., Guver T., Tuncer A., Atas O.H.)"
VizieR,J/MNRAS/488/4239/tablea1,6,"SNe II sample ( Pessi P.J., Folatelli G., Anderson J.P., Bersten M., Burns C., Contreras C., Davis S., Englert B., Hamuy M., Hsiao E.Y., Martinez L., Morrell N., Phillips M.M., Suntzeff N., Stritzinger M.D.)"
VizieR,J/ApJ/844/78/table1,6,"COBRA cluster survey catalog ( Paterno-Mahler R., Blanton E.L., Brodwin M., Ashby M.L.N., Golden-Marx E., Decker B., Wing J.D., Anand G.)"
VizieR,J/ApJ/905/145/candidates,6,"List of candidate counterparts to S190426c, S190901ap, S190910d, S190910h, S190923y, S190930t, S191205ah, S191213g and S200213t (Tables 2-10; data for S191213g reported in 2019GCN.26424....1A and 2019GCN.26437....1S) ( Kasliwal M.M., Anand S., Ahumada T., et al.)"
VizieR,J/A+A/388/1/tablea4,6,"Redshifts obtained in the EIS0949-2101 field ( Hansen L., Olsen L.F., Jorgensen H.E.)"
VizieR,J/MNRAS/465/316/nonlyc,6,"Non-LyC catalog (LAEs and LBGs at redshift z>=3.06) ( Micheva G., Iwata I., Inoue A.K., Matsuda Y., Yamada T., Hayashino T.)"
HEASARC,lbqs,6,Large Bright Quasar Survey
VizieR,J/ApJS/146/267/table3,6,"Cluster sample ( Morrison G.E., Owen F.N., Ledlow M.J., Keel W.C., Hill J.M., Voges W., Herter T.)"
VizieR,J/MNRAS/447/3856/table1,5,"Catalogue of GOTOQs ( Straka L.A., Noterdaeme P., Srianand R., Nutalaya S., Kulkarni V.P., Khare P., Bowen D., Bishof M., York D.G.)"
VizieR,J/MNRAS/277/1477/catalog,5,"The BL Lac Catalogue (Table 1 of paper) ( Padovani P., Giommi P.)"
VizieR,J/MNRAS/505/4726/tableb1,5,"'Unknown Extended (UEX) sample' radio and broad-band properties ( Keenan M., Meyer E.T., Georganopoulos M., Reddy K., French O.J.)"
VizieR,J/A+A/407/791/c15,5,"15um sources detected in the field of Abell 370 ( Metcalfe L., Kneib J.-P., McBreen B., Altieri B., Biviano A., Delaney M., Elbaz D., Kessler M.F., Leech K., Okumura K., Ott S., Perez-Martinez R., Sanchez-Fernandez C., Schulz B.)"
VizieR,J/MNRAS/392/1539/table1,5,"QSO targets, in order of QSO pair label number, not RA. ( Tytler D., Gleed M., Melis C., Chapman A., Kirkman D., Lubin D., Paschos P., Jena T., Crotts A.P.S.)"
VizieR,J/ApJ/580/774/table1,5,"Catalog of the 73 X-Ray brightest clusters from the CIZA survey (Clusters In the Zone of Avoidance) ( Ebeling H., Mullis C.R., Tully R.B.)"
VizieR,J/AJ/126/63/table1,5,"2MASS sample and measurements ( Hutchings J.B., Maddox N., Cutri R.M., Nelson B.O.)"
VizieR,J/AJ/111/645/table1,5,"Morphology of objects listed by Green et al. (1986ApJS...61..305G, see cat. <II/207>) ( Fabian D., Usher P.D.)"
VizieR,J/MNRAS/327/588/table1,5,"Details of the 21 clusters in the LARCS sample and the multiwavelength observations of those so far obtained ( Pimbblet K.A., Smail I., Edge A.C., Couch W.J., O'Hely E., Zabludoff A.I.)"
VizieR,J/MNRAS/430/425/vlrsagn,5,"Catalogue of AGN ( Bielby R., Hill M.D., Shanks T., Crighton N.H.M., Infante L., Bornancini C.G., Francke H., Heraudeau P., Lambas D.G., Metcalfe N., Minniti D., Padilla N., Theuns T., Tummuangpak P., Weilbacher P.)"
VizieR,J/ApJ/863/134/bcds,5,"Observational, measured and derived properties of our blue compact dwarf galaxy (BCD) (tables 1, 2b and 5) ( Hsyu T., Cooke R.J., Prochaska J.X., Bolte M.)"
VizieR,J/ApJ/819/63/table4,5,"Dynamical masses and SZ signals of clusters ( Rines K.J., Geller M.J., Diaferio A., Hwang H.S.)"
VizieR,J/A+A/674/A102/table1,5,"clusters observed with Chandra and satisfying the criteria defined in Section 3 ( Wang L., Tozzi P., Yu H., Gaspari M., Ettori S.)"
HEASARC,chansexagn,5,Chandra Serendipitous Extragalactic X-Ray Source ID (SEXSI)/Spit
VizieR,J/ApJ/897/10/blazars,5,"Blazar (Table 1) and Doppler factors (Table 3) ( Zhang L., Chen S., Xiao H., Cai J., Fan J.)"
VizieR,J/MNRAS/488/1704/table1,5,"Cluster data sets ( Klein M., Israel H., Nagarajan A., Bertoldi F., Pacaud F., Lee A.T., Sommer M., Basu K.)"
VizieR,J/MNRAS/431/3338/table2,5,"The observed stars ( Reddy A.B.S., Giridhar S., Lambert D.L.)"
VizieR,J/ApJ/935/4/table1,5,"Blazar sample ( Zhang L., Liu Yi, Fan J.)"
HEASARC,warps2,5,"Wide Angle ROSAT Pointed Survey, Second Phase (WARPS-II) Cluster"
VizieR,J/AJ/155/201/SNIa,5,"SN Ia properties from the literature (table 3) and 2MASS calibration stars (table 7) ( Weyant A., Wood-Vasey W.M., Joyce R., Allen L., Garnavich P., Jha S.W., Kroboth J.R., Matheson T., Ponder K.A.)"
VizieR,J/ApJ/817/95/table1,5,"Compact group sample ( Tzanavaris P., Hornschemeier A.E., Gallagher S.C., Lenkic L., Desjardins T.D., Walker L.M., Johnson K.E., Mulchaey J.S.)"
VizieR,J/ApJ/807/139/table1,5,"Physical Parameters for 59 Compact SFGs in the COSMOS Field ( Fang G., Ma Z., Kong X., Fan L.)"
VizieR,J/ApJ/810/14/table7,5,"Sources from earlier FGL catalogs missing in 3LAC ( Ackermann M., Ajello M., Atwood W.B., et al.)"
VizieR,J/A+A/648/A122/catalog,5,"Binary morphology SDSS galaxies catalog ( Vavilova I.B., Dobrycheva D.V., Vasylenko M.Yu., Elyiv A.A., Melnyk O.V., Khramtsov V.)"
VizieR,J/AJ/157/126/table2b,5,"The unmatched data used in this work ( Garon A.F., Rudnick L., Wong O.I., Jones T.W., Kim J.-A., Andernach H., Shabala S.S., Kapinska A.D., Norris R.P., de Gasperin F., Tate J., Tang H.)"
VizieR,J/ApJ/543/552/table6,5,"Statistical sample: QSOs without damped Lyman{alpha} absorbers ( Storrie-Lombardi L.J., Wolfe A.M.)"
VizieR,J/A+A/685/A99/table,5,"List of studied galaxies ( Carniani S., Venturi G., Parlanti E., et al.)"
VizieR,J/ApJ/913/120/table1,5,"for 1124 blazars ( Zeng H., Petrosian V., Yi T.)"
VizieR,J/A+A/631/A148/tablea2,5,"Updated information of other PSZ2 candidates beyond the LP15 sample ( Aguado-Barahona A., Barrena R., Streblyanska A., Ferragamo A., Rubino-Martin J.A., Tramonte D., Lietzen H.)"
VizieR,J/MNRAS/498/3241/table4,5,"Properties of the 10 galaxies with the largest flexion shifts in the field of DES J0408-5354 and WGD 2038-4008 ( Buckley-Geer E.J., Lin H., Rusu C.E., et al.)"
VizieR,J/ApJ/813/82/agn,5,"244 broad-line AGN properties and emission line measurements (tables 1 and 2) ( Reines A.E., Volonteri M.)"
VizieR,J/ApJS/179/95/xsources,5,"Combined table from original tables ( Mainieri V., Kellermann K.I., Fomalont E.B., Miller N., Padovani P., Rosati P., Shaver P., Silverman J., Tozzi P., Bergeron J., Hasinger G., Norman C., Popesso P.)"
VizieR,J/A+A/694/A100/tablec1,5,"Single-peaked LAEs catalogue ( Vitte E., Verhamme A., Hibon P., Leclercq F., Alcalde Pampliega B., Kerutt J., Kusakabe H., Matthee J., Guo Y., Bacon R., Maseda M., Richard J., Pharo J., Schaye J., Boogaard L., Nanayakkara T., Contini T.)"
VizieR,J/A+A/694/A100/tablec2,5,"Double-peaked LAEs catalogue ( Vitte E., Verhamme A., Hibon P., Leclercq F., Alcalde Pampliega B., Kerutt J., Kusakabe H., Matthee J., Guo Y., Bacon R., Maseda M., Richard J., Pharo J., Schaye J., Boogaard L., Nanayakkara T., Contini T.)"
VizieR,J/AJ/126/119/table4,5,"Radio contamination estimates ( Rizza E., Morrison G.E., Owen F.N., Ledlow M.J., Burns J.O., Hill J.)"
VizieR,J/ApJ/897/183/table1,5,"Observing Log ( Hansen T.T., Marshall J.L., Simon J.D., et al.)"
VizieR,J/MNRAS/490/135/table3,5,"Properties of galaxy clusters/groups ( Lee S.-K., Im M., Hyun M., Park B., Kim J.-W., Kim D., Kim Y.)"
VizieR,VIII/91/psz1,5,Planck Sunyaev-Zel'dovich cluster candidates (includes the associated notes) ( Planck Collaboration)
VizieR,J/ApJS/234/5/zspcat,5,"The spectroscopic redshift catalog of LAMOST Complete Spectroscopic Survey of Pointing Area (LaCoSSPAr) (tables 2 and 3) ( Yang M., Wu H., Yang F., et al.)"
VizieR,J/MNRAS/450/3665/substruc,5,"LC2-substructure catalogue, version V2.0 ( Sereno M.)"
VizieR,J/A+A/415/549/table56,5,"Summary of observed and derived quantities  for steep and flat-spectrum sources ( Ricci R., Prandoni I., Gruppioni C., Sault R.J., De Zotti G.)"
VizieR,J/A+A/478/83/table1,5,"Spectroscopic catalog ( Vanzella E., Cristiani S., Dickinson M., Giavalisco M., Kuntschner H., Haase J., Nonino M., Rosati P., Cesarsky C., Ferguson H.C., Fosbury R.A.E., Grazian A., Moustakas L.A., Rettura A., Popesso P., Renzini A., Stern D., GOODS Team)"
VizieR,J/ApJ/775/106/table1,5,"The Sample of 1.2<z<3 early-type galaxies (ETGs) ( Cassata P., Giavalisco M., Williams C.C., Guo Y., Lee B., Renzini A., Ferguson H., Faber S.F., Barro G., McIntosh D.H., Lu Y., Bell E.F., Koo D.C., Papovich C.J., Ryan R.E., Conselice C.J., Grogin N., Koekemoer A., Hathi N.P.)"
VizieR,J/ApJS/267/36/varagn,5,Basic information (Table 1) and line parameters (Table 2) of the 156 Type-2 AGN with apparent long-term variabilities ( Zhang X.)
VizieR,J/ApJS/194/45/catalog,5,"Catalog of quasar properties from SDSS DR7 ( Shen Y., Richards G.T., Strauss M.A., Hall P.B., Schneider D.P., Snedden S., Bizyaev D., Brewington H., Malanushenko V., Malanushenko E., Oravetz D., Pan K., Simmons A.)"
VizieR,J/ApJS/140/265/table2,5,"WARPS-I Source Catalog ( Perlman E.S., Horner D.J., Jones L.R., Scharf C.A., Ebeling H., Wegner G., Malkan M.)"
VizieR,J/MNRAS/491/2057/table4,5,"Line emitters extracted within 1000km/s of the LLS at z~3.525 ( Lofthouse E.K., Fumagalli M., Fossati M., O'Meara J.M., Murphy M.T., Christensen L., Prochaska J.X., Cantalupo S., Bielby R.M., Cooke R.J., Lusso E., Morris S.L.)"
VizieR,J/MNRAS/366/171/table1,5,"Optical and X-ray properties of the hard X-ray selected sample ( Georgakakis A.E., Georgantopoulos I., Akylas A.)"
VizieR,J/MNRAS/502/4009/table3,5,"XQ-100 subDLA metallicities ( Berg T.A.M., Fumagalli M., D'Odorico V., Ellison S.L., Lopez S., Becker G.D., Christensen L., Cupani G., Denney K.D., Sanchez-Ramirez R., Worseck G.)"
VizieR,J/ApJ/791/128/table18,5,"Galaxy Group Members near HE 0226-4110 (z_abs = 0.01750) ( Stocke J.T., Keeney B.A., Danforth C.W., Syphers D., Yamamoto H., Shull J.M., Green J.C., Froning C., Savage B.D., Wakker B., Kim T.-S., Ryan-Weber E.V., Kacprzak G.G.)"
VizieR,J/MNRAS/448/2644/table1,5,"Overview of the REXCESS clusters analysed in this paper ( Holland J.G., Bohringer H., Chon G., Pierini D.)"
VizieR,J/MNRAS/478/4657/gband,5,"GALFIT g-band decomposition ( Pahwa I., Saha K.)"
VizieR,J/MNRAS/406/2578/tablea1,5,"New redshifts of galaxies near S1189 ( Mao M.Y., Sharp R., Saikia D.J., Norris R.P., Johnston-Hollitt M., Middelberg E., Lovell J.E.J.)"
VizieR,J/A+A/384/81/qso,5,"QSO candidates ( Hatziminaoglou E., Groenewegen M.A.T., da Costa L., Arnouts S., Benoist C., Madejsky R., Mignani R., Olsen L.F., Rite C., Schirmer M., Slijkhuis R., Vandame B.)"
VizieR,J/ApJ/686/749/table11,5,"Supernovae of the Union compilation ( Kowalski M., Rubin D., Aldering G., et al.)"
VizieR,J/ApJ/665/921/table1,5,"Objects at z>2.5 in the A1689 Field ( Frye B.L., Coe D., Bowen D.V., Benitez N., Broadhurst T., Guhathakurta P., Illingworth G., Menanteau F., Sharon K., Lupton R., Meylan G., Zekser K., Meurer G., Hurley M.)"
VizieR,J/MNRAS/372/1425/tablec2,5,"Images used in this study ( Halkola A., Seitz S., Pannella M.)"
VizieR,J/AJ/154/211/catalog,5,"General Properties (table 1) , Photometric and Spectroscopic Properties (table 2) and Light-curve Parameters (table 3) of 134 Type Ia Supernovae ( Krisciunas K., Contreras C., Burns C.R., et al.)"
VizieR,J/MNRAS/439/2701/galaxies,5,"Ultra-Luminous IR galaxies with Spitzer spectra: positions, spectra, H_2_ and [FeII] emission, Si absorption, PAH emission, morphological classifications, and optical line measurements (tables 1--5) ( Hill M.J., Zakamska N.L.)"
VizieR,J/A+A/628/A13/tablea1,5,"*107 PSZ2 sources discussed in this paper ( Streblyanska A., Aguado-Barahona A., Ferragamo A., Barrena R., Rubino-Martin J.A., Tramonte D., Genova-Santos R.T., Lietzen H.)"
VizieR,J/ApJ/755/171/table1,5,"[CII] line fluxes and luminosities ( Sargsyan L., Lebouteiller V., Weedman D., Spoon H., Bernard-Salas J., Engels D., Stacey G., Houck J., Barry D., Miles J., Samsonyan A.)"
VizieR,J/MNRAS/485/1188/acccat,5,"ALMA Calibrator Catalogue ( Bonato M., Liuzzo E., Herranz D., Gonzalez-nuevo J., Bonavera L., Tucci M., Massardi M., De Zotti G., Negrello M., Zwaan M.A.)"
VizieR,J/ApJ/864/144/table1,5,"Analyzed dwarf galaxies ( Douglass K.A., Vogeley M.S., Cen R.)"
VizieR,J/ApJ/925/40/sample,5,"Optical and gamma-ray parameters (Table 1) and jet parameters (Table 2) ( Xiao H., Ouyang Z., Zhang L., Fu L., Zhang S., Zeng X., Fan J.)"
VizieR,J/ApJ/715/429/table1,5,"First LAT AGN catalog ( Abdo A.A., Ackermann M., Ajello M., et al.)"
VizieR,J/ApJS/258/29/table3,5,"Non-AGN galaxies ( Chen Y.-P., Zaw I., Farrar G.R., Elgamal S.)"
VizieR,J/ApJS/268/23/table1,5,"The magnetic field strength and electron energy for 2708 Fermi blazars ( Fan J., Xiao H., Yang W., Zhang L., Strigachev A.A., Bachev R.S., Yang J.)"
VizieR,J/MNRAS/381/211/table3,5,"Redshifts and radio flux densities for 2SLAQ LRGs which are detected as radio sources ( Sadler E.M., Cannon R.D., Mauch T., Hancock P.J., Wake D.A., Ross N., Croom S.M., Drinkwater M.J., Edge A.C., Eisenstein D., Hopkins A.M., Johnston H.M., Nichol R., Pimbblet K.A., De Propris R., Roseboom I.G., Schneider D.P., Shanks T.)"
VizieR,J/ApJS/182/12/table1,5,"Summary of sample ( Cavagnolo K.W., Donahue M., Voit G.M., Sun M.)"
VizieR,J/ApJ/888/36/galaxies,5,"Observed dwarf galaxy with FIRST detections (Table 1) and VLA observations (Table 2) ( Reines A.E., Condon J.J., Darling J., Greene J.E.)"
VizieR,VII/188/table2,5,"Confirmed, probable or possible BL Lac objects ( Veron-Cetty M.P., Veron P.)"
VizieR,J/ApJS/271/64/tableb1,5,"Low-mass AGNs deeply mined from the FIRST images with 3<=S/N<3.5 ( Wu J.-Z., Dong X.-B., Qian L., Liu W.-J., Xie F.-G., Peng Bo)"
VizieR,J/ApJS/219/18/nondet,5,"Fluxes of 24um-selected  Herschel-non-detected type-1 and type-2 AGN sample ( Xu L., Rieke G.H., Egami E., Pereira M.J., Haines C.P., Smith G.P.)"
VizieR,J/A+A/567/A89/table1,5,"Cluster sample ( Tozzi P., Moretti A., Tundo E., Liu T., Rosati P., Borgani S., Tagliaferri G., Campana S., Fugazza D., D'Avanzo P.)"
VizieR,J/A+A/659/A126/tablea2,4,"26 clusters and groups beyond PSZ2 ( Aguado-Barahona A., Rubino-Martin J.A., Ferragamo A., Barrena R., Streblyanska A., Tramonte D.)"
VizieR,J/ApJ/956/60/table2,4,"Stellar velocity dispersions failures ( Caglar T., Koss M.J., Burtscher L., et al.)"
VizieR,J/A+A/579/A40/pessto,4,"PESSTO Public ESO Spectroscopic Survey of Transient Objects ( Smartt S.J., Valenti S., Fraser M., et al.)"
VizieR,J/ApJ/902/17/table1,4,"The cluster sample ( Sohn J., Fabricant D.G., Geller M.J., Hwang Ho S., Diaferio A.)"
VizieR,J/ApJS/129/435/table6,4,"Additional ACO89 (Cat. <VII/110>) Clusters Detected as X-Ray Sources in the 9h-14h Region ( Bohringer H., Voges W., Huchra J.P., McLean B., Giacconi R., Rosati P., Burg R., Mader J., Schuecker P., Simic D., Komossa S., Reiprich T.H., Retzlaff J., Trumper J.)"
VizieR,J/ApJ/746/178/table3,4,"maxBCG cluster catalog with {lambda} richness ( Rykoff E.S., Koester B.P., Rozo E., Annis J., Evrard A.E., Hansen S.M., Hao J., Johnston D.E., McKay T.A., Wechsler R.H.)"
VizieR,J/ApJ/646/133/table2,4,"Group properties ( Mulchaey J.S., Lubin L.M., Fassnacht C., Rosati P., Jeltema T.E.)"
VizieR,J/MNRAS/416/1900/wp85,4,"The WP85 sample ( Rigby E.E., Best P.N., Brookes M.H., Peacock J.A., Dunlop J.S., Rottgering H.J.A., Wall J.V., Ker L.)"
VizieR,J/ApJ/696/785/table1,4,"Emission-line objects from the NICMOS grism survey ( Shim H., Colbert J., Teplitz H., Henry A., Malkan M., McCarthy P., Yan L.)"
VizieR,J/ApJS/146/267/table4,4,"Optical Identifications ( Morrison G.E., Owen F.N., Ledlow M.J., Keel W.C., Hill J.M., Voges W., Herter T.)"
VizieR,J/MNRAS/450/4301/table2,4,"The journal of the observations for each of the cluster members analysed in this paper ( Reddy A.B.S., Giridhar S., Lambert D.L.)"
VizieR,J/A+A/478/321/table6,4,"Morphology/polarimetric/radio measurements for 135 quasars ( Borguet B., Hutsemekers D., Letawe G., Letawe Y., Magain P.)"
VizieR,J/ApJ/681/113/table1,4,"Swift Survey Table ( Tueller J., Mushotzky R.F., Barthelmy S., Cannizzo J.K., Gehrels N., Markwardt C.B., Skinner G.K., Winter L.M.)"
VizieR,J/AJ/141/105/table4,4,"NIR-matched quasar catalog ( Peth M.A., Ross N.P., Schneider D.P.)"
VizieR,J/ApJ/852/48/sample,4,"source properties (tables 1 and 2) ( Saripalli L., Roberts D.H.)"
VizieR,J/A+A/568/A22/tablef3,4,"Supernovae light-curve parameters ( Betoule M., Kessler R., Guy J., et al.)"
VizieR,J/MNRAS/448/1060/tablea1,4,"The FSRQs in our sample ( Ghisellini G., Tavecchio F.)"
VizieR,J/A+A/609/A13/table1,4,"Observing log and target properties ( Koch A., Hansen T., Kunder A.)"
VizieR,J/ApJ/912/91/catalog,4,"A value-added catalog for SDSS DR16 (see VII/289) quasars at z<0.7 ( Toba Y., Ueda Y., Gandhi P., Ricci C., Burgarella D., Buat V., Nagao T., Oyabu S., Matsuhara H., Hsieh B.-C.)"
VizieR,J/ApJS/187/64/table1,4,"List of soft X-ray selected AGNs observed by Swift ( Grupe D., Komossa S., Leighly K.M., Page K.L.)"
VizieR,J/ApJ/757/51/table1,4,"F2M red quasar candidates ( Glikman E., Urrutia T., Lacy M., Djorgovski S.G., Mahabal A., Myers A.D., Ross N.P., Petitjean P., Ge J., Schneider D.P., York D.G.)"
VizieR,J/ApJ/852/47/sample,4,"Log of Very Large Array observations of the Cheung (2007, J/AJ/133/2097) X-shaped radio galaxy candidates (tables 1 and 2) ( Roberts D.H., Saripalli L., Wang K.X., Rao M.S., Subrahmanyan R., KleinStern C.C., Morii-Sciolla C.Y., Simpson L.)"
VizieR,J/ApJ/705/1336/table1,4,"X-ray measurements of ChaMP-SDSS galaxies ( Constantin A., Green P., Aldcroft T., Kim D.-W., Haggard D., Barkhouse W., Anderson S.F.)"
VizieR,J/A+A/642/A150/table3,4,"Properties of the final quasar sample ( Lusso E., Risaliti G., Nardini E., Bargiacchi G., Benetti M., Bisogni S., Capozziello S., Civano F., Eggleston L., Elvis M., Fabbiano G., Gilli R., Marconi A., Paolillo M., Piedipalumbo E., Salvestrini F., Signorini M., Vignali C.)"
VizieR,IX/49/xxl100bc,4,"Summary of XXL-100-GC clusters and BCGs properties ( Pierre M., Pacaud F., Adami C., et al.)"
VizieR,J/ApJS/239/22/table2,4,"Spectral measurements for Subaru/FMOS H{alpha} and H{beta} sample ( Schulze A., Silverman J.D., Kashino D., Akiyama M., Schramm M., Sanders D., Kartaltepe J., Daddi E., Rodighiero G., Renzini A., Arimoto N., Nagao T., Puglisi A., Trakhtenbrot B., Civano F., Suh H.)"
VizieR,J/ApJS/268/23/table2,4,"The location of the emission region for 182 blazars ( Fan J., Xiao H., Yang W., Zhang L., Strigachev A.A., Bachev R.S., Yang J.)"
VizieR,J/MNRAS/508/2798/table1,4,"Parameters of 102 objects ( Sotnikova Y., Mikhailov A., Mufakharov T., Mingaliev M., Bursov N., Semenova T., Stolyarov V., Udovitskiy R., Kudryashova A., Erkenov A.)"
VizieR,J/MNRAS/371/495/catalog,4,"The catalogue of 1806 MgII absorbers from the SDSS DR3 with 0.37<=zabs<=0.80 ( Bouche N., Murphy M.T., Peroux C., Csabai I., Wild V.)"
VizieR,J/ApJ/761/114/clusters,4,"Cluster sample (table added by CDS) ( Atlee D.W., Martini P.)"
VizieR,J/ApJ/607/665/table5,4,"MLCS2k2 (multicolor light-curve shape method) full sample ( Riess A.G., Strolger L.-G., Tonry J., et al.)"
VizieR,J/MNRAS/421/3060/table1,4,"Photometric and (where available) spectroscopic redshifts of all 505 SXDF radio sources ( Simpson C., Rawlings S., Ivison R., Akiyama M., Almaini O., Bradshaw E., Chapman S., Chuter R., Croom S., Dunlop J., Foucaud S., Hartley W.)"
VizieR,J/A+A/581/L5/table1,4,"The Ghat sample studied in this paper, including values (or upper limits) of q_22_ ( Garrett M.A.)"
VizieR,J/ApJ/673/981/tables,4,"Candidates Selected at the end of stage 2 for Samples 1, 2, 3 and 4 (tables 4-7 of the paper) ( Kuznetsova N., Barbary K., Connolly B., et al.)"
VizieR,J/MNRAS/351/265/table1,4,"Galaxy cluster sample ( Desai V., Dalcanton J.J., Mayer L., Reed D., Quinn T., Governato F.)"
VizieR,J/MNRAS/456/4488/table5,4,"Combined sample catalogue ( Sanchez-Ramirez R., Ellison S.L., Prochaska J.X., Berg T.A.M., Lopez S., D'odorico V., Becker G.D., Christensen L., Cupani G., Denney K.D., Paris I., Worseck G., Gorosabel J.)"
VizieR,J/ApJS/191/124/table8,4,"Spectroscopic redshifts of VLA radio sources ( Silverman J.D., Mainieri V., Salvato M., et al.)"
VizieR,J/ApJ/776/136/qpq6,4,"Quasars Probing Quasars VI (QPQ6)  redshifts and HI measurements ( Prochaska J.X., Hennawi J.F., Lee K.-G., Cantalupo S., Bovy J., Djorgovski S.G., Ellison S.L., Lau M.W., Martin C.L., Myers A., Rubin K.H.R., Simcoe R.A.)"
VizieR,J/MNRAS/468/77/table5,4,"Candidate quasar pairs drawn from our parent sample ( Eftekharzadeh S., Myers A.D., Hennawi J.F., Djorgovski S.G., Richards G.T., Mahabal A.A., Graham M.J.)"
VizieR,J/ApJS/203/3/table1,4,"Sample and morphology of Ultra Luminous Infra-Red Galaxies (ULIRGs) ( Soto K.T., Martin C.L.)"
VizieR,J/MNRAS/361/525/table2,4,"The CDF-S sample ( Doherty M., Bunker A.J., Ellis R.S., McCarthy P.J.)"
VizieR,J/ApJ/590/109/table1,4,"Northern 3EG Objects ( Sowards-Emmerd D., Romani R.W., Michelson P.F.)"
VizieR,J/ApJ/644/829/table2,4,"Normal Galaxy Sample ( Kim D.-W., Barkhouse W.A., Romero-Colmenero E., Green P.J., Kim M., Mossman A., Schlegel E., Silverman J.D., Aldcroft T., Anderson C., Ivezic Z., Kashyap V., Tananbaum H., Wilkes B.J.)"
VizieR,J/A+A/462/449/table1,4,"Cluster sample parameters and details of Chandra observations ( Branchesi M., Gioia I.M., Fanti C., Fanti R., Cappelluti N.)"
VizieR,J/A+A/530/A33/samples,4,"Samples of DLA systems ( Vladilo G., Abate C., Yin J., Cescutti G., Matteucci F.)"
VizieR,J/ApJ/796/7/table1,4,"Star-forming galaxy (SFG) Sample ( Genzel R., Forster Schreiber N.M., Rosario D., et al.)"
VizieR,J/ApJ/677/1/table1,4,"Distances of 192 supernovae, 30 radio galaxies, and 38 galaxy clusters ( Daly R.A., Djorgovski S.G., Freeman K.A., Mory M.P., O'Dea C.P., Kharb P., Baum S.)"
VizieR,J/ApJ/776/26/table13,4,"Positions, light curve parameters, line-of-sight velocities, proper motions, and metallicities of RR Lyrae targets (tables 1 and 3) ( Sesar B., Grillmair C.J., Cohen J.G., Bellm E.C., Bhalerao V.B., Levitan D., Laher R.R., Ofek E.O., Surace J.A., Tang S., Waszczak A., Kulkarni S.R., Prince T.A.)"
VizieR,J/ApJ/791/128/table23,4,"Galaxy Group Members near PKS 2155-304 (z_abs = 0.05722) ( Stocke J.T., Keeney B.A., Danforth C.W., Syphers D., Yamamoto H., Shull J.M., Green J.C., Froning C., Savage B.D., Wakker B., Kim T.-S., Ryan-Weber E.V., Kacprzak G.G.)"
VizieR,J/ApJS/150/165/table1,4,"List of objects and spectra ( Kuraszkiewicz J.K., Green P.J., Crenshaw D.M., Dunn J., Forster K., Vestergaard M., Aldcroft T.L.)"
VizieR,J/A+AS/142/275/tablea1,4,"Stars with CaII H&K emission ( Strassmeier K. G., Washuettl A., Granzer T., Scheck M., Weber M.)"
VizieR,J/MNRAS/428/389/ngc5846,4,"Spectroscopically confirmed objects in NGC 5846 ( Pota V., Forbes D.A., Romanowsky A.J., Brodie J.P., Spitler L.R., Strader J., Foster C., Arnold J.A., Benson A., Blom C., Hargis J.R., Rhode K.L., Usher C.)"
VizieR,J/MNRAS/492/315/tabled1,4,"RL & RQ catalogue ( Gupta M., Sikora M., Rusinek K.)"
VizieR,J/ApJS/255/22/frii,4,"Fanaroff-Riley type II radio sources (Table 1) and model parameters (Table 4) ( Machalski J., Koziel-Wierzbowska D., Goyal A.)"
VizieR,J/MNRAS/428/1845/table3,4,"Blazar candidates in our sample ( Bonaldi A., Bonavera L., Massardi M., De Zotti G.)"
VizieR,J/A+A/602/A28/table2,4,"List of dwarf galaxies with IR signatures of active massive black holes ( Marleau F.R., Clancy D., Habas R., Bianconi M.)"
VizieR,J/AJ/130/896/tablea31,4,"Redshifts and spectral lines in spectra in Fig. 29 (tables A1 and A3 of the paper) ( Saripalli L., Hunstead R.W., Subrahmanyan R., Boyce E.)"
VizieR,J/ApJS/209/34/table7,4,"Characteristics of the 1FHL sources with AGN associations ( Ackermann M., Ajello M., Allafort A., et al.)"
VizieR,J/MNRAS/347/837/table1,4,"The SUMSS-NVSS ultra-steep spectrum (USS) sources ( De Breuck C., Hunstead R.W., Sadler E.M., Rocca-Volmerange B., Klamer I.)"
HEASARC,ecdfsoid,4,Extended Chandra Deep Field-South Survey Optical Identifications
VizieR,J/ApJ/887/23/table1,4,"X-ray and submillimeter properties, redshifts, and spectral classes of the full X-ray sample ( Barger A.J., Cowie L.L., Bauer F.E., Gonzalez-Lopez J.)"
VizieR,J/ApJ/943/37/table1,4,"with the integrated inner- and outer-aperture ratio measurements along with the stellar mass, redshift, SFR, and effective radius of the galaxies ( Backhaus B.E., Bridge J.S., Trump J.R., Cleri N.J., Papovich C., Simons R.C., Momcheva I., Holwerda B.W., Ji Z., Jung I., Matharu J.)"
VizieR,J/ApJ/699/800/lbqs,4,"LBQS line widths and nuclear luminosities   and black hole mass estimates ( Vestergaard M., Osmer P.S.)"
VizieR,J/ApJS/269/33/tabled1,4,"Summary of the full JWST sample ( Nakajima K., Ouchi M., Isobe Y., Harikane Y., Zhang Y., Ono Y., Umeda H., Oguri M.)"
HEASARC,ecdfsoid2,4,Extended Chandra Deep Field-South Optical and Near-IR Counterpar
VizieR,J/A+A/508/133/table1,4,"Summary of observations ( Guimaraes R., Petitjean P., De Carvalho R.R., Djorgovski S.G., Noterdaeme P., Castro S., Poppe P.C.R., Aghaee A.)"
VizieR,V/146/astars,4,"A-type stars catalog (31/03/2016 version) (original file name : dr1_a_stellar) ( Luo A.-L., Zhao Y.-H., Zhao G., et al.)"
VizieR,J/ApJ/796/64/table1,4,"H{beta} and Ly{alpha} galaxy measurements ( Ciardullo R., Zeimann G.R., Gronwall C., Gebhardt H., Schneider D.P., Hagen A., Malz A.I., Blanc G.A., Hill G.J., Drory N., Gawiser E.)"
VizieR,J/ApJ/738/136/table4,4,"GALEX spectral sample identifications: CDFS 00 ( Cowie L.L., Barger A.J., Hu E.M.)"
VizieR,J/ApJ/808/103/abund,4,"Spectroscopic stellar parameters and  chemical abundances for our sample stars ( Navarrete C., Chaname J., Ramirez I., Meza A., Anglada-Escude G., Shkolnik E.)"
VizieR,J/A+A/657/A64/table3,4,"Final supernovae and their host galaxies ( Sollerman J., Yang S., Perley D., Schulze S., Fremling C., Kasliwal M., Shin K., Racine B.)"
VizieR,J/ApJ/704/1405/table1,4,"General properties of BAT/WAM bursts ( Krimm H.A., Yamaoka K., Sugita S., Ohno M., Sakamoto T., Barthelmy S.D., Gehrels N., Hara R., Norris J.P., Ohmori N., Onda K., Sato G., Tanaka H., Tashiro M., Yamauchi M.)"
VizieR,J/ApJ/848/56/table7,4,"The Spectral Adaptive Light-curve Template (Guy+ 2007A&A...466...11G) version 2.4 (SALT2.4) light-curve parameters ( Uddin S.A., Mould J., Lidman C., Ruhlmann-Kleider V., Zhang B.R.)"
VizieR,J/ApJ/758/1/12um,4,"Luminosities and equivalent widths for  12um sample ( LaMassa S.M., Heckman T.M., Ptak A., Schiminovich D., O'Dowd M., Bertincourt B.)"
VizieR,J/MNRAS/401/1429/wigglez1,4,"WiggleZ data first public release (DR1, 09/2009) ( Drinkwater M.J., Jurek R.J., Blake C., et al.)"
VizieR,J/ApJ/791/128/table15,4,"Galaxy Group Members near PHL 1811 (z_abs = 0.07773) ( Stocke J.T., Keeney B.A., Danforth C.W., Syphers D., Yamamoto H., Shull J.M., Green J.C., Froning C., Savage B.D., Wakker B., Kim T.-S., Ryan-Weber E.V., Kacprzak G.G.)"
VizieR,J/MNRAS/438/1288/table1,4,"Source properties in parameter space ( Hao H., Elvis M., Civano F., et al.)"
VizieR,J/ApJ/698/1682/agns,4,"Continuum luminosities for obscured AGNs   or Silicate emission AGNs ( Weedman D.W., Houck J.R.)"
VizieR,J/ApJ/772/25/table8,4,"Spectroscopic members of the 16 ACT clusters ( Sifon C., Menanteau F., Hasselfield M., et al.)"
VizieR,J/ApJ/905/51/table9,4,"Catalog of the X-SHOOTER/ALMA quasars in the epoch of reionization ( Schindler J.-T., Farina E.P., Banados E., Eilers A.-C., Hennawi J.F., Onoue M., Venemans B.P., Walter F., Wang F., Davies F.B., Decarli R., De Rosa G., Drake A., Fan X., Mazzucchelli C., Rix H.-W., Worseck G., Yang J.)"
VizieR,J/A+A/567/A76/sample,4,"The sample of 46 identified radio galaxies: radio fluxes, redshifts (table 1), results from 2SPD analysis (table 3), and details of fluxes (tables A1 and A2) ( Baldi R.D., Capetti A., Chiaberge M., Celotti A.)"
VizieR,J/A+A/495/379/table1,4,"Sample of brightest blue member galaxies of A 85 ( Bravo-Alfaro H., Caretta C.A., Lobo C., Durret F., Scott T.)"
VizieR,J/MNRAS/371/898/table3,4,"Radio spectra and optical IDs for extragalactic 18GHz sources (|b|>10{deg}), and excluding objects within of the LMC centre ( Sadler E.M., Ricci R., Ekers R.D., Ekers J.A., Hancock P.J., Jackson C.A., Kesteven M.J., Murphy T., Phillips C., Reinfrank R.F., Staveley-Smith L., Subrahmanyan R., Walker M.A., Wilson W.E., De Zotti G.)"
VizieR,J/PAZh/45/464/table1,4,"Quasar catalog ( Khorunzhev G.A., Burenin R.A., Sazonov S.Yu., Amvrosov A., Eselevich M.V.. Zaznobin I.A.)"
VizieR,J/MNRAS/351/83/table4,4,"DXRBS radio galaxies ( Landt H., Padovani P., Perlman E.S., Giommi P.)"
VizieR,J/ApJS/176/39/BCGs,4,"Brightest cluster galaxy sample:  luminosities, IR photometry and estimated IR luminosities ( Quillen A.C., Zufelt N., Park J., O'Dea C.P., Baum S.A., Privon G., Noel-Storr J., Edge A., Russell H., Fabian A., Donahue M., Bregman J.N., McNamara B.R., Sarazin C.L.)"
VizieR,J/A+A/535/A80/table1,4,"SED of type-2 QSOs ( Mainieri V., Bongiorno A., Merloni A., et al.)"
VizieR,J/MNRAS/351/1290/catalog,4,"Final ELAIS Catalogue ( Rowan-Robinson M., Lari C., Perez-Fournon I., et al.)"
VizieR,J/ApJS/148/275/table1,4,"Candidates of optical counterparts and results of identifications ( Akiyama M., Ueda Y., Ohta K., Takahashi T., Yamada T.)"
VizieR,J/A+A/554/A106/stars,4,"Stars summary (added at CDS) ( van Aarle E., Van Winckel H., De Smedt K., Kamath D., Wood P.R.)"
VizieR,J/A+A/466/917/table21,4,Data of all the stars ( Caballero J.A.)
VizieR,J/MNRAS/436/3581/xmms82,4,"XMM matched catalog ( LaMassa S.M., Urry C.M., Cappelluti N., Civano F., Ranalli P., Glikman E., Treister E., Richards G., Ballantyne D., Stern D., Comastri A., Cardamone C., Schawinski K., Bohringer H., Chon G., Murray S.S., Green P., Nandra K.)"
VizieR,J/ApJ/923/237/table3,4,"The 42 SNe Ia from the iPTF survey and their associated host galaxies ( Johansson J., Cenko S.B., Fox O.D., et al.)"
VizieR,J/A+A/534/A110/table1,4,"Properties of the Type-2 AGN sample ( Lusso E., Comastri A., Vignali C., Zamorani G., Treister E., Sanders D., Bolzonella M., Bongiorno A., Brusa M., Civano F., Gilli R., Mainieri V., Nair P., Aller M., Carollo M., Koekemoer A.M., Merloni A., Trump J.R.)"
VizieR,J/ApJS/262/51/table1,4,"*List of correspondences established between the 31 SMS4 sources in our and the GLEAM 4Jy (G4Jy) or TGSS-ADR1 sources ( Maselli A., Forman W.R., Jones C., Kraft R.P., Perri M.)"
VizieR,J/AJ/142/3/stripe82,3,"The VLA Stripe 82 survey catalog (version 2010may25) ( Hodge J.A., Becker R.H., White R.L., Richards G.T., Zeimann G.R.)"
VizieR,J/ApJ/686/127/table1,3,"PAH luminosities for starburst galaxies ( Weedman D.W., Houck J.R.)"
VizieR,J/MNRAS/460/2862/table5,3,"BCG results ( Bellstedt S., Lidman C., Muzzin A., Franx M., Guatelli S., Hill A.R., Hoekstra H., Kurinsky N., Labbe I., Marchesini D., Marsan Z.C., Safavi-Naeini M., Sifon C., Stefanon M., van de Sande J., van Dokkum P., Weigel C.)"
VizieR,J/ApJ/466/415/table,3,"Individual velocities ( Mazeh T., Latham D.W., Stefnik R.P.)"
VizieR,J/AJ/155/17/table1,3,"Infrared photometric observation of Wolf-Rayet galaxies ( Chen P.S., Yang X.H., Liu J.Y., Shan H.G.)"
VizieR,J/AJ/105/427/table1,3,"UCM galaxy sample ( Rego M., Cordero-Gracia M., Zamorano J., Gallego J.)"
VizieR,J/AJ/121/2843/table1,3,"VV00 Quasars Detected in 2MASS ( Barkhouse W.A., Hall P.B.)"
VizieR,J/MNRAS/445/1430/tablea1,3,"Properties of the high-redshift AGN sample ( Kalfountzou E., Civano F., Elvis M., Trichas M., Green P.)"
VizieR,J/MNRAS/445/2061/galaxies,3,"Summary of galaxy properties (table1) and derived halo absorption properties (table4) ( Liang C.J., Chen H.-W.)"
VizieR,J/A+A/669/A83/table1,3,"Source identification ( Deconto-Machado A., del Olmo Orozco A., Marziani P., Perea J., Stirpe G.)"
VizieR,VII/243/dr3qso,3,"The SDSS quasar catalog III ( Schneider D.P., Hall P.B., Richards G.T., et al.)"
VizieR,J/ApJS/136/265/table1,3,"Sources Monitored with the Green Bank Interferometer ( Lazio T.J.W., Waltman E.B., Ghigo F.D., Fiedler R.L., Foster R.S., Johnston K.J.)"
VizieR,J/ApJ/812/114/table1,3,"properties ( Treu T., Schmidt K.B., Brammer G.B., et al.)"
VizieR,J/A+A/382/60/table3,3,"ISOCAM cluster members with photometric redshift ( Duc P.-A., Poggianti B.M., Fadda D., Elbaz D., Flores H., Chanial P., Franceschini A., Moorwood A., Cesarsky C.)"
VizieR,J/A+A/618/A85/sample,3,"Physical properties (tabnle 3) and spectroscopic redshifts (table A4) of the galaxies ( Schreiber C., Glazebrook K., Nanayakkara T., Kacprzak G.G., Labbe I., Oesch P., Yuan T., Tran K.-V., Papovich C., Spitler L., Straatman C.)"
VizieR,J/ApJ/841/76/table5,3,"Properties of 101 SFGs in the GOALS sample ( Lyu J., Rieke G.H.)"
VizieR,J/ApJ/654/115/table2,3,"DEEP2 Quasars and Broad-lined AGNs ( Coil A.L., Hennawi J.F., Newman J.A., Cooper M.C., Davis M.)"
VizieR,J/A+A/664/A73/tablee1,3,"Physical parameters from PL+OTMBB (Physical_parameters_plotmbb_final_21Oct) ( Burgarella D., Bogdanoska J., Nanni A., et al.)"
VizieR,J/ApJ/797/54/table4,3,"Unconfirmed ULIRG Candidates ( Kilerci Eser E., Goto T., Doi Y.)"
VizieR,J/MNRAS/308/233/table2,3,"Table of X-ray data for the RIXOS sample ( Mittaz J.P.D., Carrera F.J., Romero-Colmenero E., Mason K.O., Hasinger G., McMahon R., Andernach H., Bower R., Burgos-Martin J., Gonzalez-serrano J.I., Wonnacott D.)"
VizieR,VII/207/table2,3,"Confirmed, probable or possible BL Lac objects ( Veron-Cetty M.P., Veron P.)"
VizieR,J/ApJS/188/280/table2,3,"The 24 galaxy clusters observed ( Stern D., Jimenez R., Verde L., Stanford S.A., Kamionkowski M.)"
VizieR,J/ApJS/235/14/pargal,3,"Abell 2744, MACS J0416.1-2403, MACS J0717.5+3745, MACS J1149.5+2223, Abell S1063 and Abell 370 parallel fields catalog ( Shipley H.V., Lange-Vagle D., Marchesini D., Brammer G.B., Ferrarese L., Stefanon M., Kado-Fong E., Whitaker K.E., Oesch P.A., Feinstein A.D., Labbe I., Lundgren B., Martis N., Muzzin A., Nedkova K., Skelton R., Van Der Wel A.)"
VizieR,J/MNRAS/476/4965/tableb1,3,"List of QSO spectra with S/N>5 per pixel searched for weak MgII analogs ( Muzahid S., Fonseca G., Roberts A., Rosenwasser B., Richter P., Narayanan A., Churchill C., Charlton J.)"
VizieR,J/ApJ/791/128/table24,3,"Galaxy Group Members near 3C 273 (z_abs = 0.09010) ( Stocke J.T., Keeney B.A., Danforth C.W., Syphers D., Yamamoto H., Shull J.M., Green J.C., Froning C., Savage B.D., Wakker B., Kim T.-S., Ryan-Weber E.V., Kacprzak G.G.)"
VizieR,J/MNRAS/492/503/tablea1,3,"Galaxies in the field Abell 2744 ( Raney C.A., Keeton C.R., Brennan S.)"
VizieR,J/ApJ/820/33/table1,3,"List of supernovae included in this study ( Rubin A., Gal-Yam A., De Cia A., et al.)"
VizieR,J/MNRAS/452/2553/table1,3,"Summary of quasar and absorption properties ( Johnson S.D., Chen H.-W., Mulchaey J.S.)"
VizieR,J/MNRAS/440/1248/bri2t2v,3,"Type2 voids from bright2 in comoving coordinates ( Nadathur S., Hotchkiss S.)"
VizieR,J/PASP/132/K4102/table1,3,"Fermi Blazars ( Pei Z., Fan J., Yang J., Bastieri D.)"
VizieR,J/ApJ/887/268/table4,3,"List of SkyMapper sources observed in our campaigns that are not in the final candidate sample ( Calderone G., Boutsia K., Cristiani S., Grazian A., Amorin R., D'Odorico V., Cupani G., Fontanot F., Salvato M.)"
VizieR,J/MNRAS/446/1567/tablea1,3,"Galaxies included in the SAMI EDR ( Allen J.T., Croom S.M., Konstantopoulos I.S., et al.)"
VizieR,J/ApJ/789/23/table2,3,"Properties of Host Galaxies from Photometry and Imaging ( Kelly P.L., Filippenko A.V., Modjaz M., Kocevski D.)"
VizieR,J/MNRAS/504/5556/tableb1,3,"X-ray properties of the 26 high-luminosity (High-L) quasars from Chandra Cycle 13 ( Timlin J.D., Brandt W.N., Laor A.)"
VizieR,J/MNRAS/499/993/table3,3,"Comparison between the spectroscopically determined and calculated photometric redshifts for QSOs behind the SMC ( Bell C.P.M., Cioni M.-R.L., Wright A.H., et al.)"
VizieR,J/A+A/388/1/tablea5,3,"Redshifts obtained in the EIS0956-2059 field ( Hansen L., Olsen L.F., Jorgensen H.E.)"
VizieR,J/ApJ/785/104/table1,3,"redMaPPer DR8 cluster catalog ( Rykoff E.S., Rozo E., Busha M.T., Cunha C.E., Finoguenov A., Evrard A., Hao J., Koester B.P., Leauthaud A., Nord B., Pierre M., Reddick R., Sadibekova T., Sheldon E.S., Wechsler R.H.)"
VizieR,J/MNRAS/492/503/tableb5,3,"Lensed images for MACS S1063 ( Raney C.A., Keeton C.R., Brennan S.)"
VizieR,J/MNRAS/496/245/table2,3,"Properties of optically selected RLQs utilized in the paper, in ascending order of RA ( Zhu S.F., Brandt W.N., Luo B., Wu J., Xue Y.Q., Yang G.)"
VizieR,J/MNRAS/352/1245/table3,3,"2dFGRS radio identifications ( Chan B.H.P., Cram L.E., Sadler E.M., Killeen N.E.B., Jackson C.A., Mobasher B., Ekers R.D.)"
VizieR,J/A+A/678/A28/tableb1,3,"Values of L'_12CO_ of all detected transitions of the z-GAL sources ( Berta S., Stanley F., Ismail D., et al.)"
VizieR,J/ApJ/864/45/slsne,3,"Nearby hydrogen-poor superluminous supernovae (SLSNe-I) (Tables 1-3) ( Margutti R., Chornock R., Metzger B.D., Coppejans D.L., Guidorzi C., Migliori G., Milisavljevic D., Berger E., Nicholl M., Zauderer B.A., Lunnan R., Kamble A., Drout M., Modjaz M.)"
VizieR,J/AJ/139/2525/catalog,3,"UNAM-KIAS sample of Isolated Galaxies ( Hernandez-Toledo H.M., Vazquez-Mata J.A., Martinez-Vazquez L.A., Choi Y.-Y., Park C.)"
VizieR,J/MNRAS/486/L46/tablea1,3,"List of the full GRBs used in this work and their redshift z and calibrated muGRB ( Amati L., D'Agostino R., Luongo O., Muccino M., Tantalo M.)"
VizieR,J/MNRAS/471/364/table2,3,"Spectral curvature values for the analysed in the COSMOS legacy survey ( Baronchelli L., Koss M., Schawinski K., Cardamone C., Civano F., Comastri A., Elvis M., Lanzuisi G., Marchesi S., Ricci C., Salvato M., Trakhtenbrot B., Treister E.)"
HEASARC,pdsoid,3,Phoenix Deep Survey Optical and Near-Infrared Counterparts Catal
VizieR,J/AJ/123/1200/table2,3,"Galaxies observed at the OPD 1.6m telescope used for calibration of ESO/APM R photographic data ( Caretta C.A., Maia M.A.G., Kawasaki W., Willmer C.N.A.)"
VizieR,J/AJ/142/122/table1,3,"Parent sample of 97468 Galaxy-Quasar pairs ( Cherinka B., Schulte-Ladbeck R.E.)"
VizieR,J/ApJS/201/34/table2,3,"Detected hard X-ray sources ( Bottacini E., Ajello M., Greiner J.)"
VizieR,J/ApJ/832/108/sne,3,"Sample of SNe Ic and SNe Ic-bl ( Modjaz M., Liu Y.Q., Bianco F.B., Graur O.)"
VizieR,J/ApJS/265/37/sample,3,"Basic information of our (Table 1), best-fitting parameters of the UV-to-IR SED decomposition (Table A1), host galaxies properties and WISE color (Table A2) and radio fitting results (Table A3) ( Yamada S., Ueda Y., Herrera-Endoqui M., Toba Y., Miyaji T., Ogawa S., Uematsu R., Tanimoto A., Imanishi M., Ricci C.)"
VizieR,J/AJ/126/119/table5,3,"Concentration Index Results ( Rizza E., Morrison G.E., Owen F.N., Ledlow M.J., Burns J.O., Hill J.)"
VizieR,J/AJ/131/1942/table1,3,"2MASS observation of the IRAS 1 Jy sample of Ultra-luminous Infrared Galaxies (ULIRGs) ( Chen P.S., Zhang P.)"
VizieR,J/ApJ/911/78/tablea1,3,"Spectroscopically confirmed galaxies and AGNs in our Ly{alpha} emitter (LAE) samples ( Ono Y., Itoh R., Shibuya T., et al.)"
VizieR,J/ApJS/146/209/table3,3,"Detected Objects ( Teplitz H.I., Collins N.R., Gardner J.P., Hill R.S., Heap S.R., Lindler D.J., Rhodes J., Woodgate B.E.)"
VizieR,J/MNRAS/499/89/galaxies,3,"The galaxy catalogue ( Wang K., Mo H.J., Li C., Meng J., Chen Y.)"
VizieR,J/ApJ/869/4/table1,3,"Galaxies with FIR SED measurements ( De Rossi M.E., Rieke G.H., Shivaei I., Bromm V., Lyu J.)"
VizieR,J/MNRAS/460/3669/table2,3,"The optical and radio parameters for 7138 radio BCGs ( Yuan Z.S., Han J.L., Wen Z.L.)"
VizieR,J/A+A/492/637/tableb1,3,"Catalog of broad-line AGN with secure redshift ( Gavignaud I., Wisotzki L., Bongiorno A., et al.)"
VizieR,J/A+A/639/A5/tablea1,3,"INTEGRAL/IBIS AGN ( Malizia A., Bassani L., Stephen J.B., Bazzano A., Ubertini P.)"
VizieR,J/ApJS/247/43/bcg,3,"Structural parameters of the brightest cluster galaxy (BCG) and their surrounding intracluster light (ICL) (Tables 1 and 4) ( Kluge M., Neureiter B., Riffeser A., Bender R., Goessl C., Hopp U., Schmidt M., Ries C., Brosch N.)"
VizieR,J/A+A/620/A68/table3,3,"Polarization data ( Hutsemekers D., Borguet B., Sluse D., Pelgrims V.)"
VizieR,J/ApJS/175/29/table2,3,"Sample QSOs ( Marble A.R., Eriksen K.A., Impey C.D., Bai L., Miller L.)"
VizieR,J/ApJ/905/58/table1,3,"Summary of the properties of the 22 faint hydrogen-poor transients selected for nebular phase follow-up in this work (+ SN2018gwo) ( De K., Kasliwal M.M., Tzanidakis A., et al.)"
VizieR,J/MNRAS/499/4325/tablea4,3,"Basic data for the LSM galaxies ( Ramos Padilla A.F., Ashby M.L.N., Smith H.A., Martinez-Galarza J.R., Beverage A.G., Dietrich J., Higuera-G. M.-A., Weiner A.S.)"
VizieR,J/ApJ/916/11/table1,3,"*Basic properties of objects in the sample ( Indahl B., Zeimann G., Hill G.J., et al.)"
VizieR,J/ApJS/254/35/table1,3,"Global properties of the sample ( Li L., Ryde F., Pe'er A., Yu H.-F., Acuner Z.)"
VizieR,J/ApJ/814/95/highz,3,"Stellar populations of bright galaxies at z=4, 5, 6 and 7 (tables 3-6) ( Finkelstein S.L., Song M., Behroozi P., Somerville R.S., Papovich C., Milosavljevic M., Dekel A., Narayanan D., Ashby M.L.N., Cooray A., Fazio G.G., Ferguson H.C., Koekemoer A.M., Salmon B., Willner S.P.)"
VizieR,J/AJ/122/621/table1,3,Morphological classifications for galaxies that have been observed spectroscopically ( van den Bergh S.)
VizieR,J/ApJ/826/114/table4,3,"Observed Properties of All Spectroscopically Confirmed Dropout Galaxies ( Toshikawa J., Kashikawa N., Overzier R., Malkan M.A., Furusawa H., Ishikawa S., Onoue M., Ota K., Tanaka M., Niino Y., Uchiyama H.)"
VizieR,J/MNRAS/503/3931/tableb2,3,"Photometric properties of LGRB host galaxies ( Taggart K., Perley D.A.)"
VizieR,J/MNRAS/491/3496/tablea1,3,"Properties of all member stars for And XIX and observed stars ( Collins M.L.M., Tollerud E.J., Rich R.M., Ibata R.A., Martin N.F., Chapman S.C., Gilbert K.M., Preston J.)"
VizieR,J/A+A/617/A64/clusters,3,"List of clusters ( Bartalucci I., Arnaud M., Pratt G.W., Le Brun A.M.C.)"
HEASARC,vlaecdfsoi,3,VLA Extended-Chandra Deep Field-South 1.4-GHz Sources Opt/IR Cou
VizieR,J/A+A/569/A52/tablea1,3,"325MHz GMRT observations of the Ultra Steep Spectrum (USS) sample ( Singh V., Beelen A., Wadadekar Y., Sirothia S., Ishwara-Chandra C.H., Basu A., Omont A., McAlpine K., Ivison R.J., Oliver S., Farrah D., Lacy M.)"
VizieR,J/ApJS/245/3/table1,3,"Observations of intrinsic HI and OH lines toward compact radio sources ( Grasha K., Darling J., Bolatto A., Leroy A.K., Stocke J.T.)"
VizieR,J/ApJS/247/12/table11,3,"List of spectroscopic redshifts; updated version sent by the author ( Sharon K., Bayliss M.B., Dahle H., Dunham S.J., Florian M.K., Gladders M.D., Johnson T.L., Mahler G., Paterno-Mahler R., Rigby J.R., Whitaker K.E., Akhshik M., Koester B.P., Murray K., Remolina Gonzalez J.D., Wuyts E.)"
VizieR,J/ApJS/235/32/table5,3,"Summary of the 3CR X-ray observations ( Stuardi C., Missaglia V., Massaro F., Ricci F., Liuzzo E., Paggi A., Kraft R.P., Tremblay G.R., Baum S.A., O'Dea C.P., Wilkes B.J., Kuraszkiewicz J., Forman W.R., Harris D.E.)"
VizieR,J/ApJ/695/276/appendix,3,"Details of observations:  radio galaxies  and miscellaneous sources ( Bennert N., Barvainis R., Henkel C., Antonucci R.)"
VizieR,J/MNRAS/456/3335/table12,3,"Herschel-BAT with SPIRE flux densities (tables 1 and 2 of the paper) ( Shimizu T.T., Melendez M., Mushotzky R.F., Koss M.J., Barger A.J., Cowie L.L.)"
VizieR,J/ApJ/930/70/table1,3,"Supernovae in the spectral dataset ( Hu L., Chen X., Wang L.)"
VizieR,VII/141/spectra,3,List of spectra (55 galaxies + night sky) ( Kennicutt Jr. R.C.)
VizieR,J/ApJ/852/99/stars,3,"Dark Energy Survey (DES) astrometry and photometry, observing details and measured stellar parameters of 3 member stars of Hor I (tables 1, 2 and 4) ( Nagasawa D.Q., Marshall J.L., Li T.S., et al.)"
VizieR,J/A+A/455/107/table2,3,"Main properties of the sample of distant galaxies ( Flores H., Hammer F., Puech M., Amram P., Balkowski C.)"
VizieR,J/MNRAS/503/3931/tableb3,3,"Photometric properties of the SLSN host galaxies ( Taggart K., Perley D.A.)"
VizieR,J/A+A/469/451/table2,3,"The sample of galaxy-type GPS sources ( Torniainen I., Tornikoski M., Lahteenmaki A., Aller M.F., Aller H.D., Mingaliev M.G.)"
VizieR,J/ApJ/759/139/table4,3,"Spitzer/MIPS and Herschel photometry ( Kirkpatrick A., Pope A., Alexander D.M., et al.)"
VizieR,J/ApJS/175/29/table4,3,"QSO catalog corrections ( Marble A.R., Eriksen K.A., Impey C.D., Bai L., Miller L.)"
VizieR,J/MNRAS/403/2063/table2,3,"*Spectroscopic redshifts of cluster member galaxies ( Finoguenov A., Watson M.G., Tanaka M., et al.)"
VizieR,J/A+A/647/A50/sources,3,"List of sources with images (from table1 of the paper) ( Cuciti V., Cassano R., Brunetti G., Dallacasa D., van Weeren R.J., Giacintucci S., Bonafede A., de Gasperin F., Ettori S., Kale R., Pratt G.W., Venturi T.)"
VizieR,J/A+A/674/A48/fgas-esz,3,"Planck-ESZ gas fraction sample ( Wicker R., Douspis M., Salvati L., Aghanim N.)"
VizieR,J/ApJ/658/815/radio,3,"Radio-selected Broad-Line AGNs ( Sikora M., Stawarz L., Lasota J.-P.)"
VizieR,J/A+A/596/A95/table1,3,"Observed galaxies ( Schmidt E.O., Ferreiro D., Vega Neme L., Oio G.A.)"
VizieR,J/MNRAS/489/3591/tablea1,3,"List of outliers and their hosts ( Pruzhinskaya M.V., Malanchev K.L., Kornilov M.V., Ishida E.E.O., Mondon F., Volnova A.A., Korolev V.S.)"
VizieR,J/ApJ/791/128/table16,3,"Galaxy Group Members near PHL 1811 (z_abs = 0.13280) ( Stocke J.T., Keeney B.A., Danforth C.W., Syphers D., Yamamoto H., Shull J.M., Green J.C., Froning C., Savage B.D., Wakker B., Kim T.-S., Ryan-Weber E.V., Kacprzak G.G.)"
VizieR,J/MNRAS/384/1611/table1,3,"The observed fields ( Knudsen K.K., Van Der Werf P.P., Kneib J.-P.)"
VizieR,J/MNRAS/490/2542/table1,3,"The AGN used for the stacking analysis ( Perger K., Frey S., Gabanyi K.E., Toth L.V.)"
VizieR,J/MNRAS/440/1248/dim2t1v,3,"Type1 voids from dim2 in comoving coordinates ( Nadathur S., Hotchkiss S.)"
VizieR,J/ApJS/243/17/table1,3,"Strong lens candidates from visual inspection of the neural network-selected sources ( Jacobs C., Collett T., Glazebrook K., et al.)"
VizieR,J/A+A/558/A68/galaxies,3,"General parameters and observed  line parameters of the galaxies observed } ( Gavazzi G., Consolandi G., Dotti M., Fossati M., Savorgnan G., Gualandi R., Bruni I.)"
VizieR,J/ApJS/256/9/table4,3,"C3R2 DR3 spectroscopic redshifts ( Stanford S.A., Masters D., Darvish B., et al.)"
VizieR,J/MNRAS/450/3568/table1,3,"The non-Fermi sample ( Xiong D., Zhang X., Bai J., Zhang H.)"
VizieR,J/MNRAS/454/3816/tableb1,3,"Nebular SN Ia host information ( Childress M.J., Hillier D.J., Seitenzahl I., et al.)"
VizieR,J/ApJ/925/97/table1,3,"Fermi {gamma}-ray blazars ( Pei Z., Fan J., Yang J., Huang D., Li Z.)"
VizieR,J/MNRAS/411/505/matching,3,"Combined catalog with  maximum likelihood submm photometry, SED model fits and redshifts ( Chapin E.L., Chapman S.C., Coppin K.E., et al.)"
VizieR,J/ApJ/559/654/object,3,"List of all QSOs ( Chen H.-W., Lanzetta K.M., Webb J.K., Barcons X.)"
VizieR,J/A+A/473/347/table1,3,"GRB data in the BS-GRBWF catalog: general informations ( Vetere L., Soffitta P., Massaro E., Giommi P., Costa E.)"
VizieR,J/ApJS/219/18/hdet2,3,"Fluxes of the 24um-selected  Herschel-detected type-2 AGN sample with redshifts and derived  parameters ( Xu L., Rieke G.H., Egami E., Pereira M.J., Haines C.P., Smith G.P.)"
VizieR,J/ApJ/716/30/blazars,3,"Blazar source list and SED parameter ( Abdo A.A., Ackermann M., Agudo I., et al.)"
VizieR,J/ApJ/934/56/sample,3,"CDF-N (Table 2) and CDF-S (Table 3) SCUBA-2 450um (>4{sigma}) ( Barger A.J., Cowie L.L., Blair A.H., Jones L.H.)"
VizieR,J/AJ/133/496/table1,3,"Infrared Properties of OH Megamasers ( Chen P.S., Shan H.G., Gao Y.F.)"
VizieR,J/AJ/151/54/table1,3,"Blazar sample ( Sandrinelli A., Covino S., Dotti M., Treves A.)"
VizieR,J/ApJS/224/15/table12,3,"250ks E-CDF-S supplementary near-infrared bright Chandra source catalog ( Xue Y.Q., Luo B., Brandt W.N., Alexander D.M., Bauer F.E., Lehmer B.D., Yang G.)"
VizieR,J/ApJ/730/19/agn,3,"Spectroscopic properties and SEDs of AGNs ( Sargsyan L., Weedman D., Lebouteiller V., Houck J., Barry D., Hovhannisyan A., Mickaelian A.)"
VizieR,J/ApJ/549/155/table1,3,"The Properties of the Objects in Our Sample ( Nagao T., Murayama T., Taniguchi Y.)"
VizieR,J/A+A/692/A209/table1,3,"Key properties of galaxies in the LLAGN sample ( Lopez I.E., Yang G., Mountrichas G., et al.)"
VizieR,J/ApJ/942/9/table1,3,"ZTF-I tidal disruption events (TDEs) ( Hammerstein E., van Velzen S., Gezari S., et al.)"
HEASARC,ros400gcls,3,ROSAT PSPC 400 Square Degree Galaxy Cluster Catalog
VizieR,J/ApJ/841/7/table2,2,"Spectroscopic cluster member catalog ( Benson B., Wittman D.M., Golovich N., Jee M.J., van Weeren R.J., Dawson W.A.)"
VizieR,J/ApJ/882/177/stars,2,"Observing log (Table 1) and measured stellar parameters (Table 2) ( Marshall J.L., Hansen T., Simon J.D., et al.)"
VizieR,J/ApJS/176/355/table1,2,"Black Hole Parameters of the Sample ( Kelly B.C., Bechtold J., Trump J.R., Vestergaard M., Siemiginowska A.)"
VizieR,J/ApJ/761/125/table4,2,"*Sample of 1FGL for blazars ( Fan J.H., Yang J.H., Yuan Y.H., Wang J., Gao Y.)"
VizieR,J/A+A/441/915/qsos,2,"Sample of 355 polarized quasars ( Hutsemekers D., Cabanac R., Lamy H., Sluse D.)"
VizieR,J/ApJ/771/85/table4,2,"Compilation of masses and structural parameters for high-redshift galaxies ( van de Sande J., Kriek M., Franx M., van Dokkum P.G., Bezanson R., Bouwens R.J., Quadri R.F., Rix H.-W., Skelton R.E.)"
VizieR,J/ApJS/191/340/table6,2,"Optical clusters with X-ray Counterparts from the RASS (Voges et al. 1999, Cat. IX/10) ( Menanteau F., Hughes J.P., Barrientos L.F., Deshpande A.J., Hilton M., Infante L., Jimenez R., Kosowsky A., Moodley K., Spergel D., Verde L.)"
VizieR,J/A+A/606/A101/table4,2,"Polarization data ( Hutsemekers D., Hall P., Sluse D.)"
VizieR,J/ApJ/833/178/table1,2,"Cluster properties ( Vulcani B., Treu T., Schmidt K.B., Morishita T., Dressler A., Poggianti B.M., Abramson L., Bradac M., Brammer G.B., Hoag A., Malkan M., Pentericci L., Trenti M.)"
VizieR,J/ApJ/740/91/table1,2,"Fields analyzed from WFCCD spectrometer at Las Campanas Observatory ( Prochaska J.X., Weiner B., Chen H.-W., Mulchaey J., Cooksey K.)"
VizieR,J/A+A/678/A174/table1,2,"Details of each lensing cluster used in this study ( Goovaerts I., Pello R., Thai T.T., Tuan-Anh P., Richard J., Claeyssens A., Carinos E., de La Vieuville G., Matthee J.)"
VizieR,J/ApJ/882/69/clusters,2,"The merging cluster collaboration radio-selected (Table 1) and the ancillary radio and X-ray data utilized in this paper (Table 2) ( Golovich N., Dawson W.A., Wittman D.M., van Weeren R.J., Andrade-Santos F., Jee M.J., Benson B., de Gasperin F., Venturi T., Bonafede A., Sobral D., Ogrean G.A., Lemaux B.C., Bradac M., Bruggen M., Peter A.)"
VizieR,J/MNRAS/440/1248/dim1t2v,2,"Type2 voids from dim1 in comoving coordinates ( Nadathur S., Hotchkiss S.)"
VizieR,J/ApJS/269/15/sample,2,"information (Table 1) and correlations between primary continuum and soft excesses (Table 3) ( Nandi P., Chatterjee A., Jana A., Chakrabarti S.K., Naik S., Safi-Harb S., Chang H.-K., Heyl J.)"
HEASARC,lqac,2,"Large Quasar Astrometric Catalog, 3rd Release"
VizieR,J/ApJ/773/86/table1,2,"A2029 member list ( Tyler K.D., Rieke G.H., Bai L.)"
VizieR,J/A+A/660/A69/s4getgp3,2,"Early-type galaxy extension to the S4G ( Watkins A.E., Salo H., Laurikainen E., et al.)"
VizieR,J/ApJS/182/628/galaxies,2,"Catalog of studied ultra-luminous IR Galaxies and PG quasars: observations, continuum and emission-line measurements, H_2_ properties, AGN contributions and Eddington properties (tables 1-5, 8, 12 and 16 of paper) ( Veilleux S., Rupke D.S.N., Kim D.-C., Genzel R., Sturm E., Lutz D., Contursi A., Schweitzer M., Tacconi L.J., Netzer H., Sternberg A., Mihos J.C., Baker A.J., Mazzarella J.M., Lord S., Sanders D.B., Stockton A., Joseph R.D., Barnes J.E.)"
VizieR,J/ApJ/622/772/table2,2,"Properties of radio SMGs (submillimeter galaxies) ( Chapman S.C., Blain A.W., Smail I., Ivison R.J.)"
VizieR,J/A+A/520/A113/table3,2,"List of the 398 extragalactic radio sources detected during EC025A and EC025B experiments (211 out of 218 detected during EC025A, and 187 out of 229 detected during EC025B) ( Bourda G., Charlot P., Porcas R.W., Garrington S.T.)"
VizieR,J/ApJ/542/673/table2,2,"Cluster parameters ( Fasano G., Poggianti B.M., Couch W.J., Bettoni D., Kjaergaard P., Moles M.)"
VizieR,J/ApJ/842/87/table3,2,"Sources with unknown classification predicted to be flat-spectrum radio quasars (FSRQs) ( Mao P., Urry C.M., Marchesini E., Landoni M., Massaro F., Ajello M.)"
VizieR,J/MNRAS/499/4325/tablea2,2,"Basic data for the SB galaxies ( Ramos Padilla A.F., Ashby M.L.N., Smith H.A., Martinez-Galarza J.R., Beverage A.G., Dietrich J., Higuera-G. M.-A., Weiner A.S.)"
VizieR,J/A+A/558/A149/table1,2,"The 23 Large Program and archive targets ( Burtscher L., Meisenheimer K., Tristram K.R.W., Jaffe W., Honig S.F., Davies R.I., Kishimoto M., Pott J.-U., Rottgering H., Schartmann M., Weigelt G., Wolf S.)"
VizieR,J/A+A/479/49/table3,2,"Spectroscopically confirmed SNe ( Botticella M.T., Riello M., Cappellaro E., Benetti S., Altavilla G., Pastorello A., Turatto M., Greggio L., Patat F., Valenti S., Zampieri L., Harutyunyan A., Pignata G., Taubenberger S.)"
VizieR,J/ApJ/874/53/table2,2,"properties and measurements ( Betti S.K., Pope A., Scoville N., Yun M.S., Aussel H., Kartaltepe J., Sheth K.)"
VizieR,J/ApJ/594/1/table12,2,"Fall 1999 Observations and Spectroscopic Data (tables 1 & 2 of the paper) ( Tonry J.L., Schmidt B.P., Barris B., et al.)"
VizieR,J/A+A/512/A34/table2,2,"Optical and X-ray properties of the total sample ( Lusso E., Comastri A., Vignali C., et al.)"
VizieR,J/MNRAS/391/1457/table1,2,"*QSO pairs ( Kirkman D., Tytler D.)"
VizieR,J/ApJS/122/51/table2,2,"Properties of the clusters ( Dressler A., Smail I., Poggianti B.M., Butcher H., Couch W.J., Ellis R.S., Oemler A.Jr)"
VizieR,J/ApJ/708/841/table1,2,"H I data for the NFGS ( Wei L.H., Kannappan S.J., Vogel S.N., Baker A.J.)"
VizieR,J/ApJ/923/189/table1,2,"The Cosmic Origins Spectrograph-Intragroup Medium (COS-IGrM) sample ( McCabe T., Borthakur S., Heckman T., Tumlinson J., Bordoloi R., Dave R.)"
VizieR,J/A+A/430/115/table1,2,"Sample of distant galaxies ( Hammer F., Flores H., Elbaz D., Zheng X.Z., Liang Y.C., Cesarsky C.)"
VizieR,J/ApJ/843/76/table5,2,"*X-ray sample ( Andrade-Santos F., Jones C., Forman W.R., et al.)"
VizieR,J/ApJS/247/12/lensing,2,"List of lensing constraints for the 37 clusters (Tables 4-10) ( Sharon K., Bayliss M.B., Dahle H., Dunham S.J., Florian M.K., Gladders M.D., Johnson T.L., Mahler G., Paterno-Mahler R., Rigby J.R., Whitaker K.E., Akhshik M., Koester B.P., Murray K., Remolina Gonzalez J.D., Wuyts E.)"
VizieR,J/AJ/135/1505/table2,2,"Properties of our sample of RQ AGNs selected from the Chandra Deep Field Surveys ( Saez C., Chartas G., Brandt W.N., Lehmer B.D., Bauer F.E., Dai X., Garmire G.P.)"
VizieR,J/A+A/671/A112/table2,2,"Insight-HXMT sample ( Camisasca A.E., Guidorzi C., Amati L., et al.)"
VizieR,J/ApJS/131/185/table1,2,"FIRST/FSC Sample ( Stanford S.A., Stern D., van Breugel W., De Breuck C.)"
VizieR,J/A+A/461/823/table1,2,"Details of the radio galaxies observed ( Venemans B.P., Roettgering H.J.A., Miley G.K., Van Breugel W.J.M., De Breuck C., Kurk J.D., Pentericci L., Stanford S.A., Overzier R.A., Croft S., Ford H.)"
VizieR,J/A+A/676/A127/tablea4,2,"Clean cluster member galaxy catalogue ( Damsted S., Finoguenov A., Clerc N., Davalgaite I., Kirkpatrick C.C., Mamon G.A., Ider Chitham J., Kiiveri K., Comparat J., Collins C.)"
VizieR,J/ApJS/209/10/ugs,2,"Unidentified Gamma-ray Sources in the Northern  and Southern samples  and in the SDA sample ( Massaro F., D'Abrusco R., Paggi A., Masetti N., Giroletti M., Tosti G., Smith H.A., Funk S.)"
VizieR,J/A+A/598/A1/tablea1,2,"Catalog of 39 [U]LIRGs from AKARI ADF-S survey, coordinates, redshifts, photometric measurements ( Malek K., Bankowicz M., Pollo A., Takeuchi T.T., Buat V., Burgarella D., Goto T., Malkan M.)"
VizieR,J/ApJS/191/124/table7,2,"Redshifts for X-ray sources solely detected in the 1-2Ms catalogs ( Silverman J.D., Mainieri V., Salvato M., et al.)"
VizieR,J/ApJ/735/L22/table1,2,"Galaxy properties at z~0, z~1 and z~2 ( Szomoru D., Franx M., Bouwens R.J., van Dokkum P.G., Labbe I., Illingworth G.D., Trenti M.)"
VizieR,J/ApJ/749/97/table1,2,"Multiple-image systems and candidates ( Zitrin A., Rosati P., Nonino M., et al.)"
VizieR,J/A+A/581/A125/list,2,"List of GRB host galaxies with spectra ( Kruehler T., Malesani D., Fynbo J.P.U., et al.)"
VizieR,J/ApJS/131/95/table1,2,"The 5 GHz VLBA Prelaunch (VLBApls) Source List ( Fomalont E.B., Frey S., Paragi Z., Gurvits L.I., Scott W.K., Taylor A.R., Edwards P.G., Hirabayashi H.)"
VizieR,J/A+A/428/1043/vcdfs,2,"VVDS-CDFS catalog V1.0 (Version of 26 March 2004) ( Le Fevre O., Vettolani G., Paltani S., et al.)"
VizieR,J/AN/338/700/table6,2,"Blazar and some parameters ( Mingaliev M.G., Sotnikova Yu.V., Mufakharov T.V., Nieppola E., Tornikoski M., Tammi J., Lahteenmaki A., Udovitskiy R.Yu., Erkenov A.K.)"
VizieR,J/MNRAS/491/4925/table2,2,"CSQs selected in CRTS and associated features ( Graham M.J., Ross N.P., Stern D., Drake A.J., McKernan B., Ford K.E.S., Djorgovski S.G., Mahabal A.A., Glikman E., Larson S., Christensen E.)"
VizieR,J/MNRAS/437/2607/table1,2,"Low X-ray luminosity galaxy clusters ( Nilo Castellon J.L., Alonso M.V., Lambas D.G., O'Mill A.L., Valotto C., Carrasco E.R., Cuevas H., Ramirez A)"
HEASARC,xmmsdssgce,2,2XMMi/SDSS Galaxy Cluster Survey Extension
VizieR,J/A+A/383/823/fcos,2,"Objects measured in the FCOS ( Mieske S., Hilker M., Infante L.)"
VizieR,J/ApJ/696/580/table5,2,"X-ray, optical, and radio properties of the BL Lac sample ( Shemmer O., Brandt W.N., Anderson S.F., Diamond-Stanic A.M., Fan X., Richards G.T., Schneider D.P., Strauss M.A.)"
VizieR,J/ApJS/129/435/table1,2,"The NORAS Cluster X-Ray Source Catalog ( Bohringer H., Voges W., Huchra J.P., McLean B., Giacconi R., Rosati P., Burg R., Mader J., Schuecker P., Simic D., Komossa S., Reiprich T.H., Retzlaff J., Trumper J.)"
VizieR,J/AJ/154/86/catalog,2,"MaNGA catalog, DR15 ( Wake D.A., Bundy K., Diamond-Stanic A.M., Yan R., Blanton M.R., Bershady M.A., Sanchez-Gallego J.R., Drory N., Jones A., Kauffmann G., Law D.R., Li C., MacDonalD N., Masters K., Thomas D., Tinker J., Weijmans A.-M., Brownstein J.R.)"
VizieR,J/ApJ/731/97/table1,2,"Variable nucleus galaxies in GOODS ( Sarajedini V.L., Koo D.C., Klesman A.J., Laird E.S., Perez Gonzalez P.G., Mozena M.)"
VizieR,J/MNRAS/498/3241/tablea3,2,"Properties of redmapper clusters in the field of view of WGD 2038-4008 ( Buckley-Geer E.J., Lin H., Rusu C.E., et al.)"
VizieR,J/AZh/93/616/table3,2,"RCR objects with positive signals on Planck microwave maps ( Verkhodanov O.V., Maiorova E.K., Zhelenkova O.P., Solov'ev D.I., Khabibullina M.L.)"
VizieR,J/ApJS/221/2/table1,2,"Journal of HIRES observations ( Prochaska J.X., O'Meara J.M., Fumagalli M., Bernstein R.A., Burles S.M.)"
VizieR,J/ApJ/621/104/table4,2,"Catalog of X-ray sources in the CYDER fields ( Treister E., Castander F.J., Maccarone T.J., Gawiser E., Coppi P.S., Urry C.M., Maza J., Herrera D., Gonzalez V., Montoya C., Pineda P.)"
VizieR,J/MNRAS/449/1753/table1,2,"SN sample ( Poznanski D., Kostrzewa-Rutkowska Z., Wyrzykowski L., Blagorodnova N.)"
VizieR,J/MNRAS/385/1656/ATCA,2,"Observations of 2005 and 2006 ( Sadler E.M., Ricci R., Ekers R.D., Sault R.J., Jackson C.A., De Zotti G.)"
VizieR,J/A+AS/118/231/table1,2,"Individual observations ( Levato H., Malaroda S., Morrell N., Solivella G., Grosso M.)"
VizieR,J/PASJ/56/965/table3,2,"Sample list of clusters of galaxies ( Fukazawa Y., Makishima K., Ohashi T.)"
VizieR,J/ApJS/247/25/table10,2,"Newly confirmed galaxy clusters at {xi}>4.5 in the SPT-SZ Survey ( Bleem L.E., Bocquet S., Stalder B., et al.)"
VizieR,J/A+A/651/A81/table1,2,"List of the 44 SNe Ic in the used in this work with their coordinates, redshifts, distances and extinction estimates ( Barbarino C., Sollerman J., Taddia F., Fremling C., Karamehmetoglu E., Arcavi I., Gal-Yam A., Laher R., Schulze S., Wozniak P., Yan L.)"
VizieR,J/ApJS/268/6/table1,2,"The Fermi 4FGL blazars ( Chen Y., Gu Q., Fan J., Yu X., Zhong X., Liu H., Ding N., Xiong D., Guo X.)"
VizieR,J/A+A/640/A31/table24,2,"Sources characteristics and best-fit results (tables 2 and 4) ( Panagiotou C., Walter R.)"
VizieR,J/ApJ/793/92/table1,2,"Global Properties of Galaxies ( Tang Y., Giavalisco M., Guo Y., Kurk J.)"
VizieR,J/A+A/461/823/LaE,2,"Position and properties of the Ly{alpha} emission line of the confirmed Ly{alpha} emitters and the radio galaxy in the fields ( Venemans B.P., Roettgering H.J.A., Miley G.K., Van Breugel W.J.M., De Breuck C., Kurk J.D., Pentericci L., Stanford S.A., Overzier R.A., Croft S., Ford H.)"
VizieR,J/ApJ/626/95/table2,2,"X-Ray-selected targets ( Sowards-Emmerd D., Romani R.W., Michelson P.F., Healey S.E., Nolan P.L.)"
VizieR,J/AJ/140/119/table4,2,"RV data of probable young candidates (PYCs) ( Schlieder J.E., Lepine S., Simon M.)"
VizieR,J/MNRAS/501/3715/tablea1,2,"Information on the sources ( Blinov D., Kiehlmann S., Pavlidou V., et al.)"
VizieR,J/ApJS/153/429/table6,2,"General Parameters of Strong Narrow-Line AGN and LINERs from SDSS DR1 ( Kniazev A.Y., Pustilnik S.A., Grebel E.K., Lee H., Pramskij A.G.)"
VizieR,J/ApJ/873/35/table1,2,"summary ( Shen Y., Wu J., Jiang L., Banados E., Fan X., Ho L.C., Riechers D.A., Strauss M.A., Venemans B., Vestergaard M., Walter F., Wang F., Willott C., Wu X.-B., Yang J.)"
VizieR,J/ApJ/719/1672/table3,2,"High-redshift binary quasars in the SDSS imaging footprint ( Hennawi J.F., Myers A.D., Shen Y., Strauss M.A., Djorgovski S.G., Fan X., Glikman E., Mahabal A., Martin C.L., Richards G.T., Schneider D.P., Shankar F.)"
VizieR,J/ApJS/168/1/table5,2,"Black hole mass estimates ( Kelly B.C., Bechtold J.)"
VizieR,J/ApJ/720/1513/table2,2,"Energetics of the type II GRB sample ( Kann D.A., Klose S., Zhang B., et al.)"
VizieR,J/ApJ/751/52/table5,2,"The ""W2"" (WISE/2MASS) sample of moderate-likelihood AGN candidates ( Edelson R., Malkan M.)"
VizieR,J/A+A/618/A37/tablea1,2,"Spectral log for the (i)PTF stripped-envelope SN sample ( Fremling C., Sollerman J., Kasliwal M.M., et al.)"
VizieR,J/AJ/151/78/table4,2,"*PM2GC stripping candidates ( Poggianti B.M., Fasano G., Omizzolo A., Gullieuszik M., Bettoni D., Moretti A., Paccagnella A., Jaffe Y.L., Vulcani B., Fritz J., Couch W., D'Onofrio M.)"
HEASARC,xmmsdssgcs,2,2XMMi/SDSS Galaxy Cluster Survey
VizieR,J/MNRAS/350/1485/table1,2,"Spectral Identifications ( Magliocchetti M., Maddox S.J., Hawkins E., et al.)"
VizieR,J/PASP/135/A4101/table2,2,"The gamma-ray properties for the 126 Fermi-LAT-detected BL Lacs ( Ye X.-H., Zeng X.-T., Huang D.-Y., Zhang Z., Pei Z.-Y., Fan J.-H.)"
VizieR,J/ApJ/726/20/table1,2,"Primary sample radio-intermediate (RIQs) and radio-lound (RLQs) quasars ( Miller B.P., Brandt W.N., Schneider D.P., Gibson R.R., Steffen A.T., Wu J.)"
VizieR,J/ApJ/944/157/table1,2,"The jetted AGN ( Chen Y., Gu Q., Fan J., Yu X., Ding N., Xiong D., Guo X.)"
VizieR,J/MNRAS/465/302/agn,2,"AGN catalog ( Micheva G., Iwata I., Inoue A.K.)"
VizieR,J/A+A/412/657/table1,2,"Sample of cooling flow clusters of galaxies observed with the IRAM 30m telescope. ( Salome P., Combes F.)"
VizieR,J/A+AS/134/483/table3,2,"New QSOs from the Hamburg Quasar Survey Object ( Hagen H.-J., Engels D., Reimers D.)"
VizieR,J/ApJ/870/83/table1,2,"Observing details of the four stars in the ultra-faint dwarf galaxies (UFDs) GruI and TriII ( Ji A.P., Simon J.D., Frebel A., Venn K.A., Hansen T.T.)"
VizieR,J/AJ/163/264/table3,2,"Objects within 10arcmin of AGN ( Huber M.C., Bregman J.N.)"
VizieR,J/ApJS/257/61/sample,2,"Basic information (Table 1), X-ray count rates and NuSTAR band ratios (Table 4) and AGN signatures obtained by multiwavelength observations (Table B1) for the sample ( Yamada S., Ueda Y., Tanimoto A., Imanishi M., Toba Y., Ricci C., Privon G.C.)"
VizieR,J/ApJS/213/9/table8,2,"Parameters of newly discovered Supernovae ( Drake A.J., Graham M.J., Djorgovski S.G., et al.)"
VizieR,J/AJ/135/1311/table12,2,"*Moderate redshift radio galaxy sub-sample with LRIS MOS observations (14 targets) (table1 and 2 of the paper) ( Auger M.W., Becker R.H., Fassnacht C.D.)"
VizieR,J/MNRAS/406/1583/table1,2,"Parameters of 8498 SDSS-UKIDSS quasars ( Wu X.-B., Jia Z.)"
VizieR,J/AJ/155/131/Sample,2,"Complete quasar candidates with i_AB_<23.2 (table 3) and 23.2<i_AB_<23.7 (table 4) ( McGreer I.D., Fan X., Jiang L., Cai Z.)"
VizieR,J/ApJS/177/148/sources,2,"Catalog of 3CR sources (radio and optical data, tables 3, 4 and 5 of paper) ( Floyd D.J.E., Axon D., Baum S., Capetti A., Chiaberge M., Macchetto D., Madrid J., Miley G., O'Dea C.P., Perlman E., Quillen A., Sparks W., Tremblay G.)"
VizieR,J/ApJS/247/16/magic,2,"extreme high-frequency-peaked BL Lac objects (EHBLs) observed with the MAGIC telescopes (Table 1), results (Table 2) and main spectral parameters resulting from combining all Swift-XRT pointings during the MAGIC observation window (Table 8) ( Acciari V.A., Ansoldi S., Antonelli L.A., et al.)"
VizieR,J/MNRAS/492/503/tableb1,2,"Lensed images for Abell 2744 ( Raney C.A., Keeton C.R., Brennan S.)"
VizieR,J/AJ/130/387/table1,2,"SDSS-ROSAT AGN data ( Strateva I.V., Brandt W.N., Schneider D.P., Vanden Berk D.E., Vignali C.)"
VizieR,J/MNRAS/439/690/blazars,2,"The blazar samples ( Hovatta T., Pavlidou V., King O.G., Mahabal A., Sesar B., Dancikova R., Djorgovski S.G., Drake A., Laher R., Levitan D., Max-Moerbeck W., Ofek E.O., Pearson T.J., Prince T.A., Readhead A.C.S., Richards J.L., Surace J.)"
VizieR,J/MNRAS/329/700/list2,2,"APM IDs of sources in JVAS++ only ( Snellen I.A.G., McMahon R.G., Hook I.M., Browne I.W.A.)"
VizieR,J/A+A/437/789/table2,2,"*Results of the I-band light curve fit of 42 nearby supernovae ( Nobili S., Amanullah R., Garavini G., et al.)"
VizieR,J/AJ/133/303/table3,2,"Total sample of radio quiet galaxies observed ( Carini M.T., Noble J.C., Taylor R., Culler R.)"
VizieR,J/A+A/476/1191/xms,2,"XMS X-ray source list, and optical identifications ( Barcons X., Carrera F.J., Ceballos M.T., et al.)"
VizieR,J/ApJ/896/10/table3,2,"Low-mass galaxies with AGN-like variability ( Baldassare V.F., Geha M., Greene J.)"
VizieR,J/MNRAS/482/3458/table1,2,"The UVES SQUAD DR1 475 quasars ( Murphy M.T., Kacprzak G.G., Savorgnan G.A.D., Carswell R.F.)"
VizieR,J/AJ/127/156/agn,2,"Optical spectra, line measurements  and Luminosities of the Soft X-Ray AGN Sample ( Grupe D., Wills B.J., Leighly K.M., Meusinger H.)"
VizieR,J/ApJ/765/47/table3,2,"Summary of Ly{alpha} emitters (LAEs) data ( Nestor D.B., Shapley A.E., Kornei K.A., Steidel C.C., Siana B.)"
VizieR,J/AJ/131/2018/table1,2,"Physical parameters and median errors of the objects in our sample that are not obvious superpositions ( Bernardi M., Sheth R.K., Nichol R.C., Miller C.J., Schlegel D., Frieman J., Schneider D.P., Subbarao M., York D.G., Brinkmann J.)"
VizieR,J/ApJ/711/928/galex,2,"GALEX spectral identifications in the nine fields used for deep GALEX grism observations (tables 2--10 of the paper) ( Cowie L.L., Barger A.J., Hu E.M.)"
VizieR,J/MNRAS/513/1175/table2ms,2,"Dusty-starburst main- multiband photometry ( Espino-Briones N., Perez-Gonzalez P.G., Zamorano J., Rodriguez-Munoz L.)"
VizieR,J/ApJ/815/L13/table1,2,"Compton-thick (CT, logN_H_>=24) AGNs in the Swift/BAT 70-month catalog ( Ricci C., Ueda Y., Koss M.J., Trakhtenbrot B., Bauer F.E., Gandhi P.)"
VizieR,J/ApJS/146/1/table1,2,"Basic target data ( Wakker B.P., Savage B.D., Sembach K.R., et al.)"
VizieR,J/ApJS/218/10/table1,2,"List of observations and derived parameters of the HET Massive Galaxy Survey (HETMGS) ( van den Bosch R.C.E., Gebhardt K., Gultekin K., Yildirim A., Walsh J.L.)"
VizieR,J/ApJ/674/172/sample,2,"Sample of Luminous IR glaxies studied and their abundances ( Rupke D.S.N., Veilleux S., Baker A.J.)"
VizieR,J/ApJ/933/14/table1,2,"Final superluminous supernova (SLSN) sample ( Hosseinzadeh G., Berger E., Metzger B.D., Gomez S., Nicholl M., Blanchard P.)"
VizieR,J/ApJ/700/1097/table4,2,"MLCS17 light curve fit parameters ( Hicken M., Wood-Vasey W.M., Blondin S., Challis P., Jha S., Kelly P.L., Rest A., Kirshner R.P.)"
VizieR,J/ApJ/900/125/table4,2,"Swift/BAT 314 AGNs used in this study ( Rusinek K., Sikora M., Koziel-Wierzbowska D., Gupta M.)"
VizieR,J/MNRAS/440/1248/lrgbt1c,2,"Type1 clusters from lrgbright in comoving coordinates ( Nadathur S., Hotchkiss S.)"
VizieR,J/MNRAS/473/1751/tablea2,2,"Blazars - SPIRE and SCUBA-2 data ( Bakx T.J.L.C., Eales S.A., Negrello M., et al.)"
VizieR,J/MNRAS/390/819/config,2,"Data for CoNFIG sample ( Gendre M.A., Wall J.V.)"
VizieR,J/MNRAS/425/1215/clusters,2,"Cluster observations (table1), properties (table2) and X-ray observations (table6) ( Klesman A.J., Sarajedini V.L.)"
VizieR,J/A+A/589/A97/table1,2,"PDS parameters of a sample of 123 long GRBs ( Dichiara S., Guidorzi C., Amati L., Frontera F., Margutti R.)"
VizieR,J/ApJS/197/24/xjet,2,"Basic parameters of the sources  considered in the XJET sample (see section 2) ( Massaro F., Harris D.E., Cheung C.C.)"
VizieR,J/ApJ/788/119/table1,2,"Data Summary ( Lehner N., O'Meara J.M., Fox A.J., Howk J.C., Prochaska J.X., Burns V., Armstrong A.A.)"
VizieR,J/ApJ/887/196/table5,2,"*Ly-Alpha nebulae associated to quasars from the literature ( Farina E.P., Arrigoni-Battaia F., Costa T., et al.)"
VizieR,J/AJ/154/169/table1,2,"Sources ( Sebastian B., Lal D.V., Rao A.P.)"
VizieR,J/PASJ/55/947/data,2,observational data and the accretion rates ( Liang E.-W.)
VizieR,J/MNRAS/453/2682/table1,2,"The z0.1 sample ( Ineson J., Croston J.H., Hardcastle M.J., Kraft R.P., Evans D.A., Jarvis M.)"
VizieR,J/AJ/130/381/table1,2,Properties of five AGN subsamples ( Boroson T.)
VizieR,J/A+A/529/L4/table1,2,"Supernovae used in this work ( Chotard N., Gangler E., Aldering G., et al.)"
VizieR,J/ApJ/806/52/table4,2,"GBM-iPTF detections ( Singer L.P., Kasliwal M.M., Cenko S.B., et al.)"
VizieR,J/MNRAS/413/80/catalog,2,"GNS catalog: SExtractor parameters,  stellar masses, rest-frame colors and absolute magnitudes ( Conselice C.J., Bluck A.F.L., Buitrago F., et al.)"
VizieR,J/ApJS/225/23/galaxies,2,"Catalog of galaxies in systems containing a dominant galaxy surrounded by satellites (table 9) or with low surface brightness (table 11) ( Sohn J., Geller M.J., Hwang H.S., Zahid H.J., Lee M.G.)"
VizieR,J/A+A/510/A56/tablea1,2,zCOSMOS type-2 AGN ( Bongiorno A.)
VizieR,J/A+A/416/515/table5,2,"HI data for Markarian galaxies observed at the Nancay Radiotelescope ( Davoust E., Contini T.)"
VizieR,J/A+A/611/A25/table1,2,"intermediate redshift Type II-P/L SNe ( Gall E.E.E., Kotak R., Leibundgut B., et al.)"
VizieR,J/ApJ/708/868/targets,2,"List of targets ( Cooksey K.L., Thom C., Prochaska J.X., Chen H.-W.)"
VizieR,J/A+A/686/A137/tab1grs,2,"Cosmic Web properties for BORG SDSS-constrained giant radio galaxies (table 1) ( Oei M.S.S.L., van Weeren R.J., Hardcastle M.J., Gast A.R.D.J.G.I.B., Leclercq F., Roettgering H.J.A., Dabhade P., Shimwell T.W., Botteon A.)"
VizieR,J/ApJ/641/L21/table1,2,"Sample properties ( Greene J.E., Ho L.C.)"
VizieR,J/ApJ/481/49/table1,2,"Photometry, spectral indices, and emission-line measurements (sample B) ( Hammer F., Flores H., Lilly S.J., Crampton D., Le Fevre O., Rola C., Mallen-Ornelas G., Schade D., Tresse L.)"
VizieR,J/MNRAS/436/997/table5,2,"Individual spatial clustering amplitudes of the the type-2 quasars studied in Bessiere et al. (2012MNRAS.426..276B) ( Ramos Almeida C., Bessiere P.S., Tadhunter C.N., Inskip K.J., Morganti R., Dicken D., Gonzalez-Serrano J.I., Holt J.)"
VizieR,J/ApJ/923/203/table1,2,"Metallicity gradients of the CLEAR+ (0.6<z<2.6) ( Simons R.C., Papovich C., Momcheva I., Trump J.R., Brammer G., Estrada-Carpenter V., Backhaus B.E., Cleri N.J., Finkelstein S.L., Giavalisco M., Ji Z., Jung I., Matharu J., Weiner B.)"
VizieR,J/MNRAS/436/997/table4,2,"Individual spatial clustering amplitudes of the 2-Jy PRGs sample ( Ramos Almeida C., Bessiere P.S., Tadhunter C.N., Inskip K.J., Morganti R., Dicken D., Gonzalez-Serrano J.I., Holt J.)"
VizieR,J/A+AS/142/275/tablea2,2,"Stars without emission ( Strassmeier K. G., Washuettl A., Granzer T., Scheck M., Weber M.)"
VizieR,J/MNRAS/436/718/table1,2,"List of SDSS targets whose spectra show detectable [OIII]{lambda}{lambda}4959, 5007 emission from Galactic PNe, HII regions and PN candidates ( Yuan H.B., Liu X.W.)"
VizieR,J/ApJ/793/101/table1,2,"Galaxy Properties ( Trump J.R., Barro G., Juneau S., et al.)"
VizieR,J/ApJ/857/126/table1,2,"Properties of the projected quasar pairs in the QPQ9 sample ( Lau M.W., Prochaska J.X., Hennawi J.F.)"
VizieR,J/MNRAS/458/3083/tablea1,2,"Details of the galaxies of detected galaxy clusters (Structures 6-8) ( Shakouri S., Johnston-Hollitt M., Dehghan S.)"
VizieR,J/ApJS/233/20/table6,2,"Cross-identified sources around the CGM-MASS galaxies ( Li J.-T., Bregman J.N., Wang Q.D., Crain R.A., Anderson M.E., Zhang S.)"
VizieR,J/A+A/506/1477/ocars,2,"Optical characteristics of astrometric radio sources ( Titov O., Malkin Z.)"
VizieR,J/ApJ/822/42/sfgal,2,"Star-forming galaxy observation log, emission line measurements, SFR and ionizing gas properties (tables 1, 2, 3 and 5) ( Onodera M., Carollo C.M., Lilly S., Renzini A., Arimoto N., Capak P., Daddi E., Scoville N., Tacchella S., Tatehora S., Zamorani G.)"
VizieR,J/ApJS/227/3/table4,2,"Giant arc redshift constraints ( Bayliss M.B., Ruel J., Stubbs C.W., et al.)"
VizieR,J/ApJ/925/120/table1,2,"Fermi blazars with Doppler factors ( Yang W.X., Wang H.G., Liu Y., Yang J.H., Xiao H.B., Ye X.H., Pei Z.Y., Zhang L.X., Fan J.H.)"
VizieR,J/ApJ/767/14/table2,2,"MASIV data ( Pursimo T., Ojha R., Jauncey D.L., Rickett B.J., Dutka M.S., Koay J.Y., Lovell J.E.J., Bignall H.E., Kedziora-Chudczer L., Macquart J.-P.)"
VizieR,J/A+A/631/A148/tablea1,2,"78 PSZ2 cluster candidates ( Aguado-Barahona A., Barrena R., Streblyanska A., Ferragamo A., Rubino-Martin J.A., Tramonte D., Lietzen H.)"
VizieR,J/A+A/599/A71/catalog,2,"Catalogue of 209276 SDSS star-forming galaxies empirically corrected for aperture using the empirical aperture corrections from Iglesias-Paramo et al. (2016, Cat J/ApJ/826/71) ( Duarte Puertas S., Vilchez J.M., Iglesias-Paramo J., Kehrig C., Perez-Montero E., Rosales-Ortega F.F.)"
VizieR,J/MNRAS/465/3558/table4,2,"List of candidate lensed galaxies with F500>=100mJy extracted from the ~600deg^2^ of the H-ATLAS fields ( Negrello M., Amber S., Amvrosiadis A., et al.)"
VizieR,J/A+A/466/63/table4,2,"The sample of 170 BL Lac objects selected from Nieppola et al. (2006, Cat. <J/A+A/445/441>). ( Wu Z., Jiang D.R., Gu M., Liu Y.)"
HEASARC,atlascsid,2,AT Large Area Survey (ATLAS) CDF-S/SWIRE ID and Classification C
VizieR,J/AJ/137/3761/table1,1,"The UV-blue QSO sample ( Bianchi L., Hutchings J.B., Efremova B., Herald J.E., Bressan A., Martin C.)"
VizieR,J/MNRAS/449/4010/tablea6,1,"Spectroscopic redshifts of galaxies in the direction of ACT-CL J2058.8+0123 measured using SALT RSS ( Kirk B., Hilton M., Cress C., et al.)"
VizieR,J/AJ/135/496/table3,1,"Color lens candidates ( Inada N., Oguri M., Becker R.H., et al.)"
VizieR,J/MNRAS/448/1206/table3,1,"The 28 spectroscopically confirmed PS1 SN Ia ( McCrum M., Smartt S.J., Rest A., et al.)"
VizieR,J/MNRAS/436/3581/chands82,1,"Chandra matched catalog ( LaMassa S.M., Urry C.M., Cappelluti N., Civano F., Ranalli P., Glikman E., Treister E., Richards G., Ballantyne D., Stern D., Comastri A., Cardamone C., Schawinski K., Bohringer H., Chon G., Murray S.S., Green P., Nandra K.)"
VizieR,J/ApJ/856/93/table1,1,"Galaxy pairs in SDSS-IV MaNGA (DR14) ( Fu H., Steffen J.L., Gross A.C., Dai Y.S., Isbell J.W., Lin L., Wake D., Xue R., Bizyaev D., Pan K.)"
VizieR,J/ApJS/250/26/table3,1,"The Golden Southern QSOs for the Sandage Test ( Boutsia K., Grazian A., Calderone G., Cristiani S., Cupani G., Guarneri F., Fontanot F., Amorin R., D'Odorico V., Giallongo E., Salvato M., Omizzolo A., Romano M., Menci N.)"
VizieR,J/MNRAS/488/4239/tablea3,1,"SNe IIb with no observed maximum sample ( Pessi P.J., Folatelli G., Anderson J.P., Bersten M., Burns C., Contreras C., Davis S., Englert B., Hamuy M., Hsiao E.Y., Martinez L., Morrell N., Phillips M.M., Suntzeff N., Stritzinger M.D.)"
VizieR,J/A+A/626/A90/table2,1,"Photometry and radial velocities for all observed target ( Hatzidimitriou D., Held E.V., Tognelli E., et al.)"
VizieR,J/ApJ/746/156/table1,1,"Master table ( Chandra P., Frail D.A.)"
VizieR,J/MNRAS/489/3351/table1,1,"The basic properties of the and the SED wavelength ranges ( Brown M.J.I., Duncan K.J., Landt H., Kirk M., Ricci C., Kamraj N., Salvato M., Ananna T.)"
VizieR,J/ApJS/240/39/table1,1,"The merging cluster collaboration radio-selected sample ( Golovich N., Dawson W.A., Wittman D.M., Jee M.J., Benson B., Lemaux B.C., van Weeren R.J., Andrade-Santos F., Sobral D., de Gasperin F., Bruggen M., Bradac M., Finner K., Peter A.)"
VizieR,J/ApJ/743/34/table1,1,"List of demi-luminous IR galaxies (deni_LIRGs) from 69 clusters sorted in descending order of L_IR_ ( Chung S.M., Eisenhardt P.R., Gonzalez A.H., Stanford S.A., Brodwin M., Stern D., Jarrett T.)"
VizieR,J/MNRAS/390/819/tableb1,1,"Data for CoNFIG-2 sample ( Gendre M.A., Wall J.V.)"
VizieR,J/ApJ/807/178/table1,1,"Rescaled mass and newly calculated richness for 1191 galaxy clusters ( Wen Z.L., Han J.L.)"
VizieR,J/A+A/520/A113/table4,1,"List of the 49 extragalactic radio sources not detected in one or both bands during EC025A and EC025B (7 sources out of 218 observed during EC025A and 42 sources out of 229 observed during EC025B) ( Bourda G., Charlot P., Porcas R.W., Garrington S.T.)"
VizieR,J/ApJ/817/172/chandra,1,"chandra matched catalog ( LaMassa S.M., Urry C.M., Cappelluti N., et al.)"
VizieR,J/ApJ/607/60/table2,1,"Optically faint FIRST-2MASS red quasar candidates ( Glikman E., Gregg M.D., Lacy M., Helfand D.J., Becker R.H., White R.L.)"
VizieR,J/ApJ/874/32/table2,1,"Data used for validation with Gupta+ (2011, J/ApJ/740/92) ages ( Rose B.M., Garnavich P.M., Berg M.A.)"
VizieR,J/ApJ/728/23/table4,1,"*Further quasars with potential FUV flux (GALEX S/N(FUV)>2) ( Worseck G., Prochaska J.X.)"
VizieR,J/MNRAS/482/2731/table1,1,"GRBs data used to estimate dust-to-metals ratios and N(Fe,Si)_dust_ ( Zafar T., Moller P.)"
VizieR,J/PASP/106/646/table1,1,"Quasar Photometry ( Kirhakos S., Sargent W.L.W., Schneider D.P., Bahcall J.N., Jannuzi B.T., Maoz D., Small T.A.)"
VizieR,J/MNRAS/440/1248/lrgdt2v,1,"Type2 voids from lrgdim in comoving coordinates ( Nadathur S., Hotchkiss S.)"
VizieR,J/ApJ/794/146/catalog,1,"Parameters 175 M dwarfs ( Theissen C.A., West A.A.)"
VizieR,J/ApJ/852/22/sample,1,"VLT/UVES spectra from Dall'Aglio+ (2008A&A...491..465D) and keck/HIRES spectra from KODIAQ (O'Meara+ 2015, J/AJ/150/111) used for our analysis (tables 1 and 2) ( Walther M., Hennawi J.F., Hiss H., Onorbe J., Lee K.-G., Rorai A., O'Meara J.)"
VizieR,J/MNRAS/397/1713/fsrq,1,"Flat-spectrum radio quasars from the SDSS DR3  quasar catalogue ( Chen Z., Gu M., Cao X.)"
VizieR,J/ApJ/722/L7/table1,1,"LAT-detected MOJAVE AGNs ( Pushkarev A.B., Kovalev Y.Y., Lister M.L.)"
VizieR,J/AJ/137/5022/table1,1,"The source sample of 24 BLOs ( Nieppola E., Hovatta T., Tornikoski M., Valtaoja E., Aller M.F., Aller H.D.)"
HEASARC,rassfirst,1,ROSAT All-Sky Survey Single FIRST Matches Catalog
VizieR,J/ApJS/238/29/table2,1,"Target information and observation log ( Park S., Lee J.-E., Kang W., Lee S.-G., Chun M.-Y., Kim K.-M., Yuk I.-S., Lee J.-J., Mace G.N., Kim H., Kaplan K.F., Park C., Sok Oh J., Lee S., Jaffe D.T.)"
VizieR,J/ApJ/613/129/table2,1,"Line Identifications and Equivalent Width Measurements ( Wise J.H., Eracleous M., Charlton J.C., Ganguly R.)"
VizieR,VIII/69A/uss,1,"Ultra Steep Spectrum sources (table2 of paper) ( De Breuck C., Tang Y., de Bruyn A.G., Rottgering H., van Breugel W.)"
VizieR,J/ApJ/923/267/table1,1,"Supernova velocities, light-curve parameters, and Hubble residuals for the Foundation sample ( Dettman K.G., Jha S.W., Dai Mi, Foley R.J., Rest A., Scolnic D.M., Siebert M.R., Chambers K.C., Coulter D.A., Huber M.E., Johnson E., Jones D.O., Kilpatrick C.D., Kirshner R.P., Pan Y.-C., Riess A.G., Shultz A.S.B.)"
VizieR,J/ApJ/662/224/table2,1,"Catalog of the 57 CIZA clusters with BSC X-Ray detected fluxes between 3 and 5x10^-12^ergs/cm^2^/s ( Kocevski D.D., Ebeling H., Mullis C.R., Tully R.B.)"
VizieR,J/ApJ/614/91/table2,1,"Data of 26 double-peaked broad-line AGNs in the radio-loud AGN sample ( Wu X.-B., Liu F.K.)"
VizieR,J/MNRAS/404/1321/tablea3,1,"QSOALS TiII column densities ( Welty D.E., Crowther P.A.)"
VizieR,J/ApJ/874/32/table1,1,"Local environment data for C13 (Campbell+ 2013, J/ApJ/763/88) SNIa ( Rose B.M., Garnavich P.M., Berg M.A.)"
VizieR,J/A+A/551/A93/table3,1,"List of sources showing emission lines in each mask ( Guaita L., Francke H., Gawiser E., Bauer F.E., Hayes M., Oestlin G., Padilla N.)"
VizieR,J/ApJS/240/15/groups,1,"HST/COS observations (table 1), group properties from SDSS analysis (table 2), detections in group sight lines (tables 3) and adopted group properties (table 8) ( Stocke J.T., Keeney B.A., Danforth C.W., Oppenheimer B.D., Pratt C.T., Berlind A.A., Impey C., Jannuzi B.)"
VizieR,J/A+A/539/A91/table5,1,"Global properties of the MASSIV sample ( Contini T., Garilli B., Le Fevre O., Kissler-Patig M., Amram P., Epinat B., Moultaka J., Paioro L., Queyrel J., Tasca L., Tresse L., Vergani D., Lopez-Sanjuan C., Perez-Montero E.)"
VizieR,J/A+A/557/A12/GRBs,1,"Sample of the {gamma}-ray bursts (GRB) studied, with redshift and luminosity distance (table C5) ( Zaninoni E., Bernardini M.G., Margutti R., Oates S., Chincarini G.)"
VizieR,J/ApJ/599/116/table2,1,Properties of Unabsorbed Quasars ( Vestergaard M.)
VizieR,J/MNRAS/450/2615/table2,1,"Spectroscopically surveyed extragalactic sources ( Saez C., Lehmer B.D., Bauer F.E., Stern D., Gonzales A., Rreza I., Alexander D.M., Matsuda Y., Geach J.E., Harrison F.A., Hayashino T.)"
VizieR,J/ApJ/819/154/table2,1,"Optical and X-ray properties of the main X-ray censored quasar sample ( Lusso E., Risaliti G.)"
VizieR,J/MNRAS/448/1206/table5,1,"*The 12 confirmed PS1 CCSNe ( McCrum M., Smartt S.J., Rest A., et al.)"
VizieR,J/ApJ/519/1/table2,1,"Lyman-break candidate spectroscopic results ( Steidel C.C., Adelberger K.L., Giavalisco M., Dickinson M., Pettini M.)"
HEASARC,xmmslewegs,1,XMM-Newton Slew Survey Extragalactic Sample
VizieR,J/ApJ/789/23/table3,1,"Properties of Host Galaxies with SDSS Spectra ( Kelly P.L., Filippenko A.V., Modjaz M., Kocevski D.)"
VizieR,J/ApJ/872/81/table6,1,"Metallicities of the partial Lyman limit systems (pLLSs) and LLSs in the COS circumgalactic medium (CGM) Compendium (CCC) sample ( Wotta C.B., Lehner N., Howk J.C., O'Meara J.M., Oppenheimer B.D., Cooksey K.L.)"
VizieR,J/ApJ/813/26/rmd,1,"Properties of runaway M dwarf  (RdM) candidates and Galactic potential test results and velocity angles  of M31 and Leo Stream ( Favia A., West A.A., Theissen C.A.)"
VizieR,J/MNRAS/493/3379/tablea1,1,"Table with GRB and AT2017gfo luminosity ratios ( Rossi A., Stratta G., Maiorano E., et al.)"
VizieR,J/A+A/544/A18/master,1,"The master catalog, one entry per galaxy ( van Velzen S., Falcke H., Schellart P., Nierstenhoefer N., Kampert K.-H.)"
VizieR,J/A+A/583/A124/tablea3,1,"Spectroscopic redshift catalogue ( Durret F., Wakamatsu K.-I., Nagayama T., Adami C., Biviano A.)"
VizieR,J/A+A/598/A17/2whsp,1,"The 2WHSP catalog (table 4) ( Chang Y.-L., Arsioli B., Giommi P., Padovani, P.)"
VizieR,J/ApJ/836/186/table1,1,"summary ( Jiang Y.-F., Green P.J., Greene J.E., et al.)"
VizieR,J/A+A/643/A103/tableb2,1,"Summary of literature search ( Pena-Herazo H.A., Amaya-Almazan R.A., Massaro F., et al.)"
VizieR,J/AJ/146/39/table1,1,"Log of the observations and other relevant information for the target stars ( Katime Santrich O.J., Pereira C.B., de Castro D.B.)"
VizieR,J/A+A/589/A98/table1,1,"Time intervals for calculating the PDS referred to trigger times, T90, redshifts ( Guidorzi C., Dichiara S., Amati L.)"
VizieR,J/A+A/409/115/table1,1,"New 2cm VLA observations of the IRAS 1Jy ULIRG sample. ( Nagar N.M., Wilson A.S., Falcke H., Veilleux S., Maiolino R.)"
VizieR,J/MNRAS/465/588/tablea1,1,"Details of the QGPs observed by us ( Dutta R., Srianand R., Gupta N., Momjian E., Noterdaeme P., Petitjean P., Rahmani H.)"
VizieR,J/A+A/542/A83/AGNs,1,"List of all the excess variance computed,  in the 2-10keV band, with 10, 20, 40 and 80ks intervals ( Ponti G., Papadakis I., Bianchi S., Guainazzi M., Matt G., Uttley P., Bonilla N.F.)"
VizieR,J/A+A/439/487/nuker,1,"Nuker law parameters of radio galaxies (tables 1, 2 and 3 of paper) ( De Ruiter H.R., Parma P., Capetti A., Fanti R., Morganti R., Santantonio L.)"
VizieR,J/ApJ/660/1072/table3,1,"The broad-line Seyfert 1 sample ( Wang J.-M., Zhang E.-P.)"
VizieR,J/MNRAS/430/3086/tablea5,1,"Revised redshift for sources in the CoNFIG catalogue ( Gendre M.A., Best P.N., Wall J.V., Ker L.M.)"
VizieR,J/A+A/590/A29/fitgal,1,"Catalog of galaxies ( Poudel A., Heinamaki P., Nurmi P., Teerikorpi P., Tempel E., Lietzen H., Einasto M.)"
VizieR,J/A+A/495/421/CAIXA,1,"Catalogue of AGN In the XMM-Newton Archive ( Bianchi S., Guainazzi M., Matt G., Fonseca Bonilla N., Ponti G.)"
VizieR,J/ApJ/763/42/table1,1,"SN sample ( Ofek E.O., Fox D., Cenko S.B., et al.)"
VizieR,J/AJ/155/188/table7,1,"Radio galaxy used in Section 2 ( Lin Y.-T., Huang H.-J., Chen Y.-C.)"
VizieR,J/ApJ/789/104/table1,1,"SN Sample ( Ofek E.O., Sullivan M., Shaviv N.J., Steinbok A., Arcavi I., Gal-Yam A., Tal D., Kulkarni S.R., Nugent P.E., Ben-Ami S., Kasliwal M.M., Cenko S.B., Laher R., Surace J., Bloom J.S., Filippenko A.V., Silverman J.M., Yaron O.)"
VizieR,J/ApJS/175/314/table1,1,"VSOP AGN Survey source list ( Dodson R., Fomalont E.B., Wiik K., et al.)"
VizieR,J/ApJ/859/53/table1,1,"Major properties of the MUSE medium-deep fields ( Marino R. A., Cantalupo S., Lilly S.J., et al.)"
VizieR,J/ApJ/881/154/blazars,1,"The SED parameters associated with the modeling of the broadband emission of BAT blazars (Table 4) and various jet powers (Table 5) ( Paliya V.S., Koss M., Trakhtenbrot B., Ricci C., Oh K., Ajello M., Stern D., Powell M.C., Urry C.M., Harrison F., Lamperti I., Mushotzky R., Marcotulli L., Mejia-Restrepo J., Hartmann D.)"
VizieR,J/ApJ/919/62/table3,1,"WB86 (Wills & Browne 1986ApJ...302...56W) properties (section 3.1) ( Runnoe J.C.,Boroson T.)"
VizieR,J/A+A/363/887/table1,1,"Candidates observed with the VLA ( Dallacasa D., Stanghellini C., Centonza M., Fanti R.)"
VizieR,J/AJ/152/12/table1,1,"AGN properties ( Lister M.L., Aller M.F., Aller H.D., Homan D.C., Kellermann K.I., Kovalev Y.Y., Pushkarev A.B., Richards J.L., Ros E., Savolainen T.)"
VizieR,J/AJ/126/119/table2,1,"Radio flux limits ( Rizza E., Morrison G.E., Owen F.N., Ledlow M.J., Burns J.O., Hill J.)"
VizieR,J/ApJ/730/19/comp,1,"Spectroscopic properties and SEDs of  composite sources ( Sargsyan L., Weedman D., Lebouteiller V., Houck J., Barry D., Hovhannisyan A., Mickaelian A.)"
VizieR,J/MNRAS/439/1648/table1,1,"Basic object properties and nuclear 12 & 18um continuum fluxes/ratios ( Asmus D., Hoenig S.F., Gandhi P., Smette A., Duschl W.J.)"
VizieR,J/ApJ/803/109/results,1,"AGN properties derived from decomposition and parameters for best-fitting model (tables 2 and 1) ( Hernan-Caballero A., Alonso-Herrero A., Hatziminaoglou E., Spoon H.W.W., Ramos Almeida C., Diaz Santos T., Honig S.F., Gonzalez-Martin O., Esquej P.)"
VizieR,J/ApJ/905/55/asess,1,"Bright-PAH in the AKARI-Spitzer Extragalactic Spectral Survey (ASESS) list (Table 1) and observations (Table 6) ( Lai T.S.-Y., Smith J.D.T., Baba S., Spoon H.W.W., Imanishi M.)"
VizieR,J/MNRAS/449/3191/table1,1,"Infrared photometric data of nearby RLGs ( Yang X.-H., Chen P.-S., Huang Y.)"
HEASARC,romabzcat,1,Roma-BZCAT Multi-Frequency Catalog of Blazars
VizieR,J/MNRAS/450/2658/blaears,1,"Radio fluxes of the 123 sources (tables 2 and 3) ( Mufakharov T.V., Mingaliev M.G., Sotnikova Yu.V., Ya.V. Naiden, Erkenov A.K.)"
VizieR,J/ApJ/888/92/table1,1,"Observations ( Larson K.L., Diaz-Santos T., Armus L., Privon G.C., Linden S.T., Evans A.S., Howell J., Charmandaris V., U. V, Sanders D.B., Stierwalt S., Barcos-Munoz L., Rich J., Medling A., Cook D., Oklopcic A., Murphy E.J., Bonfini P.)"
VizieR,J/ApJS/258/29/table4,1,"The 6dF galaxies affected by the telluric contamination ( Chen Y.-P., Zaw I., Farrar G.R., Elgamal S.)"
VizieR,J/MNRAS/498/5885/tablea1,1,"Quantities used in this work for analyses ( Barat D., D'Eugenio F., Colless M., Sweet S.M., Groves B., Cortese L.)"
VizieR,J/ApJS/186/427/table2,1,"T-Type classification schemes ( Nair P.B., Abraham R.G.)"
VizieR,J/MNRAS/404/1321/tablea1,1,"Component structures for Galactic sight lines for which high-resolution (FWHM<2km/s) CaII spectra are available ( Welty D.E., Crowther P.A.)"
VizieR,J/ApJ/614/671/table1,1,"Properties of submillimeter-quiet optically faint {mu}Jy radio galaxies (OFRGs) ( Chapman S.C., Smail I., Blain A.W., Ivison R.J.)"
VizieR,J/ApJ/723/47/table1,1,"Redshift validation subset: 23 spectroscopically observed thermonuclear (TN) SNe (SN.Ia) ( Rodney S.A., Tonry J.L.)"
VizieR,J/MNRAS/477/845/modelcor,1,"*Catalogue of corrected photometry (tables 2+4) ( Gilhuly C., Courteau S.)"
VizieR,J/ApJ/699/1610/table4,1,"IRAC Flux Densities for Chapman et al. (2005, Cat. J/ApJ/622/772) SMG Sample ( Hainline L.J., Blain A.W., Smail I., Frayer D.T., Chapman S.C., Ivison R.J., Alexander D.M.)"
VizieR,J/ApJS/153/119/table2,1,"Spectroscopic coverage of the US survey ( Mitchell K.J., Usher P.D.)"
VizieR,J/ApJ/616/71/table1,1,"Photometry of submillimeter-detected galaxies (SMGs) and optically faint {mu}Jy radio galaxies (OFRGs) ( Smail I., Chapman S.C., Blain A.W., Ivison R.J.)"
VizieR,J/A+A/550/A41/table1,1,"Source sample, with list of spectra ( Combes F., Garcia-Burillo S., Braine J., Schinnerer E., Walter F., Colina L.)"
VizieR,J/A+A/539/A48/table2,1,"Main properties of the sample of 195 Type 1 AGN analysed in this work ( Marchese E., Della Ceca R., Caccianiga A., Severgnini P., Corral A., Fanali R.)"
VizieR,J/ApJS/145/199/table2,1,"Object identification and log of optical observations ( Marziani P., Sulentic J.W., Zamanov R., Calvani M., Dultzin-Hacyan D., Bachev R., Zwitter T.)"
VizieR,J/AJ/134/169/table1,1,"Emission Line Objects in UDF Field ( Xu C., Pirzkal N., Malhotra S., et al.)"
VizieR,J/ApJ/927/91/table2,1,"Galaxies showing unwinding features ( Vulcani B., Poggianti B.M., Smith R., Moretti A., Jaffe Y.L., Gullieuszik M., Fritz J., Bellhouse C.)"
VizieR,J/ApJS/195/10/catalog,1,"the 4Ms source catalog (main and supplementary Chandra catalog, tables 3 and 6 of paper) ( Xue Y.Q., Luo B., Brandt W.N., et al.)"
VizieR,J/A+A/685/A25/tableb1,1,"Photometric properties and spectral energy distributions ( Andika I.T., Jahnke K., Onoue M., et al.)"
VizieR,J/A+A/574/A49/catalog,1,"Combined table from original tables ( Antonucci M., Talavera A., Vagnetti F., Trevese D., Comastri A., Paolillo M., Ranalli P., Vignali C.)"
VizieR,J/ApJ/738/69/table1,1,"Photometry of galaxies at 3.8<z<5.0 ( Shim H., Chary R.-R., Dickinson M., Lin L., Spinrad H., Stern D., Yan C.-H.)"
VizieR,J/A+A/416/35/table4,1,AGN not detected in the radio ( Wadadekar Y.)
VizieR,J/ApJ/869/123/table2,1,"The final Keck Lyman Continuum Spectroscopic (KLCS) sample ( Steidel C.C., Bogosavljevic M., Shapley A.E., Reddy N.A., Rudie G.C., Pettini M., Trainor R.F., Strom A.L.)"
VizieR,J/ApJ/778/128/grb,1,"GRB afterglow properties and host positions ( Perley D.A., Levan A.J., Tanvir N.R., Cenko S.B., Bloom J.S., Hjorth J., Kruhler T., Filippenko A.V., Fruchter A., Fynbo J.P.U., Jakobsson P., Kalirai J., Milvang-Jensen B., Morgan A.N., Prochaska J.X., Silverman J.M.)"
HEASARC,vla3701p4,1,VLA A370 Cluster of Galaxies 1.4-GHz Source Catalog
VizieR,J/A+A/611/A94/table1,1,"Information concerning the clusters of the MACS-Planck RHCP ATCA sample ( Martinez Aviles G., Johnston-Hollitt M., Ferrari C., et al.)"
VizieR,J/A+A/608/A122/table1,1,"List of the program quasars ( Sulentic J.W., Del Olmo A., Marziani P., Martinez-Carballo M.A., D'Onofrio M., Dultzin D., Perea J., Martinez-Aldama M.L., Negrete C.A., Stirpe G.M., Zamfir S.)"
VizieR,J/ApJS/146/125/table2,1,"*Results for O VI in the Thick Disk of the Milky Way ( Savage B.D., Sembach K.R., Wakker B.P., Richter P., Meade M., Jenkins E.B., Shull J.M., Moos H.W., Sonneborn G.)"
VizieR,J/ApJ/819/24/table1,1,"Optical and WISE photometry of 725 published z>4.5 quasars ( Wang F., Wu X.-B., Fan X., Yang J., Yi W., Bian F., McGreer I.D., Yang Q., Ai Y., Dong X., Zuo W., Jiang L., Green R., Wang S., Cai Z., Wang R., Yue M.)"
VizieR,J/A+A/611/A76/tablec2,1,"*Dust-corrected metallicities and depletions for the large sample ( De Cia A., Ledoux C., Petitjean P., Savaglio S.)"
VizieR,J/MNRAS/458/56/table1,1,"Summary of tera-electron-volt blazars ( Wierzcholska A., Wagner S.J.)"
VizieR,J/MNRAS/469/3946/table1,1,"Multiply imaged systems ( Lagattuta D.J., Richard J., Clement B., Mahler G., Patricio V., Pello R., Soucail G., Schmidt K.B., Wisotzki L., Martinez J., Bina D.)"
VizieR,J/MNRAS/469/3946/table2,1,"Cluster members ( Lagattuta D.J., Richard J., Clement B., Mahler G., Patricio V., Pello R., Soucail G., Schmidt K.B., Wisotzki L., Martinez J., Bina D.)"
VizieR,J/ApJS/135/227/egal,1,"FBQS candidate list: AGNs and galaxies ( Becker R.H., White R.L., Gregg M.D., Laurent-Muehleisen S.A., Brotherton M.S., Impey C.D., Chaffee F.H., Richards G.T., Helfand D.J., Lacy M., Courbin F., Proctor D.D.)"
VizieR,J/MNRAS/495/4040/tableb3,1,"Host galaxy properties for the DES SLSN sample ( Wiseman P., Smith M., Childress M., et al.)"
VizieR,J/AJ/141/1/goods,1,"Spitzer and ancillary data in the GOODS North  and South fields ( Teplitz H.I., Chary R., Elbaz D., Dickinson M., Bridge C., Colbert J., Le Floc'h E., Frayer D.T., Howell J.H., Koo D.C., Papovich C., Phillips A., Scarlata C., Siana B., Spinrad H., Stern D.)"
VizieR,J/ApJ/693/1713/table2,1,"X-ray, optical and mid-IR properties of the X-ray sources in the ECDF-S ( Treister E., Virani S., Gawiser E., Urry C.M., Lira P., Francke H., Blanc G.A., Cardamone C.N., Damen M., Taylor E.N., Schawinski K.)"
VizieR,J/ApJS/224/33/table2,1,"CLASH-VLT spectroscopic redshift catalog of MACS J0416.1-2403 ( Balestra I., Mercurio A., Sartoris B., et al.)"
VizieR,J/ApJ/923/223/table1,1,"QSO spectra used in this work ( Zhu Y., Becker G.D., Bosman S.E.I., Keating L.C., Christenson H.M., Banados E., Bian F., Davies F.B., D'Odorico V., Eilers A.-C., Fan X., Haehnelt M.G., Kulkarni G., Pallottini A., Qin Y., Wang F., Yang J.)"
VizieR,J/MNRAS/485/586/table1,1,"Description of the galaxy cluster sample ( Rodriguez-Munoz L., Rodighiero G., Mancini C., et al.)"
VizieR,J/MNRAS/421/2888/sample,1,"Combined table from original tables ( Rodrigues M., Puech M., Hammer F., Rothberg B., Flores H.)"
VizieR,J/MNRAS/511/572/table3,1,"List of newly discovered QSOs with redshifts between 4.7 <= z < 5.5 ( Onken C.A., Wolf C., Bian F., Fan X., Hon W.J., Raithel D., Tisserand P., Lai S.)"
VizieR,J/MNRAS/455/1796/tableb1,1,"IDEOS redshift table ( Hernan-Caballero A., Spoon H.W.W., Lebouteiller V., Rupke D.S.N., Barry D.P.)"
VizieR,J/ApJ/910/105/table1,1,"Coordinates and calibrators for each of the 3 target clusters, as well as the on-source integration times for each of the configuration/band pairings ( Heywood I., Murphy E.J., Jimenez-Andrade E.F., Armus L., Cotton W.D., DeCoursey C., Dickinson M., Lazio T.J.W., Momjian E., Penner K., Smail I., Smirnov O.M.)"
VizieR,J/AJ/166/271/table3,1,"FEROS radial velocity and stellar activity measurements along with their uncertainties ( Eberhardt J., Hobson M.J., Henning T., et al.)"
VizieR,J/A+A/694/A146/tablea2,1,"Parameters for the 125 candidates that passed the S1 and S2 criteria ( Townsend A., Nordin J., Sagues Carracedo A., et al.)"
VizieR,J/ApJ/895/32/table3,1,"BTS Host Galaxies ( Fremling C., Miller A.A., Sharma Y., et al.)"
VizieR,J/A+A/459/693/table2,1,"The X-ray spectral fitting results for the 153 sources of our XMM-Newton/SDSS sample ( Akylas A., Georgantopoulos I., Georgakakis A., Kitsionas S., Hatziminaoglou E.)"
HEASARC,intibisagn,1,INTEGRAL IBIS AGN Catalog
VizieR,J/MNRAS/473/30/tablea1,1,"The catalog of Ly{alpha} emitters ( Caruana J., Wisotzki L., Herenz E.C., Kerutt J., Urrutia T., Schmidt K.B., Bouwens R., Brinchmann J., Cantalupo S., Carollo M., Diener C., Drake A., Garel T., Marino R.A., Richard J., Saust R., Schaye J., Verhamme A.)"
VizieR,J/MNRAS/458/84/tablea4,1,"UV data ( Angus C.R., Levan A.J., Perley D.A., Tanvir N.R., Lyman J.D., Stanway E.R., Fruchter A.S.)"
HEASARC,atlasspecz,1,AT Large Area Survey (ATLAS) Spectroscopic Classes & Redshifts C
HEASARC,vlacdfscat,1,VLA Survey of Chandra Deep Field South
VizieR,J/A+A/488/73/table2,1,"Catalogue of the variable objects ( Trevese D., Boutsia K., Vagnetti F., Cappellaro E., Puccetti S.)"
VizieR,J/MNRAS/446/3199/tabled1,1,"Catalogue of the long-term variable candidates ( Garcia-Gonzalez J., Alonso-Herrero A., Perez-Gonzalez P.G., Hernan-Caballero A., Sarajedini V.L., Villar V.)"
VizieR,J/AJ/153/114/table4,1,"Ultra-compact Dwarf Radial Velocities ( Forbes D.A., Alabi A., Brodie J.P., Romanowsky A.J., Strader J., Foster C., Usher C., Spitler L., Bellstedt S., Pastorello N., Villaume A., Wasserman A., Pota V.)"
VizieR,J/ApJ/852/53/table9,1,"*List of the binary-driven hypernovae (BdHNe) considered in this work ( Ruffini R., Wang Y., Aimuratov Y., et al.)"
VizieR,J/ApJ/647/303/table3,1,"*White dwarfs ( Brown W.R., Geller M.J., Kenyon S.J., Kurtz M.J.)"
VizieR,J/ApJS/250/26/table1,1,"All observed sources with secure redshift identification ( Boutsia K., Grazian A., Calderone G., Cristiani S., Cupani G., Guarneri F., Fontanot F., Amorin R., D'Odorico V., Giallongo E., Salvato M., Omizzolo A., Romano M., Menci N.)"
VizieR,J/A+A/598/A134/tablea1,1,"The 150 new gamma-ray signatures detected down to TS>10 level ( Arsioli B., Chang Y.-L.)"
VizieR,J/ApJ/738/162/table3,1,"SDSS-II z_host_-Ia Candidates ( Sako M., Bassett B., Connolly B., Dilday B., Cambell H., Frieman J.A., Gladney L., Kessler R., Lampeitl H., Marriner J., Miquel R., Nichol R.C., Schneider D.P., Smith M., Sollerman J.)"
VizieR,J/MNRAS/483/2057/table3,1,"MDLM-VAC The MaNGA Deep Learning Morphological VAC ( Fischer J.-L., Dominguez Sanchez H., Bernardi M.)"
VizieR,J/MNRAS/466/2570/tableb,1,"Identifiers and fundamental properties (table B1) and Photometric and morphological properties (table B2) of the galaxy used in this work ( Belfiore F., Maiolino R., Maraston C., et al.)"
VizieR,J/A+A/414/487/table3,1,"List of the 76 known AGN brighter than O(USNO)=16.5, located within 35"" of a ROSAT-FSC source ( Veron-Cetty M.-P., Balayan S.K., Mickaelian A.M., Mujica R., Chavushyan V., Hakopian S.A., Engels D., Veron P., Zickgraf F.-J., Voges W., Xu D.-W.)"
VizieR,J/ApJ/900/9/table1,1,"summary ( Lehner N., Berek S.C., Howk J.C., et al.)"
VizieR,J/MNRAS/477/845/modelunc,1,"Catalogue of uncorrected photometry ( Gilhuly C., Courteau S.)"
VizieR,J/A+A/445/765/edge,1,"Catalog of edge-on galaxies ( Kautsch S.J., Grebel E.K., Barazza F.D., Gallagher J.S.III)"
VizieR,J/MNRAS/466/3309/table1,1,"Information on the sources studied for flux variability ( Rani P., Stalin C.S., Rakshit S.)"
VizieR,J/AJ/144/168/table1,1,"HIRES observations and data quality ( Kirby E.N., Cohen J.G.)"
HEASARC,caixa,1,Catalog of AGN in the XMM-Newton Archive
VizieR,J/A+A/501/851/table3,1,"WINGS-NIR clusters sample with relevant useful quantities ( Valentinuzzi T., Woods D., Fasano G., Riello M., D'Onofrio M., Varela J., Bettoni D., Cava A., Couch W.J., Dressler A., Fritz J., Moles M., Omizzolo A., Poggianti B.M., Kjaergaard P.)"
VizieR,J/ApJ/695/259/table1,1,"Low-metallicity mass-metallicity outliers ( Peeples M.S., Pogge R.W., Stanek K.Z.)"
VizieR,J/A+A/536/A84/table2,1,"Swift sample ( Vagnetti F., Turriziani S., Trevese D.)"
VizieR,J/MNRAS/492/719/catalog,1,"Catalog ( Timlin J., Brandt W.N., Ni Q., Luo B., Schneider D., Vivek M., Yi W.)"
VizieR,J/MNRAS/306/857/table3,1,"Clusters in the BCS for which we do not have a spectrum of the central cluster galaxy ( Crawford C.S., Allen S.W., Ebeling H., Edge A.C., Fabian A.C.)"
VizieR,J/ApJ/754/45/table1,1,"*Infrared and X-ray properties of the AGNs in the nine-month Swift/BAT catalog ( Ichikawa K., Ueda Y., Terashima Y., Oyabu S., Gandhi P., Matsuta K., Nakagawa T.)"
HEASARC,atlasesid,1,AT Large Area Survey (ATLAS) ELAIS-S1/SWIRE ID and Classificatio
VizieR,J/A+A/670/A60/tableb1,1,"Catalog of the spectroscopic and photometric cluster members included in the SL modeling of A2744 ( Bergamini P., Acebron A., Grillo C., Rosati P., Caminha G.B., Mercurio A., Vanzella E., Angora G., Brammer G., Meneghetti M., Nonino M.)"
VizieR,J/ApJS/235/14/table1,1,"Hubble Frontier Fields ( Shipley H.V., Lange-Vagle D., Marchesini D., Brammer G.B., Ferrarese L., Stefanon M., Kado-Fong E., Whitaker K.E., Oesch P.A., Feinstein A.D., Labbe I., Lundgren B., Martis N., Muzzin A., Nedkova K., Skelton R., Van Der Wel A.)"
VizieR,J/ApJ/713/330/table4,1,"Galaxies in the control sample and their KPAIR matches (non-AGN spirals) ( Xu C.K., Domingue D., Cheng Y.-W., Lu N., Huang J., Gao Y., Mazzarella J.M., Cutri R., Sun W.-H., Surace J.)"
VizieR,J/A+A/681/A69/tablea1,1,"Sources observed during the first three S band epochs ( Benke P., Roesch F., Ros E., Kadler M., Ojha R., Edwards P.G., Horiuchi S., Hyland L.J., Phillips C., Quick J.F.H., Stevens J., Tzioumis A.K., Weston S.)"
HEASARC,uvqs,1,UV-Bright Quasar Survey (UVQS) DR1 Catalog
VizieR,J/MNRAS/398/1129/samples,1,"Parameters of the galaxies in the 3 samples  CEN, SAT-S1 and SAT-S2 ( Guo Y., McIntosh D.H., Mo H.J., Katz N., van den Bosch F.C., Weinberg M., Weinmann S.M., Pasquali A., Yang X.)"
VizieR,J/A+A/653/L6/table1,1,"Complete list of strong lens candidates from visual inspection of the highest neural network scores ( Canameras R., Schuldt S., Shu Y., Suyu S.H., Taubenberger S., Meinhardt T., Leal-Taixe L., Chao D.C.-Y., Inoue K.T., Jaelani A.T., More A.)"
VizieR,J/ApJS/209/20/table9,1,"GRB catalog ( Grupe D., Nousek J.A., Veres P., Zhang B.-B., Gehrels N.)"
VizieR,J/A+A/561/A140/qsos,1,"The observed galaxies, and their BUDDA fit parameters J, H and K bands ( Busch G., Zuther J., Valencia-S. M., Moser L., Fischer S., Eckart A., Scharwachter J., Gadotti D.A., Wisotzki L.)"
VizieR,J/PASJ/65/103/pah3,1,"Basic properties of the galaxies with a significant (table1) or non-significant (table2) detection of the PAH 3.3{mu}m emission feature ( Yamada R., Oyabu S., Kaneda H., Yamagishi M., Ishihara D., Kim J.H., Im M.)"
VizieR,J/AJ/90/2089/table3,1,"Velocities of standard stars ( Beers T.C., Preston G.W., Shectman S.A.)"
VizieR,J/ApJS/176/301/table2,1,"Ly{alpha} emitters with spectroscopic redshifts ( Ouchi M., Shimasaku K., Akiyama M., Simpson C., Saito T., Ueda Y., Furusawa H., Sekiguchi K., Yamada T., Kodama T., Kashikawa N., Okamura S., Iye M., Takata T., Yoshida M., Yoshida M.)"
VizieR,J/MNRAS/372/741/table3,1,"The full 100 microJy catalogue ( Simpson C., Martinez-Sansigre A., Rawlings S., Ivison R., Akiyama M., Sekiguchi K., Takata T., Ueda Y., Watson M.)"
VizieR,J/MNRAS/481/4158/table1,1,"The 1959 massive clusters of galaxies identified from the SDSS and WISE ( Wen Z.L., Han J.L.)"
VizieR,J/ApJS/268/24/table4,1,"List of objects with spectroscopic confirmation in our LAE catalogs ( Kikuta S., Ouchi M., Shibuya T., Liang Y., Umeda H., Matsumoto A., Shimasaku K., Harikane Y., Ono Y., Inoue A.K., Yamanaka S., Kusakabe H., Momose R., Kashikawa N., Matsuda Y., Lee C.-H.)"
VizieR,J/A+A/672/A164/tablea,1,"Properties of the radio sources in our (tables 1 and 2 ( Poitevineau R., Castignani G., Combes F.)"
HEASARC,xmmlssclas,1,XMM-Newton Large-Scale Structure Optical Counterparts and Redshi
VizieR,J/AJ/137/3731/table1,1,"ESSENCE spectroscopic targets ( Foley R.J., Matheson T., Blondin S., et al.)"
VizieR,J/A+A/660/A59/rq422,1,"Radio quasar (RQ) catalog from Kimball et al. (2011, Cat. J/AJ/141/182) after refinement ( Mahato M., Dabhade P., Saikia D.J., Combes F., Bagchi J., Ho L.C., Raychaudhury S.)"
HEASARC,vlasxdf1p4,1,VLA Subaru/XMM-Newton Deep Field 1.4-GHz Source Catalog
VizieR,J/PASJ/70/S36/table2,1,"Results of SED fits ( Terashima Y., Suganuma M., Akiyama M., Greene J.E., Kawaguchi T., Iwasawa K., Nagao T., Noda H., Toba Y., Ueda Y., Yamashita T.)"
VizieR,J/ApJ/852/81/slsne,1,"Superluminous SNe from PS1 Medium Deep Survey and derived properties (tables 1, 2 and 5) ( Lunnan R., Chornock R., Berger E., et al.)"
VizieR,J/MNRAS/513/1175/table2cs,1,"Dusty-starburst complementary- multiband photometry ( Espino-Briones N., Perez-Gonzalez P.G., Zamorano J., Rodriguez-Munoz L.)"
VizieR,J/MNRAS/449/4010/tablea3,1,"Spectroscopic redshifts of galaxies in the direction of ACT-CL J0219.9+0129 measured using SALT RSS ( Kirk B., Hilton M., Cress C., et al.)"
VizieR,J/MNRAS/481/4158/tablea1,1,"Parameters of 45 clusters with known mass (M500) from literature ( Wen Z.L., Han J.L.)"
VizieR,J/ApJ/894/78/lens,1,"Grade A (Table 1), B (Table 2) and C (Table 3) candidates ( Huang X., Storfer C., Ravi V., et al.)"
VizieR,J/MNRAS/493/2745/dr14quv,1,"GALEX UV data for SDSS DR14Q ( Vanden Berk D.E., Wesolowski S.C., Yeckley M.J., Marcinik J.M., Quashnock J.M., Machia L.M., Wu J.)"
VizieR,J/AJ/112/62/table1,1,"Additional quasar in absorption-line (AL) sample, not in JHB (Cat. J/ApJS/77/203) ( Tanner A.M., Bechtold J., Walker C.E., Black J.H., Cutri R.M.)"
VizieR,J/ApJ/811/117/table1,1,"Supernova sample ( Strotjohann N.L., Ofek E.O., Gal-Yam A., Sullivan M., Kulkarni S.R., Shaviv N.J., Fremling C., Kasliwal M.M., Nugent P.E., Cao Y., Arcavi I., Sollerman J., Filippenko A.V., Yaron O., Laher R., Surace J.)"
VizieR,J/A+A/685/A168/tablea1,1,"IR spectroscopic information and stellar properties for Star-forming Galaxies (SFG) ( Perez-Diaz B., Perez-Montero E., Fernandez-Ontiveros J.A., Vilchez J.M., Hernan-Caballero A., Amorin R.)"
VizieR,J/A+A/458/427/table1,1,"Parameters of the quasars ( Janknecht E., Reimers D., Lopez S., Tytler D.)"
VizieR,J/ApJ/693/1484/table3,1,"P60-Swift early optical afterglow sample ( Cenko S.B., Kelemen J., Harrison F.A., Fox D.B., Kulkarni S.R., Kasliwal M.M., Ofek E.O., Rau A., Gal-Yam A., Frail D.A., Moon D.-S.)"
VizieR,J/MNRAS/491/4925/tablea1,1,"CLQs reported in the literature with CRTS coverage and associated features ( Graham M.J., Ross N.P., Stern D., Drake A.J., McKernan B., Ford K.E.S., Djorgovski S.G., Mahabal A.A., Glikman E., Larson S., Christensen E.)"
VizieR,J/ApJ/820/66/table1,1,"The Data of Our GRB Sample ( Deng C.-M., Wang X.-G., Guo B.-B., Lu R.-J., Wang Y.-Z., Wei J.-J., Wu X.-F., Liang E.-W.)"
HEASARC,swbat105m,1,Swift-BAT 105-Month All-Sky Hard X-Ray Survey
VizieR,J/ApJ/710/1498/table4,1,"Deep Lens Survey (DLS) candidates ( Glikman E., Bogosavljevic M., Djorgovski S.G., Stern D., Dey A., Jannuzi B.T., Mahabal A.)"
VizieR,J/A+A/684/A93/table1,1,"Astrometric positional variability deduced from VLBI time series computed from the full geodetic VLBI data base along with the fractional variability taken from Gaia DR3 ( Lambert S., Secrest N.J.)"
VizieR,J/ApJ/884/66/table1,1,"List of GRBs in the sample ( Gatkine P., Veilleux S., Cucchiara A.)"
VizieR,J/ApJ/742/89/table1,1,"Object information ( Foley R.J., Sanders N.E., Kirshner R.P.)"
VizieR,J/ApJS/168/19/tables,1,"Optical and X-Ray properties of Chandra sources in the five cluster's ACS fields (tables 4-8 of the paper) ( Martel A.R., Menanteau F., Tozzi P., Ford H.C., Infante L.)"
VizieR,J/MNRAS/495/4707/tablea1,1,"List of flux ratios measurements of the rest-frame UV and optical of HzRGs from the literature ( Silva M., Humphrey A., Lagos P., Morais S.G.)"
VizieR,J/MNRAS/384/1611/table3,1,"Catalogue of source positions, submm fluxes and uncertainties ( Knudsen K.K., Van Der Werf P.P., Kneib J.-P.)"
VizieR,J/ApJ/724/714/tablea1,1,"Data for galaxies in MS1054-03 ( Holden B.P., van der Wel A., Kelson D.D., Franx M., Illingworth G.D.)"
VizieR,J/ApJ/905/57/sample,1,"data (Table 2), IRAS data (Table 3), 9.7um Silicate and Balmer data (Table 4), derived OH integrated flux values (Table 5) and equivalent widths (Table 6) ( Runco J.N., Malkan M.A., Fernandez-Ontiveros J.A., Spinoglio L., Pereira-Santaella M.)"
VizieR,J/A+A/653/A83/list,1,"List of GRB host galaxies with spectra ( Vielfaure J.-B., Vergani S.D., Gronke M., Japelj J., Palmerio J.T., Fynbo J.P.U., Malesani D.B., Milvang-Jensen B., Salvaterra R., Tanvir N.R.)"
HEASARC,sixsrvycat,1,Swift-INTEGRAL X-Ray (SIX) Survey Catalog
VizieR,J/ApJ/873/132/table1,1,"Best quality radio-optical reference frame objects ( Makarov V.V., Berghea C.T., Frouard J., Fey A., Schmitt H.R.)"
VizieR,J/ApJ/923/215/sample,1,"Measured physical characteristics (Table 2) and photometry (Table 3) of the 2mm detected sample ( Casey C.M., Zavala J.A., Manning S.M., et al.)"
VizieR,J/ApJS/268/24/table5,1,"List of lower redshift objects in our LAE catalogs ( Kikuta S., Ouchi M., Shibuya T., Liang Y., Umeda H., Matsumoto A., Shimasaku K., Harikane Y., Ono Y., Inoue A.K., Yamanaka S., Kusakabe H., Momose R., Kashikawa N., Matsuda Y., Lee C.-H.)"
VizieR,J/MNRAS/468/4992/table1,1,"Source properties ( Pushkarev A.B., Kovalev Y.Y., Lister M.L., Savolainen T.)"
VizieR,J/MNRAS/467/2127/field1,1,"Field 1 (tables C2 and C6) ( Pranger F., Trujillo I., Kelvin L.S., Cebrian M.)"
VizieR,J/MNRAS/426/851/GRQs,1,"List of Giant Radio Quasars:  largest (>0.72Mpc) and smaller (<0.72Mpc) radio quasars ( Kuzmicz A., Jamrozy M.)"
VizieR,J/ApJ/943/167/sample,1,"Source from Kerby+ 2021, J/ApJ/923/75: blazar candidates (Table 2) and association results based on the neural network probabilities (Table 3) ( Kaur A., Kerby S., Falcone A.D.)"
VizieR,J/ApJS/247/53/table4,1,"The Radio sources associated with Optical Galaxies and having Unresolved or Extended morphologies I (ROGUE I) catalog ( Koziel-Wierzbowska D., Goyal A., Zywucka N.)"
VizieR,J/MNRAS/416/727/table3,1,"Galaxies in groups with their properties ( Calvi R., Poggianti B.M., Vulcani B.)"
VizieR,J/A+A/568/L8/eelg,1,"Properties and emission line fluxes of  extreme emission line galaxies in VUDS ( Amorin R. , Sommariva V., Castellano M., et al.)"
VizieR,J/AJ/134/579/table2,1,"Catalog of morphologically classified galaxies ( Fukugita M., Nakamura O., Okamura S., Yasuda N., Barentine J.C., Brinkmann J., Gunn J.E., Harvanek M., Ichikawa T., Lupton R.H., Schneider D.P., Strauss M.A., York D.G.)"
VizieR,J/MNRAS/478/4293/tablea1,1,"Metallicity, mass, SFR and morphological properties ( Carton D., Brinchmann J., Contini T., Epinat B., Finley H., Richard J., Patricio V., Schaye J., Nanayakkara T., Weilbacher P.M., Wisotzki)"
VizieR,J/ApJ/799/148/table1,1,"DEIMOS z~0.7 sample - Galaxy properties ( Bezanson R., Franx M., van Dokkum P.G.)"
VizieR,J/A+A/693/A61/tablea1,1,"Basic radio properties of group galaxies in COSMOS ( Vardoulaki E., Gozaliasl G., Finoguenov A., Novak M., Khosroshahi H.G.)"
VizieR,J/A+A/663/L7/sample,1,"Properties of the final sample ( Sacchi A., Risaliti G., Signorini M., Lusso E., Nardini E., Bargiacchi G., Bisogni S., Civano F., Elvis M., Fabbiano G., Gilli R., Trefoloni B., Vignali C.)"
VizieR,J/MNRAS/418/1055/tablea1,1,"The BOSS-COSMOS cross match sample ( Masters K.L., Maraston C., Nichol R.C., et al.)"
VizieR,J/MNRAS/441/1017/table4,1,"Photometry for 7 galaxies in COSMOS ( Rowlands K., Dunne L., Dye S., Aragon-Salamanca A., Maddox S., da Cunha E., Smith D.J.B., Bourne N., Eales S., Gomez H.L., Smail I., Alpaslan M., Clark C.J.R., Driver S., Ibar E., Ivison R.J., Robotham A., Smith M.W.L., Valiante E.)"
VizieR,J/ApJ/931/16/table3,1,"*Clump Scout catalog ( Adams D., Mehta V., Dickinson H., Scarlata C., Fortson L., Kruk S., Simmons B., Lintott C.)"
VizieR,J/MNRAS/318/333/table1,1,"The low-flux extension to the ROSAT Brightest Cluster Sample ( Ebeling H., Edge A.C., Allen S.W., Crawford C.S., Fabian A.C., Huchra J.P.)"
VizieR,J/ApJ/801/44/clusters,1,"CLASH cluster sample properties from Postman et al., 2012, J/ApJS/199/25, tables 3 and 4 ( Zitrin A., Fabris A., Merten J., et al.)"
VizieR,J/ApJ/859/101/fullz,1,"The Pantheon with updated heliocentric redshifts (from lcparam_full_long_zhel.txt) ( Scolnic D.M., Jones D.O., Rest A., et al.)"
VizieR,J/ApJ/661/L143/table1,1,"The Seyfert Galaxy Sample ( Wang J.-M., Chen Y.-M., Yan C.-S., Hu C., Bian W.-H.)"
VizieR,J/ApJ/736/42/tables,1,"QSOs observed with STIS and FOS and a few observation details ( Ribaudo J., Lehner N., Howk J.C.)"
VizieR,J/MNRAS/440/1248/lrgbt1v,1,"Type1 voids from lrgbright in comoving coordinates ( Nadathur S., Hotchkiss S.)"
VizieR,J/ApJS/184/230/sample,1,"The starburst galaxy sample ( Bernard-Salas J., Spoon H.W.W., Charmandaris V., Lebouteiller V., Farrah D., Devost D., Brandl B.R., Wu Y., Armus L., Hao L., Sloan G.C., Weedman D., Houck J.R.)"
VizieR,J/AJ/135/1837/table2,1,"SDSS data for spectroscopically confirmed Virgo members ( Rines K., Geller M.J.)"
VizieR,J/ApJ/783/135/galaxies,1,"Fluxes from UV to FIR (tables 1--3) ( Amblard A., Riguccini L., Temi P., Im S., Fanelli M., Serra P.)"
VizieR,J/ApJ/922/155/galaxies,1,"81 [FeX]6374-emitting dwarf galaxies (Table 1) with [FeX]6374 measurements (Table 2) and emission line fluxes (Table 3) ( Molina M., Reines A.E., Latimer C.J., Baldassare V., Salehirad S.)"
VizieR,J/ApJ/698/895/qsos,1,"Quasars sample properties   and results from CAR(1) process fits to quasar light curves ( Kelly B.C., Bechtold J., Siemiginowska A.)"
VizieR,J/MNRAS/368/1411/table5,1,"The sample of 157 flat-spectrum ({alpha}^4.85^_1.40_<0.5) radio sources ( Augusto P., Gonzalez-Serrano J.I., Perez-Fournon I., Wilkinson P.N.)"
VizieR,J/A+A/564/A85/table1,1,"The C-B00-I cluster sample ( Muriel H., Coenda V.)"
VizieR,J/AJ/159/103/table2,1,"The Hyper Suprime-Cam Subaru Strategic Program (HSC-SSP) dwarf-dwarf merger catalog (and non-detections) ( Kado-Fong E., Greene J.E., Greco J.P., Beaton R., Goulding A.D., Johnson S.D., Komiyama Y.)"
VizieR,J/ApJ/569/689/table6,1,"X-ray Clusters of Galaxies ( Donahue M., Scharf C.A., Mack J., Lee Y.P., Postman M., Rosati P., Dickinson M., Voit G.M., Stocke J.T.)"
VizieR,J/MNRAS/505/4726/table6,1,"'Trusted Extended (TEX) sample' radio properties ( Keenan M., Meyer E.T., Georganopoulos M., Reddy K., French O.J.)"
VizieR,VII/224/table2,1,"Confirmed, probable or possible BL Lac objects ( Veron-Cetty M.P., Veron P.)"
VizieR,J/MNRAS/495/2265/tablea1,1,"Galaxy properties for the from the SAMI Galaxy Survey analysed in this work ( Varidel M.R., Croom S.M., Lewis G.F., et al.)"
HEASARC,sdssnbcqsc,1,Sloan Digital Sky Survey NBC Quasar Candidate Catalog
VizieR,J/MNRAS/488/2743/table1,1,"Properties of the Antlia 2 dwarf ( Torrealba G., Belokurov V., Koposov S.E., Li T.S., Walker M.G., Sanders J.L., Geringer-Sameth A., Zucker D.B., Kuehn K., Evans N.W., Dehnen W.)"
VizieR,J/ApJ/914/58/table1,1,"Cluster masses using SZ and X-ray proxies for the clusters in the Planck ESZ (see VIII/88) sample ( Andrade-Santos F., Pratt G.W., Melin J.-B., Arnaud M., Jones C., Forman W.R., Pointecouteau E., Bartalucci I., Vikhlinin A., Murray S.S., Mazzotta P., Borgani S., Lovisari L., van Weeren R.J., Kraft R.P., David L.P., Giacintucci S.)"
VizieR,J/A+A/544/A25/sources,1,"List of studied sources ( Mingaliev M.G., Sotnikova Yu.V., Torniainen I., Tornikoski M., Udovitskiy R.Yu.)"
VizieR,J/ApJ/910/46/gass,1,"Parameters of the Galactic anticenter substructure stars (GASS; table 1) and orbital parameters (Table 2) ( Li J., Xue X.-X., Liu C., Zhang B., Rix H.-W., Carlin J.L., Yang C., Mendez R.A., Zhong J., Tian H., Zhang L., Xu Y., Wu Y., Zhao G., Chang R.)"
VizieR,J/A+A/562/A79/table1,1,"Blazars sample ( Sandrinelli A., Covino S., Treves A.)"
VizieR,J/AJ/133/403/table1,1,"SuperMACHO Supernovae 2004 ( Garg A., Stubbs C.W., Challis P., et al.)"
VizieR,J/MNRAS/453/1201/tableb3,1,"X band fluxes ( Hogan M.T., Edge A.C., Hlavacek-Larrondo J., Grainge K.J.B., Hamer S.L., Mahony E.K., Russell H.R., Fabian A.C., McNamara B.R., Wilman R.J.)"
VizieR,J/ApJ/644/829/table456,1,"Obscured Type 2 AGNs, XBONGs (X-ray-bright, optically normal galaxies) and E+A Galaxies ( Kim D.-W., Barkhouse W.A., Romero-Colmenero E., Green P.J., Kim M., Mossman A., Schlegel E., Silverman J.D., Aldcroft T., Anderson C., Ivezic Z., Kashyap V., Tananbaum H., Wilkes B.J.)"
VizieR,J/ApJ/787/90/table1,1,"GRB Minimum Timescales ( Golkhou V.Z., Butler N.R.)"
VizieR,J/A+A/588/A141/table5,1,"MWACS-BZCat sources ( Giroletti M., Massaro F., D'Abrusco R., et al.)"
VizieR,J/ApJ/473/713/table6,1,Low-redshift data ( Zirbel E.L.)
VizieR,J/A+A/436/457/table1,1,"Overall properties of the sample galaxies ( Gopal-Krishna, Ledoux C., Melnick J., Giraud E., Kulkarni V., Altieri B.)"
VizieR,J/A+A/514/A60/tablea1,1,"Members of J0454, ordered by increasing separation r from E0454 ( Schirmer M., Suyu S., Schrabback T., Hildebrandt H., Erben T., Halkola A.)"
VizieR,J/ApJ/659/1138/table2,1,"Information and measurements of Cl 0024, MS 0451, and field galaxies ( Moran S.M., Miller N., Treu T., Ellis R.S., Smith G.P.)"
VizieR,J/ApJS/189/1/survey,1,"Properties of the sources, and  polarimetry results ( Agudo I., Thum C., Wiesemeyer H., Krichbaum T.P.)"
VizieR,J/ApJS/233/3/table6,1,"The VLBA Extragalactic Proper Motion Catalog ( Truebenbach A.E., Darling J.)"
VizieR,J/ApJ/746/27/AGNs,1,"New and known AGNs behind the LMC ( Kozlowski S., Kochanek C.S., Jacyszyn A.M., Udalski A., Szymanski M.K., Poleski R., Kubiak M., Soszynski I., Pietrzynski G., Wyrzykowski L., Ulaczyk K., Pietrukowicz P.)"
VizieR,III/55/catalog,1,The compilation ( Mermilliod J.C.)
VizieR,J/A+A/488/867/table1,1,"The sample and the observational synchrotron peak frequencies obtained in this work ( Nieppola E., Valtaoja E., Tornikoski M., Hovatta T., Kotiranta M.)"
VizieR,J/ApJ/700/1097/table2,1,"SALT2 light curve fit parameters and distances ( Hicken M., Wood-Vasey W.M., Blondin S., Challis P., Jha S., Kelly P.L., Rest A., Kirshner R.P.)"
VizieR,J/ApJ/927/10/table1,1,"CCSNe with elliptical hosts analyzed in This Work ( Irani I., Prentice S.J., Schulze S., et al.)"
VizieR,J/ApJ/626/95/table1,1,"Figure-of-Merit-selected objects ( Sowards-Emmerd D., Romani R.W., Michelson P.F., Healey S.E., Nolan P.L.)"
VizieR,J/MNRAS/448/1060/tablea2,1,"The BL Lac objects considered in this paper, drawn from the S13 ( Ghisellini G., Tavecchio F.)"
VizieR,J/A+A/562/A64/table3,1,"Sample of 170 BL Lac objects in Wu et al. (2007, Cat. J/A+A/466/63) ( Wu Z., Jiang D., Gu M., Chen L.)"
VizieR,J/AJ/147/143/table1,1,"Sources and their spectral index properties ( Hovatta T., Aller M.F., Aller H.D., Clausen-Brown E., Homan D.C., Kovalev YU.Y., Lister M.L., Pushkarev A.B., Savolainen T.)"
VizieR,J/A+A/642/A153/rs,1,"A catalogue of radio sources with accurate sizes and other properties (added on 08-Nov-2022) ( Dabhade P., Mahato M., Bagchi J., Saikia D.J., Combes F., Sankhyayan S., Roettgering H.J.A., Ho L.C., Gaikwad M., Raychaudhury S., Vaidya B., Guiderdoni B.)"
VizieR,J/ApJ/870/31/table1,1,"The IR catalog of the Swift/BAT 70 month AGN survey ( Ichikawa K., Ricci C., Ueda Y., Bauer F.E., Kawamuro T., Koss M.J., Oh K., Rosario D.J., Shimizu T.T., Stalevski M., Fuller L., Packham C., Trakhtenbrot B.)"
VizieR,J/ApJ/740/98/table2,1,"TEX combined blazar source list ( Meyer E.T., Fossati G., Georganopoulos M., Lister M.L.)"
VizieR,J/MNRAS/498/1278/table1,1,"The radio measurements at 5.5GHz of the southern NLS1 sample ( Chen S., Jarvela E., Crepaldi L., Zhou M., Ciroi S., Berton M., Kharb P., Foschini L., Gu M., La Mura G., Vietri A.)"
VizieR,J/ApJ/907/67/table3,1,"HAWC power-law fits and significances for the revised 136 AGNs from the 3FHL catalog ( Albert A., Alvarez C., Camacho J.R.A., et al.)"
VizieR,J/ApJ/715/429/table3,1,"AGN ""affiliations"" for 1FGL sources ( Abdo A.A., Ackermann M., Ajello M., et al.)"
EXTERNAL,SDSSDR18,457844,"Sloan Digital Sky Survey Data Release 18 (Almeida, A. et al. 2023)"
EXTERNAL,PRIMUS,94130,"The PRIsm MUlti-object Survey (PRIMUS) (Coil, A. L. et al. 2011"
EXTERNAL,NED,852483,"NASA/IPAC Extragalactic Database (NED) (Helou, G. et al. 1991)"
EXTERNAL,HECATE,20286,"Heraklion Extragalactic Catalogue (HECATE) (Kovlakas, K.. et al. 2021)"
EXTERNAL,MADDOX,14389,"A spectroscopic census of the Fornax cluster and beyond (Maddox, N. et al. 2019)"
EXTERNAL,2dFLenS,70079,"2-degree Field Lensing Survey (Blake, C. et al. 2016)"
EXTERNAL,GLADE+,1374,"GLADE+: An Extended Galaxy Catalogue for Multimessenger Searches with Advanced Gravitational-wave Detectors (Dalya, G. et al. 2018)"
EXTERNAL,Gissel,46,Catalogue obtained from Gissel Montaguth (private communication)
EXTERNAL,DESI_DR1,10624339,"Dark Energy Spectroscopic Instrument (DESI) (Aghamousa, A. et al. 2016)"
EXTERNAL,MILLIQUAS,952960,"Flesch, E.W. The Million Quasars (MILLIQUAS) Catalog, Version 8 (2 August 2023)"
